cell,BACH2,BATF,BIRC5,CCR7,CD160,CDK1,CTLA4,CX3CR1,DNMT3A,EGR2,ENTPD1,GNLY,GZMB,GZMK,HAVCR2,IFNG,IKZF2,IL7R,KLRD1,KLRG1,LAG3,LEF1,MKI67,NKG7,NR4A1,NR4A2,NR4A3,PCNA,PDCD1,PRDM1,PRF1,SELL,SLAMF6,STMN1,TBX21,TCF7,TIGIT,TOP2A,TOX
ref_00000,6.056,3.743,3.349,7.153,3.743,3.743,3.743,4.024,3.743,3.743,3.743,4.024,3.743,3.349,3.349,3.349,4.024,6.699,4.024,3.349,3.743,5.955,3.743,3.349,4.024,3.349,3.743,3.743,4.024,3.743,3.743,6.682,5.99,3.743,3.349,6.938,4.024,4.024,3.349
ref_00001,6.419,3.164,3.836,6.706,3.836,3.164,3.836,3.164,3.164,3.836,3.164,3.164,3.164,3.164,3.164,3.836,3.836,6.524,3.836,3.836,3.164,6.419,3.164,3.836,3.836,3.836,3.836,3.836,3.836,3.164,3.836,6.168,5.763,3.164,4.235,6.951,3.836,3.836,3.836
ref_00002,6.072,3.968,3.572,6.841,3.572,2.907,3.968,3.572,3.968,3.572,3.572,3.572,3.572,3.572,2.907,3.572,3.968,6.946,3.572,3.968,3.572,6.22,2.907,3.572,3.572,2.907,2.907,3.572,2.907,3.572,3.968,6.49,5.687,3.572,3.968,6.702,2.907,3.572,3.572
ref_00003,5.837,2.944,2.944,6.027,3.61,3.61,3.61,3.61,3.61,3.61,3.61,2.944,3.61,4.007,3.61,2.944,3.61,6.762,3.61,2.944,2.944,6.555,3.61,3.61,2.944,2.944,3.61,3.61,3.61,3.61,4.007,6.861,6.15,2.944,3.61,6.555,3.61,3.61,3.61
ref_00004,6.296,3.635,3.635,6.841,3.635,3.916,3.916,3.635,3.635,3.243,3.635,3.635,3.243,3.635,3.635,3.243,3.916,6.225,4.135,3.243,3.243,6.462,3.243,3.243,3.635,3.635,3.916,3.635,3.916,3.635,3.916,7.085,6.383,3.916,3.635,6.929,3.635,3.916,3.916
ref_00005,6.025,3.526,3.526,6.882,3.922,3.526,3.922,3.922,3.526,3.922,3.526,3.526,3.922,4.205,3.526,3.922,3.526,6.332,3.526,3.922,3.922,6.756,3.922,3.526,4.205,3.526,3.922,3.526,3.922,3.526,3.922,6.865,6.389,3.922,3.526,7.024,4.205,3.922,3.526
ref_00006,6.405,3.05,3.05,6.915,3.719,3.719,3.719,3.719,3.719,3.719,3.05,4.117,3.05,3.05,3.719,3.719,3.719,6.559,3.05,3.719,3.719,6.223,3.05,3.05,3.719,3.719,3.719,3.05,3.719,3.719,3.05,6.223,5.713,4.117,3.719,6.741,3.05,3.719,3.719
ref_00007,6.63,3.762,3.368,6.533,3.762,3.762,3.368,3.762,4.043,3.762,3.762,3.368,3.762,3.368,3.762,2.708,4.043,6.63,3.762,3.762,3.762,6.611,4.043,3.762,3.368,3.762,3.368,3.762,3.762,3.368,3.368,7.162,6.533,3.368,3.762,7.106,3.368,4.043,3.762
ref_00008,6.343,3.596,2.93,6.847,3.993,2.93,2.93,3.596,3.596,2.93,3.596,2.93,3.596,3.596,3.596,3.596,3.993,6.638,3.596,3.596,3.993,6.056,3.596,3.596,3.596,2.93,3.596,3.596,2.93,3.993,3.596,6.488,6.173,3.596,3.596,6.59,3.993,3.596,3.993
ref_00009,6.48,3.933,3.538,6.554,2.873,4.216,2.873,3.538,3.933,4.216,4.216,3.933,3.933,3.538,4.216,3.933,4.216,6.48,3.538,3.538,3.933,6.372,4.216,3.933,3.933,4.216,3.538,3.933,3.538,2.873,3.933,6.554,6.343,3.933,4.216,7.327,3.933,3.538,3.538
ref_00010,6.218,3.605,3.605,6.497,3.605,3.605,3.605,3.605,4.001,4.001,4.001,4.001,3.605,4.001,3.605,3.605,3.605,6.692,3.605,4.001,2.939,6.757,3.605,4.001,3.605,4.001,3.605,4.001,3.605,4.284,4.001,6.412,6.287,3.605,3.605,6.911,4.001,4.001,4.001
ref_00011,6.334,3.588,2.922,6.674,3.588,3.588,3.588,3.588,3.588,3.588,2.922,3.984,3.588,3.588,3.984,2.922,3.984,7.01,3.588,3.588,3.588,6.581,3.588,3.588,3.984,3.588,3.588,3.588,3.588,3.984,3.588,6.088,6.047,3.588,3.588,6.875,3.588,3.588,3.984
ref_00012,6.526,3.557,3.557,6.057,3.557,3.557,3.557,3.557,3.557,3.557,3.557,3.557,3.953,3.557,3.953,2.892,3.953,7.127,2.892,3.557,2.892,5.929,3.953,4.236,3.557,3.557,3.953,3.953,3.953,3.557,3.557,6.621,6.363,3.557,3.557,7.026,3.557,3.557,3.557
ref_00013,6.075,3.933,3.933,6.708,3.933,3.538,3.933,3.538,3.933,3.538,3.933,3.538,3.538,3.933,3.538,3.538,3.538,7.021,3.538,3.933,3.538,6.428,3.933,3.933,3.538,3.933,3.538,3.933,3.538,3.933,3.538,6.505,6.075,2.873,3.933,6.4,3.538,3.538,3.538
ref_00014,6.514,3.432,3.432,6.345,3.827,3.827,3.432,3.827,3.432,3.432,3.432,3.432,3.827,3.827,3.432,3.827,3.432,6.696,3.827,3.827,3.827,6.97,3.827,3.432,3.827,3.827,4.109,3.432,4.109,3.827,3.827,6.785,6.109,3.827,3.827,6.371,3.827,3.827,3.432
ref_00015,6.2,3.948,3.552,6.616,3.948,3.552,3.552,3.552,3.552,3.948,3.948,3.552,3.948,3.552,3.552,3.948,3.948,6.723,3.948,3.552,3.552,6.763,3.552,3.552,2.888,3.552,3.552,3.552,3.552,3.948,3.552,6.942,5.968,3.552,3.552,6.909,3.552,3.948,3.552
ref_00016,5.942,3.881,3.486,6.873,3.486,3.881,3.486,4.163,3.486,3.486,4.163,3.486,3.486,3.881,3.881,3.486,3.486,7.106,3.881,3.881,4.163,6.26,3.486,3.486,3.486,3.881,2.823,3.881,4.163,3.486,3.486,6.401,6.022,3.881,3.881,6.982,3.881,3.881,3.881
ref_00017,6.341,3.309,3.702,6.587,4.203,3.702,3.702,3.702,3.702,3.702,3.309,3.983,3.309,3.702,3.702,3.702,3.309,6.936,3.702,3.983,4.203,6.046,4.203,3.702,3.702,3.309,3.702,3.983,3.702,3.702,3.983,6.986,6.318,3.309,3.702,6.87,3.702,3.309,3.983
ref_00018,6.46,3.072,3.072,6.427,3.072,3.072,3.072,3.741,3.741,3.072,3.072,3.741,3.741,3.072,3.072,3.741,3.072,6.552,3.741,3.072,3.072,6.204,3.741,3.072,3.741,3.072,3.741,3.741,3.741,3.741,3.072,6.739,5.86,3.741,3.741,6.786,3.741,3.072,3.741
ref_00019,6.619,3.887,3.492,6.863,2.829,3.492,3.887,3.492,3.492,3.492,3.887,3.887,3.492,3.492,3.492,2.829,3.887,6.739,3.492,3.492,3.887,5.989,2.829,3.887,3.492,2.829,3.887,2.829,3.492,3.492,3.492,6.701,6.266,3.492,3.887,7.059,3.887,3.492,3.492
ref_00020,6.596,3.318,3.318,6.056,3.711,3.993,3.711,3.318,3.993,3.318,3.318,3.318,3.711,3.993,3.318,3.711,3.711,6.666,3.993,3.711,3.993,6.683,3.318,3.993,3.711,3.993,3.318,3.318,3.318,3.711,3.993,7.019,6.086,3.711,3.318,7.007,3.711,3.711,3.318
ref_00021,6.108,3.965,3.569,7.023,3.965,3.965,3.569,3.569,3.965,3.569,3.965,3.569,3.569,3.965,4.248,4.248,3.569,6.72,3.965,3.569,3.569,6.837,2.904,3.569,3.569,3.569,3.569,3.965,4.248,3.569,3.965,6.562,6.182,3.569,3.965,6.909,3.965,3.569,4.248
ref_00022,6.223,3.906,3.906,6.502,3.906,4.189,3.906,3.511,3.906,3.511,3.511,3.906,3.906,3.511,3.511,3.906,3.906,6.849,3.511,3.511,3.511,6.426,4.189,3.511,3.906,3.511,3.511,3.906,3.906,3.906,3.511,6.617,6.7,3.511,3.906,6.849,3.906,3.906,3.906
ref_00023,6.767,3.415,3.809,6.784,3.809,3.809,4.091,3.809,3.809,3.809,3.809,3.809,4.091,3.415,3.809,3.415,4.091,6.54,3.809,3.415,3.415,6.496,3.809,4.091,3.809,3.415,3.415,3.809,3.415,3.415,3.809,7.096,5.949,3.415,4.091,7.2,3.809,3.415,3.809
ref_00024,6.722,3.531,3.927,6.448,3.927,3.531,3.927,3.531,4.21,3.531,4.21,4.21,3.927,3.927,3.531,3.927,3.927,6.523,2.867,3.927,2.867,6.853,3.531,3.927,3.531,3.531,3.531,3.927,3.927,3.531,3.927,6.394,6.548,3.531,3.927,6.594,3.531,2.867,3.927
ref_00025,6.191,3.689,3.689,6.23,3.689,3.689,3.02,3.689,3.689,3.689,3.689,3.689,3.689,3.689,3.689,3.02,3.689,6.191,3.02,3.02,3.689,6.063,3.689,3.689,3.02,3.689,3.689,3.02,3.02,3.689,3.689,6.96,6.15,3.689,3.02,6.468,3.689,3.02,3.02
ref_00026,6.348,3.664,3.664,6.557,3.664,3.664,3.664,2.996,3.664,2.996,3.664,3.664,3.664,3.664,3.664,3.664,3.664,6.838,4.061,2.996,3.664,6.279,2.996,3.664,3.664,3.664,2.996,4.061,2.996,3.664,3.664,6.753,5.892,3.664,3.664,6.817,3.664,2.996,2.996
ref_00027,6.007,4.076,3.399,7.043,3.399,3.794,3.794,3.794,4.076,3.399,3.794,3.399,4.076,3.399,3.399,3.399,4.076,7.055,3.399,3.794,3.794,6.625,3.794,3.794,3.399,3.794,3.794,3.399,4.295,3.794,3.794,6.435,5.72,3.399,3.794,6.644,3.399,4.076,3.794
ref_00028,6.527,4.258,3.362,6.966,3.362,3.756,3.756,4.258,3.756,3.362,3.756,3.362,3.756,4.038,3.756,3.756,3.362,6.191,3.362,3.362,4.038,6.162,3.756,3.362,3.756,3.756,4.038,4.258,3.756,3.756,4.258,7.017,6.729,3.362,4.038,7.077,3.362,3.756,4.258
ref_00029,6.237,3.952,3.556,6.499,3.952,3.952,3.952,3.952,3.952,3.556,3.952,3.556,3.952,3.952,3.556,2.891,3.556,6.391,2.891,3.952,3.556,6.269,3.952,3.952,3.952,3.556,3.952,4.235,3.952,4.235,3.952,6.549,6.685,3.556,4.235,7.024,4.235,3.952,3.556
ref_00030,6.524,4.163,3.881,6.695,3.486,3.881,3.486,3.486,3.881,3.881,3.486,3.881,4.163,3.486,3.881,3.486,3.881,6.613,3.881,3.486,4.163,6.84,3.881,4.163,3.881,4.163,3.881,3.486,3.486,3.486,3.881,6.84,6.675,4.163,3.881,6.752,3.881,3.486,3.486
ref_00031,5.781,3.664,4.061,6.707,2.996,3.664,2.996,3.664,4.061,3.664,2.996,3.664,3.664,3.664,3.664,3.664,3.664,6.473,3.664,3.664,3.664,6.935,3.664,3.664,3.664,4.061,4.061,3.664,3.664,4.061,3.664,6.412,6.473,3.664,4.061,6.878,3.664,3.664,3.664
ref_00032,6.375,4.22,3.937,6.347,4.22,3.937,3.541,3.541,2.876,3.541,3.937,3.541,3.937,3.541,3.937,3.937,3.937,6.188,3.937,2.876,3.541,6.626,3.541,4.22,3.541,3.541,4.22,4.22,3.937,3.541,3.541,6.458,6.404,3.937,4.22,6.581,4.22,3.937,4.22
ref_00033,6.039,3.431,4.107,6.749,3.431,3.825,3.825,3.431,4.107,3.825,3.825,4.107,3.431,3.825,3.825,3.825,4.107,7.087,3.431,3.825,3.825,6.42,3.825,3.825,3.431,3.431,3.825,3.431,4.107,3.431,3.431,7.023,5.752,3.825,3.825,6.556,3.825,3.825,3.825
ref_00034,6.306,3.447,3.447,6.748,3.447,3.841,4.124,3.447,3.841,4.344,3.447,3.447,3.447,3.447,3.841,3.447,4.124,6.912,4.124,3.841,3.841,6.748,4.124,3.841,3.447,3.447,3.447,3.841,3.447,3.841,3.447,6.73,6.551,3.447,3.447,6.971,3.447,4.124,3.447
ref_00035,6.328,4.213,3.319,6.441,3.319,3.712,3.712,3.994,3.712,3.712,3.712,3.994,3.319,3.319,3.712,4.213,3.712,6.598,3.712,3.712,4.213,6.947,3.712,3.994,3.994,3.994,3.712,4.213,3.319,3.712,3.319,6.375,6.651,3.994,3.712,6.997,3.319,3.994,3.994
ref_00036,6.197,3.776,3.776,6.75,3.106,3.776,3.776,3.776,4.174,3.106,4.174,3.106,3.776,3.776,3.776,4.174,3.106,7.121,3.776,4.174,3.106,6.058,4.174,3.106,3.776,3.106,3.106,3.776,3.776,3.776,3.776,6.558,6.007,3.776,3.776,6.75,3.106,4.174,3.776
ref_00037,5.918,3.954,3.954,6.992,3.954,3.673,3.954,4.173,3.954,3.28,3.954,3.673,3.954,3.954,4.173,3.673,3.673,6.931,3.673,3.28,3.673,6.919,3.954,3.28,3.28,3.673,3.954,3.954,3.673,4.173,3.673,6.867,6.047,4.173,3.28,6.88,3.28,3.673,3.954
ref_00038,6.256,3.32,3.714,6.504,3.32,3.32,3.714,3.995,3.32,3.32,3.32,4.215,3.32,3.32,3.995,3.32,3.714,6.617,3.714,3.32,3.32,6.543,3.32,3.32,3.32,4.215,3.714,3.714,3.714,3.32,3.714,6.909,6.75,3.995,3.32,6.635,3.32,3.714,3.995
ref_00039,6.72,3.64,3.247,7.11,3.921,3.247,3.64,4.14,3.921,3.247,3.64,3.64,3.64,3.64,3.64,3.921,3.64,6.922,3.247,3.64,3.64,6.301,3.921,3.247,3.64,4.14,3.64,3.64,3.247,3.64,3.247,6.523,6.278,3.921,3.64,6.97,3.64,3.64,3.921
ref_00040,6.92,3.895,4.178,6.627,3.895,3.5,3.895,4.178,3.5,3.895,3.895,4.178,3.895,4.178,4.178,3.895,4.398,7.053,3.895,3.895,3.5,6.361,4.398,3.5,3.895,3.895,3.895,3.895,3.895,4.398,3.895,6.515,6.466,3.895,4.178,6.627,4.398,3.895,4.178
ref_00041,6.422,3.852,3.852,6.722,3.852,4.134,3.852,3.852,3.457,4.134,3.852,3.852,4.134,3.457,3.457,3.457,3.457,6.604,3.457,3.457,3.457,6.665,3.457,4.134,3.457,3.852,3.457,3.457,3.457,3.852,3.852,6.86,5.87,3.457,3.852,6.23,3.457,4.134,3.457
ref_00042,6.46,3.681,3.681,7.058,3.013,3.013,4.078,3.013,3.681,3.681,3.681,4.078,3.013,3.681,3.681,4.078,3.013,6.222,3.681,3.681,3.013,6.331,3.681,3.681,3.681,3.681,3.681,4.078,3.681,3.681,3.681,6.971,6.398,3.681,4.078,6.814,3.681,4.078,3.681
ref_00043,6.55,4.054,2.989,6.522,3.657,3.657,3.657,3.657,4.054,4.054,4.054,3.657,3.657,4.054,3.657,3.657,4.337,6.373,3.657,4.054,4.054,6.158,4.054,3.657,4.054,3.657,3.657,4.054,2.989,4.054,2.989,6.628,6.075,3.657,2.989,6.927,4.054,2.989,3.657
ref_00044,6.095,3.635,3.635,6.175,4.032,4.032,3.635,2.968,3.635,4.315,4.032,3.635,4.032,3.635,4.315,3.635,4.032,7.01,3.635,3.635,3.635,6.605,2.968,3.635,3.635,3.635,3.635,3.635,3.635,3.635,3.635,6.58,6.318,4.032,4.032,6.472,4.032,3.635,3.635
ref_00045,6.652,3.372,3.372,6.652,3.766,3.372,3.766,3.372,3.766,3.766,3.766,3.766,3.766,4.048,3.372,3.766,3.766,6.772,3.766,3.372,4.048,6.429,3.372,3.372,3.766,3.766,3.766,3.372,3.766,3.766,3.372,6.722,6.429,3.766,3.372,6.772,3.766,3.766,3.372
ref_00046,6.694,3.789,3.395,6.431,4.071,3.789,3.395,3.789,3.789,4.071,3.789,3.789,3.789,3.789,3.789,3.395,3.395,6.796,3.395,3.789,3.395,6.712,3.395,4.071,3.789,4.071,3.395,4.071,3.789,3.395,4.071,7.088,6.196,3.789,3.789,6.541,3.395,3.395,4.071
ref_00047,6.541,3.875,3.875,6.745,3.48,3.875,3.875,3.875,4.157,3.48,3.875,3.48,3.875,3.48,3.875,3.875,2.817,6.47,3.875,3.875,3.875,6.541,3.48,3.875,3.875,3.48,3.875,3.875,3.875,3.875,3.48,6.817,5.592,3.48,3.875,6.668,3.48,3.48,3.48
ref_00048,6.663,2.977,3.644,6.817,3.644,3.644,3.644,2.977,3.644,3.644,3.644,3.644,2.977,4.041,3.644,3.644,3.644,6.145,2.977,3.644,4.041,6.663,3.644,3.644,4.041,3.644,3.644,3.644,2.977,3.644,4.041,6.481,5.818,4.041,3.644,6.776,3.644,3.644,3.644
ref_00049,6.012,3.909,3.909,6.683,3.909,3.909,3.909,3.909,4.192,3.514,3.909,4.192,3.909,3.909,3.514,3.514,3.514,6.966,3.514,3.514,2.85,6.981,3.909,4.192,3.909,3.514,3.514,3.909,3.514,3.909,3.514,6.723,5.789,4.192,3.514,6.553,3.909,3.514,3.909
ref_00050,6.496,3.876,3.481,7.075,3.876,4.159,3.481,3.481,3.481,3.876,3.481,3.876,2.818,4.159,4.159,3.876,3.876,6.818,3.481,3.481,3.481,6.396,3.876,3.876,4.159,3.481,4.159,3.876,3.876,3.481,4.159,6.369,5.804,3.876,3.876,7.101,3.876,3.481,3.876
ref_00051,6.474,3.085,3.755,6.729,3.755,3.755,3.755,3.085,3.755,3.755,3.085,3.755,3.085,3.085,4.153,3.755,3.085,6.537,3.755,3.755,3.755,6.651,3.755,3.755,3.755,3.085,3.755,3.755,3.755,3.755,3.755,6.931,6.259,3.085,3.755,6.506,3.755,3.755,3.755
ref_00052,6.496,3.436,3.436,6.755,3.436,3.436,3.831,3.436,2.775,3.831,3.436,4.113,3.831,3.436,3.436,3.436,3.436,6.806,3.831,3.831,3.436,6.296,3.831,3.436,3.436,4.113,3.831,3.436,3.436,3.831,3.831,6.701,6.35,3.831,3.436,6.45,3.436,3.436,3.436
ref_00053,6.356,4.2,3.522,6.732,3.522,3.522,3.917,4.2,3.522,3.917,4.2,3.917,3.917,3.917,3.522,3.522,3.917,7.004,3.917,3.522,3.917,6.356,3.917,3.522,3.917,3.917,4.2,3.522,3.522,3.917,3.917,6.807,5.937,3.522,3.522,6.514,3.522,3.522,3.522
ref_00054,6.768,3.794,3.399,6.23,3.794,3.399,3.399,4.076,3.794,4.076,3.399,3.794,3.794,3.794,3.794,3.399,3.794,6.716,3.399,3.399,3.399,6.662,3.399,3.399,3.399,3.399,3.794,3.794,3.399,3.794,3.399,6.524,6.412,3.794,4.076,6.922,3.399,3.399,4.076
ref_00055,6.589,3.74,3.346,6.448,3.74,3.346,3.74,4.022,3.74,4.022,3.74,4.022,3.74,3.74,3.346,4.022,3.74,6.589,4.022,3.346,3.346,6.746,4.022,3.74,3.74,3.346,4.022,4.022,3.74,4.022,4.022,6.895,6.175,4.022,3.74,6.909,3.74,3.74,4.022
ref_00056,6.427,4.115,4.115,6.872,3.833,3.438,3.833,3.833,3.438,4.115,3.438,3.833,3.438,3.833,3.438,4.115,4.115,6.605,3.833,3.438,3.438,6.645,3.438,3.833,2.776,3.438,3.833,4.115,3.438,3.438,4.115,6.84,6.211,3.438,3.833,6.756,3.833,3.438,3.833
ref_00057,5.957,3.98,3.584,6.907,3.584,3.584,3.584,3.584,3.584,3.584,3.584,3.584,3.584,3.98,3.98,2.918,3.584,6.693,2.918,3.584,3.584,6.625,2.918,3.98,3.584,3.584,3.584,3.98,3.98,3.98,3.98,6.475,6.502,2.918,3.98,6.578,3.584,3.584,2.918
ref_00058,6.004,3.432,3.827,6.85,3.827,3.827,4.109,3.432,3.432,3.432,3.827,3.432,3.432,3.827,3.827,4.109,3.827,6.75,3.432,3.432,3.827,6.866,3.432,3.827,3.432,3.432,4.109,3.827,3.827,3.827,3.432,7.051,6.579,3.432,3.432,6.319,3.432,3.432,3.827
ref_00059,6.248,3.418,3.418,6.718,4.314,4.094,4.094,3.812,3.812,3.812,3.418,3.418,4.094,3.812,3.418,3.418,3.418,6.406,3.812,4.094,3.418,6.819,3.418,3.812,3.812,4.094,4.094,3.812,3.418,3.812,3.418,7.023,6.19,4.094,3.812,6.753,3.812,3.418,3.418
ref_00060,6.467,3.431,4.107,6.444,3.825,3.825,3.431,3.431,3.431,3.825,3.825,4.107,3.825,3.825,3.825,3.431,3.825,6.676,3.431,3.431,3.431,6.233,3.825,3.431,3.825,4.107,3.825,2.769,3.431,3.825,3.431,6.864,6.444,4.107,3.825,7.124,3.431,3.825,3.431
ref_00061,6.145,3.569,3.569,6.819,3.569,3.569,3.965,4.248,3.569,4.248,3.965,3.569,3.569,2.904,3.569,4.248,3.965,6.586,3.569,3.965,3.569,5.985,3.569,3.965,3.569,3.569,3.569,3.965,3.569,3.965,3.965,6.538,6.145,3.569,3.569,6.61,2.904,3.569,3.569
ref_00062,6.478,3.95,3.276,6.235,3.95,3.669,3.669,3.276,3.276,3.669,3.95,3.95,3.669,3.669,3.95,3.276,3.276,7.056,3.95,3.95,3.95,6.073,4.17,3.669,3.95,3.669,3.669,4.17,3.669,3.669,4.17,7.19,5.88,3.669,3.669,6.902,3.669,3.276,3.276
ref_00063,6.347,3.631,3.631,6.763,3.631,3.631,3.631,2.964,2.964,4.028,2.964,3.631,3.631,3.631,3.631,3.631,2.964,6.576,3.631,3.631,4.028,6.763,2.964,3.631,2.964,3.631,2.964,3.631,2.964,3.631,4.028,6.314,5.554,2.964,4.028,6.784,3.631,3.631,3.631
ref_00064,6.109,3.622,3.903,7.082,3.903,4.122,3.622,3.622,4.122,3.23,3.622,3.903,3.903,3.903,3.23,3.903,3.23,6.449,3.903,3.622,3.903,6.487,3.622,3.622,3.903,3.622,3.622,3.23,3.23,3.622,3.622,7.051,6.348,3.622,3.622,7.215,3.622,3.622,3.622
ref_00065,6.231,3.373,3.373,7.135,3.767,4.049,3.767,4.049,3.767,3.767,3.767,3.767,4.049,3.767,3.767,4.269,3.767,6.408,3.373,3.767,3.767,6.724,3.373,4.049,4.049,3.373,3.767,3.373,4.049,3.373,3.373,6.559,5.739,3.373,4.269,6.757,4.049,3.373,3.767
ref_00066,6.391,3.451,3.846,6.838,3.451,3.846,3.846,3.846,3.846,4.128,3.846,3.451,3.846,4.128,3.846,3.451,3.451,6.416,3.846,3.451,3.846,6.416,3.846,3.451,3.451,2.789,3.451,3.846,3.451,3.846,3.846,6.534,6.365,3.846,3.846,6.975,3.451,3.846,2.789
ref_00067,6.702,3.244,3.917,6.538,3.917,3.636,3.636,3.636,3.244,3.244,3.244,3.636,3.917,3.917,3.244,3.244,3.244,6.538,3.917,3.917,3.636,6.124,3.636,3.636,3.917,3.917,3.636,3.917,3.244,3.244,3.636,6.639,6.483,3.917,3.244,7.239,3.917,3.917,3.636
ref_00068,6.095,3.812,3.812,6.394,4.21,3.141,3.812,3.812,3.812,3.141,3.812,3.141,3.141,3.141,3.141,3.812,3.141,7.068,4.21,3.141,4.21,6.735,3.812,4.21,3.812,3.141,4.21,4.21,3.812,3.812,3.812,6.499,5.872,3.141,3.812,6.859,3.141,3.812,4.21
ref_00069,6.019,3.69,4.088,6.232,3.022,3.69,3.69,3.69,3.69,3.69,3.69,3.69,3.69,4.088,3.69,3.022,4.088,6.11,4.088,3.022,3.69,6.584,4.088,3.69,3.69,3.69,4.088,4.088,4.088,3.69,4.088,7.016,6.065,4.088,3.69,6.584,3.69,3.69,3.69
ref_00070,5.665,3.551,3.947,6.296,3.551,3.551,3.947,2.886,3.551,3.947,3.551,3.551,3.551,3.551,3.551,3.947,3.947,6.519,3.551,3.551,3.947,6.8,3.947,3.947,3.551,3.551,3.551,3.551,3.551,3.551,2.886,6.742,5.398,3.947,2.886,7.049,3.551,3.551,3.551
ref_00071,6.294,3.549,4.228,6.294,3.549,3.549,2.884,3.945,3.549,3.549,3.945,3.549,3.549,3.549,3.549,3.945,3.945,6.635,3.549,3.549,3.549,6.412,3.945,3.549,3.549,3.945,3.945,3.945,3.549,3.945,3.945,6.798,6.294,3.945,3.945,6.76,3.549,3.549,4.228
ref_00072,6.15,3.998,3.323,7.094,3.323,3.323,3.323,4.217,3.716,3.323,3.323,3.323,3.998,3.716,3.323,3.998,3.998,6.401,3.323,3.323,4.217,6.15,3.323,3.323,3.716,3.998,3.998,3.998,3.998,3.323,3.998,6.951,6.308,3.716,3.998,7.001,3.998,3.998,3.323
ref_00073,5.966,3.789,3.789,6.166,3.789,3.789,3.118,3.789,4.187,3.118,3.789,4.187,3.118,3.789,4.187,3.789,3.789,6.737,3.118,3.789,3.789,6.071,3.789,3.118,3.118,3.118,3.789,3.789,3.789,3.789,3.789,6.442,6.508,3.789,3.789,6.763,3.789,3.789,3.789
ref_00074,6.242,3.439,3.439,6.775,3.439,3.439,3.834,3.439,3.834,3.439,3.834,3.439,3.834,3.834,3.834,3.439,3.439,6.74,3.834,3.439,4.116,6.379,3.439,3.439,3.834,3.439,3.439,3.439,3.439,3.439,3.439,6.775,6.181,3.834,3.439,6.991,3.439,3.439,3.439
ref_00075,5.998,4.032,3.357,7.14,3.751,4.032,4.032,3.751,3.357,3.751,3.357,3.357,4.032,3.751,3.357,4.032,3.751,6.74,3.357,4.032,4.032,6.501,3.751,3.751,3.357,3.751,3.751,3.751,3.751,3.751,3.751,6.849,6.637,3.751,3.357,6.619,4.032,3.357,3.751
ref_00076,5.758,4.211,3.533,6.889,3.533,3.533,3.533,3.929,3.929,3.533,3.533,3.533,3.929,3.929,3.533,3.929,3.533,6.367,3.533,3.929,3.929,6.367,3.929,2.869,3.533,4.211,2.869,3.533,3.929,3.929,3.533,6.905,6.278,3.533,4.211,6.743,3.533,2.869,3.533
ref_00077,6.487,3.822,3.822,6.922,4.105,3.428,3.428,3.428,3.822,3.428,4.105,3.428,4.105,4.105,3.822,3.822,4.105,6.532,3.428,3.428,3.822,6.654,3.822,3.428,3.822,3.428,3.822,3.428,3.822,4.105,3.822,7.007,6.0,3.428,3.428,6.907,3.822,2.767,3.822
ref_00078,6.761,3.63,3.63,6.672,4.026,4.026,4.026,3.63,3.63,4.026,4.026,3.63,3.63,2.963,3.63,3.63,3.63,6.672,4.026,3.63,4.026,6.047,3.63,3.63,4.026,3.63,3.63,3.63,4.026,4.026,3.63,6.954,6.047,4.026,3.63,6.438,4.026,3.63,3.63
ref_00079,6.144,3.498,3.498,6.273,3.498,3.498,3.498,3.498,4.176,4.176,3.893,3.893,3.498,4.176,3.498,3.498,3.498,6.818,2.835,3.893,3.498,6.764,3.498,3.893,3.498,3.498,3.498,3.893,3.498,3.893,3.498,7.024,6.413,3.498,2.835,6.801,2.835,3.893,4.176
ref_00080,6.154,3.543,3.938,6.753,3.938,3.543,3.543,3.543,3.938,4.221,3.543,3.543,3.938,3.543,3.543,3.543,3.938,6.964,3.543,3.543,3.938,6.405,3.543,2.878,3.543,3.543,2.878,3.543,3.938,3.543,3.543,6.713,5.819,3.543,2.878,6.606,2.878,3.938,2.878
ref_00081,6.853,3.319,3.994,6.701,3.712,3.712,3.994,3.994,3.712,4.213,3.712,3.994,3.994,3.319,3.712,3.712,3.319,6.28,3.994,3.994,3.319,6.764,3.994,3.712,3.319,4.213,3.994,3.319,3.319,3.712,3.319,6.579,6.561,3.712,3.712,6.824,3.712,3.319,3.319
ref_00082,6.702,3.908,3.512,6.479,3.908,3.908,3.512,3.908,3.512,3.512,3.908,3.512,3.512,3.908,3.908,3.512,4.19,6.833,3.908,3.512,3.512,6.702,3.512,3.512,3.908,3.908,3.512,3.908,3.512,3.908,3.512,6.797,6.346,4.19,3.908,6.994,3.512,3.512,3.512
ref_00083,6.76,3.649,3.257,6.843,3.257,3.931,4.15,3.649,3.257,3.649,3.649,3.649,3.649,3.931,3.649,3.649,3.649,6.496,3.649,3.649,3.649,6.551,3.257,3.649,3.649,3.649,3.649,3.649,3.257,3.931,3.931,6.802,6.397,3.649,3.257,6.397,3.257,3.257,3.931
ref_00084,6.719,3.714,3.32,6.581,3.32,3.995,3.32,3.714,4.215,3.995,3.995,3.995,3.995,3.995,3.714,3.714,3.714,6.581,3.714,3.714,3.714,6.256,3.32,3.32,3.995,3.714,3.714,3.995,3.995,3.714,3.32,7.216,6.306,3.995,3.32,7.124,3.995,3.714,3.32
ref_00085,5.81,3.814,3.143,6.597,3.143,3.814,4.212,3.143,3.814,3.814,3.814,3.143,3.814,3.143,3.814,3.143,3.814,6.907,3.143,3.814,3.143,6.097,3.814,3.814,4.212,3.143,3.814,3.814,3.814,3.143,3.814,6.236,6.468,3.814,3.143,6.597,3.143,3.814,3.814
ref_00086,6.587,3.327,4.002,6.405,3.72,3.327,3.72,3.72,3.72,3.327,4.221,4.002,3.327,3.72,3.72,3.327,3.72,6.772,3.72,3.327,3.72,6.606,3.327,4.002,3.72,4.002,4.002,3.72,3.72,3.72,3.72,7.343,6.126,4.002,3.327,7.017,4.221,3.72,4.221
ref_00087,6.767,3.67,3.67,6.573,3.952,3.278,3.952,3.67,3.278,3.67,3.278,3.67,3.67,4.171,3.67,3.67,3.952,6.69,3.278,3.952,3.278,6.499,3.67,3.278,3.67,3.278,3.278,3.952,3.278,3.952,3.952,6.929,6.186,3.278,3.67,6.518,3.278,4.171,3.952
ref_00088,6.182,3.617,3.617,6.727,4.117,3.898,3.225,3.617,4.117,3.898,3.617,3.898,3.617,3.898,3.617,3.898,3.617,6.783,3.225,4.117,3.898,6.697,3.617,3.898,3.898,3.898,3.898,3.617,3.225,3.617,4.117,6.604,6.604,3.617,3.617,7.146,3.225,4.117,3.898
ref_00089,6.463,3.139,3.81,6.392,3.139,3.81,3.81,3.139,3.81,3.81,3.81,3.139,3.139,3.81,3.81,3.81,3.139,7.027,3.139,3.139,3.81,6.592,4.208,4.208,3.81,3.81,3.81,3.81,4.208,3.81,3.81,6.809,5.87,3.81,3.81,6.967,3.81,3.81,3.81
ref_00090,6.35,3.666,3.666,6.637,3.666,2.998,2.998,3.666,3.666,2.998,3.666,3.666,4.063,3.666,2.998,3.666,3.666,6.504,3.666,3.666,3.666,6.383,4.063,3.666,2.998,4.063,3.666,2.998,3.666,3.666,3.666,7.042,5.59,3.666,2.998,6.637,3.666,3.666,2.998
ref_00091,6.183,2.975,3.642,6.752,3.642,4.039,3.642,3.642,3.642,3.642,4.039,3.642,2.975,2.975,4.039,3.642,3.642,5.97,4.039,2.975,3.642,6.325,3.642,4.039,4.039,3.642,3.642,3.642,3.642,2.975,4.039,6.257,5.97,2.975,2.975,6.875,4.039,3.642,3.642
ref_00092,6.43,3.23,3.903,7.122,3.903,3.903,3.622,3.903,3.622,3.903,4.122,3.23,3.903,3.23,3.23,3.622,3.23,6.687,3.23,3.622,4.122,6.327,3.622,3.622,3.23,3.622,3.903,3.903,4.122,3.622,3.622,7.206,5.718,3.23,3.903,7.141,3.23,3.622,3.23
ref_00093,6.244,3.63,2.963,6.131,3.63,2.963,2.963,3.63,3.63,2.963,3.63,2.963,3.63,3.63,3.63,2.963,4.026,6.244,3.63,2.963,3.63,6.207,2.963,2.963,2.963,2.963,3.63,2.963,3.63,3.63,3.63,6.881,5.686,2.963,2.963,7.021,2.963,2.963,2.963
ref_00094,6.308,3.323,3.998,6.466,3.716,3.716,3.323,3.998,3.998,3.716,3.716,3.998,3.716,3.716,3.323,3.716,3.998,6.884,3.716,3.716,3.998,6.925,3.323,3.998,3.716,3.998,3.716,3.998,3.998,3.323,3.716,6.721,6.356,3.716,3.998,7.158,3.323,3.323,3.998
ref_00095,6.25,4.069,3.672,5.951,3.004,3.004,3.004,3.672,3.004,3.672,3.004,4.069,3.672,4.069,4.069,3.672,3.672,6.905,3.672,3.672,3.672,6.133,3.672,3.004,4.069,3.004,3.672,3.672,3.004,3.672,3.672,6.25,6.0,3.004,3.004,6.979,3.004,3.672,4.069
ref_00096,6.401,3.908,3.512,6.551,3.908,3.512,3.908,3.512,3.908,3.908,3.512,3.512,3.908,3.908,3.512,3.908,3.512,6.76,3.512,3.908,3.512,6.884,3.908,3.512,4.19,3.512,2.848,3.512,3.512,3.908,3.908,6.317,6.504,3.908,3.512,6.901,3.512,3.512,3.908
ref_00097,6.253,3.687,4.187,6.994,3.687,3.294,3.687,3.687,3.968,3.968,3.687,3.968,3.294,3.687,3.294,3.294,3.687,6.84,3.687,3.687,3.968,6.738,4.187,3.294,3.687,4.187,3.294,3.294,3.968,3.687,3.968,6.675,5.744,3.968,3.294,7.074,3.968,3.687,3.968
ref_00098,6.844,4.307,3.805,6.919,3.805,3.805,4.307,3.411,4.087,3.805,3.411,3.411,4.087,4.087,3.805,3.805,3.805,6.763,3.805,3.805,3.805,6.71,3.805,3.805,3.411,3.805,3.805,3.805,4.087,3.411,3.805,6.374,6.269,4.087,3.805,7.015,3.805,3.805,3.411
ref_00099,5.792,3.619,4.015,6.589,3.619,4.015,3.619,3.619,4.015,4.015,2.952,3.619,3.619,2.952,3.619,3.619,4.015,6.564,3.619,2.952,2.952,6.196,3.619,2.952,3.619,2.952,3.619,4.015,4.015,3.619,2.952,7.01,6.12,3.619,2.952,6.771,3.619,3.619,4.015
ref_00100,6.322,3.36,4.255,6.461,3.36,3.36,3.753,3.753,3.753,3.753,3.753,4.035,4.035,4.035,4.035,4.035,3.753,6.545,3.753,3.753,4.035,7.154,4.035,4.035,3.753,3.753,3.753,3.36,3.753,3.753,4.255,6.621,6.603,3.753,3.753,6.963,3.753,3.753,3.753
ref_00101,6.429,4.048,3.372,6.788,4.267,3.372,4.048,3.372,4.267,3.372,3.766,4.048,4.048,3.372,3.372,4.048,4.048,7.063,3.766,3.372,3.372,6.452,4.048,3.372,3.766,3.766,3.372,3.766,3.372,3.766,3.766,6.962,6.516,4.048,3.766,6.921,4.048,3.372,4.048
ref_00102,6.489,3.624,3.624,6.667,3.624,4.021,3.624,3.624,3.624,2.957,3.624,4.021,3.624,4.021,4.021,3.624,4.021,6.965,3.624,2.957,2.957,6.461,3.624,3.624,2.957,4.021,3.624,4.021,3.624,3.624,4.021,7.079,5.903,2.957,4.021,6.543,3.624,4.021,3.624
ref_00103,5.739,3.622,4.019,6.732,4.019,2.956,3.622,4.019,3.622,3.622,4.019,3.622,4.019,3.622,3.622,4.019,4.019,6.567,4.019,3.622,3.622,6.2,3.622,4.019,3.622,3.622,4.019,4.019,3.622,3.622,3.622,6.911,6.123,2.956,3.622,6.541,2.956,3.622,3.622
ref_00104,6.356,3.369,3.369,6.753,3.369,3.763,3.763,3.763,3.369,4.045,3.369,3.763,3.763,3.369,3.369,3.369,3.369,6.534,4.045,3.369,3.763,6.736,3.369,3.369,3.763,3.369,3.369,4.045,3.369,3.763,4.045,6.973,6.169,3.763,3.369,6.306,4.045,4.045,3.369
ref_00105,6.114,3.694,3.694,6.827,3.694,3.694,3.026,3.026,3.694,3.694,3.694,3.026,4.091,3.694,3.694,3.694,3.026,5.923,3.694,3.694,4.091,6.504,3.694,3.694,3.694,3.694,3.026,3.026,3.694,3.694,3.026,6.715,5.923,4.091,3.694,6.738,3.694,3.694,3.694
ref_00106,6.493,3.576,3.576,6.807,2.91,3.576,3.972,3.576,2.91,3.972,3.972,3.576,3.972,3.576,3.576,3.972,3.576,5.948,3.576,4.255,3.576,6.662,3.972,3.972,3.972,3.576,3.972,2.91,3.972,3.576,3.576,6.807,5.901,3.972,3.576,6.617,3.972,3.576,3.972
ref_00107,6.605,3.873,4.156,6.832,3.873,3.873,3.478,3.478,3.478,4.156,3.873,2.815,3.873,3.478,3.873,3.478,3.478,6.974,3.873,3.873,3.873,6.419,4.156,3.478,3.478,3.873,3.478,3.478,4.156,3.478,3.478,6.221,5.892,3.478,3.873,6.339,3.873,3.478,3.873
ref_00108,6.75,3.415,4.091,6.816,3.809,3.809,3.809,3.415,3.809,3.809,3.809,3.415,3.415,3.415,4.311,4.091,4.091,6.864,3.809,4.311,4.091,6.023,3.809,4.091,3.809,4.091,4.091,3.415,3.415,3.809,4.091,6.602,6.156,3.809,3.415,7.243,3.809,4.091,4.311
ref_00109,5.935,3.037,3.706,6.455,3.706,3.706,3.706,3.706,4.103,3.706,3.706,3.037,3.706,3.706,3.706,4.103,3.706,6.516,3.706,3.706,3.706,6.678,3.706,3.037,3.037,3.706,3.706,3.706,4.103,3.037,4.103,6.881,6.168,3.037,4.103,7.083,3.706,3.037,3.706
ref_00110,6.427,3.763,3.369,6.14,4.045,3.369,3.369,3.369,4.264,3.763,4.045,3.763,3.763,3.763,3.369,3.763,3.369,7.011,3.763,3.763,3.369,6.14,4.045,4.045,4.264,4.045,4.264,3.763,3.763,3.763,4.045,7.084,6.427,3.763,3.369,6.493,3.763,4.264,3.763
ref_00111,6.275,3.444,4.121,6.939,3.838,3.444,3.444,3.444,3.838,3.444,3.444,4.121,3.838,3.838,3.838,3.444,4.121,6.433,3.838,3.838,2.782,6.526,3.838,3.838,3.838,3.444,3.838,3.838,4.121,3.444,3.838,6.727,6.053,3.838,4.121,6.968,3.838,3.838,3.444
ref_00112,6.485,4.059,4.059,7.167,3.777,3.383,3.777,4.059,4.059,3.777,4.059,3.777,3.383,3.383,4.278,4.278,4.278,6.37,3.777,3.383,4.059,6.212,3.777,4.059,3.777,3.777,3.777,3.383,3.777,4.059,3.777,6.933,6.091,3.777,3.383,7.199,3.777,3.383,4.059
ref_00113,5.997,3.581,3.581,6.711,2.915,2.915,3.581,3.977,3.581,3.581,3.581,3.977,3.977,3.581,3.581,3.977,3.581,6.773,3.581,3.977,2.915,6.524,3.581,3.581,3.977,3.581,3.581,3.977,3.977,3.977,3.581,6.921,5.907,3.581,3.581,6.904,3.581,3.581,3.581
ref_00114,6.521,3.993,3.318,6.521,3.993,3.993,3.993,3.711,3.993,3.993,3.993,3.318,3.993,3.711,3.993,3.993,3.711,7.066,3.711,3.711,3.318,6.351,3.993,4.212,3.711,3.711,3.318,3.993,4.212,3.318,3.993,6.906,6.649,3.318,3.993,6.971,3.711,3.993,4.212
ref_00115,6.123,3.622,4.019,6.732,2.956,3.622,2.956,3.622,2.956,4.019,4.302,3.622,4.019,2.956,3.622,4.019,4.019,6.732,3.622,4.019,3.622,6.754,3.622,3.622,4.019,3.622,4.019,3.622,2.956,4.019,3.622,6.754,6.4,4.302,3.622,6.688,4.019,3.622,3.622
ref_00116,6.787,2.839,4.181,6.542,3.503,3.898,4.181,3.898,3.503,2.839,3.898,3.503,3.898,4.181,3.898,4.181,3.898,6.874,3.898,3.898,3.898,5.917,3.503,3.898,4.181,3.898,3.898,3.503,3.503,3.503,3.503,6.587,6.469,3.898,3.503,6.787,3.898,3.898,4.181
ref_00117,6.299,3.755,3.085,7.029,3.755,3.755,4.153,3.085,3.755,3.755,4.153,3.755,3.755,3.755,3.085,3.085,4.153,7.083,3.755,3.755,3.755,6.441,3.755,3.755,3.755,4.153,3.755,3.755,3.755,3.755,3.085,6.537,6.336,3.755,4.153,6.408,3.755,3.085,4.153
ref_00118,6.656,3.467,3.467,6.769,4.365,4.145,3.862,3.862,4.145,3.862,3.862,3.862,4.145,4.145,3.467,3.862,3.467,6.482,4.365,3.467,4.145,6.458,3.467,4.145,3.862,4.145,3.862,4.145,3.862,3.862,3.467,6.382,6.458,3.862,3.862,6.978,3.862,3.467,3.862
ref_00119,5.937,3.876,3.876,6.977,4.159,3.876,3.876,3.481,3.876,3.481,3.876,3.481,3.481,3.481,3.481,3.876,3.876,7.048,3.481,3.876,3.481,6.091,2.818,3.481,3.876,3.481,3.876,3.481,3.876,3.876,3.876,6.869,6.285,3.481,3.481,6.728,4.159,3.876,3.876
ref_00120,6.255,3.739,3.345,6.529,3.739,3.739,4.24,3.739,4.02,3.739,3.739,3.739,3.739,3.739,3.739,3.345,3.739,6.643,4.02,3.345,4.02,6.509,4.02,3.345,3.739,4.02,3.739,4.02,3.345,3.345,3.345,6.851,6.229,3.739,3.739,6.921,4.24,3.739,4.02
ref_00121,6.397,2.795,3.852,6.26,3.457,3.457,3.457,2.795,3.852,3.457,3.852,3.457,3.852,3.457,3.457,2.795,4.134,6.844,3.457,3.457,3.457,6.665,3.457,3.852,3.457,3.457,3.852,3.852,3.852,3.852,3.457,6.922,5.992,3.852,3.457,6.844,2.795,3.852,2.795
ref_00122,6.385,3.815,3.421,6.773,4.097,3.421,3.815,4.097,3.421,3.421,3.421,4.097,3.815,4.317,3.421,4.097,3.815,6.307,3.421,3.421,3.421,7.026,3.815,3.421,3.815,3.421,3.815,3.421,4.097,3.421,3.421,6.915,5.875,3.815,3.421,6.457,4.097,3.421,3.421
ref_00123,6.231,4.014,2.951,6.454,3.617,3.617,3.617,3.617,3.617,3.617,2.951,3.617,4.014,3.617,4.014,4.014,3.617,6.482,3.617,3.617,2.951,6.562,4.014,3.617,3.617,2.951,3.617,3.617,3.617,4.014,3.617,6.612,5.944,3.617,2.951,6.705,4.014,2.951,2.951
ref_00124,6.205,3.889,3.889,6.577,3.493,3.889,3.889,3.493,3.493,3.889,3.493,3.493,3.493,3.889,3.493,3.493,3.889,6.929,3.889,3.889,3.493,7.004,3.889,4.171,4.171,3.493,2.83,3.889,3.493,3.889,4.391,6.881,6.173,3.889,4.171,6.642,3.889,3.889,4.171
ref_00125,6.781,3.461,3.856,7.055,3.461,3.461,3.856,3.856,3.461,4.139,3.461,3.856,3.461,3.461,3.461,3.856,3.856,6.402,3.856,3.461,3.461,6.63,3.856,3.461,3.856,3.856,3.461,3.856,4.139,3.461,4.139,6.815,6.522,4.139,3.461,6.815,3.461,3.461,3.856
ref_00126,6.487,3.94,3.659,6.966,3.659,3.659,3.659,3.267,3.659,3.659,3.659,3.267,3.94,3.267,3.94,3.659,3.267,6.826,3.659,3.94,3.659,6.274,3.659,3.94,3.267,3.267,3.267,3.659,3.267,3.94,3.267,7.035,6.343,3.267,3.267,6.798,3.267,3.659,3.94
ref_00127,6.493,3.998,3.998,7.009,3.601,3.601,3.601,3.998,3.998,3.998,2.935,3.601,3.601,3.601,3.998,3.601,3.998,6.643,3.998,3.601,2.935,6.52,3.998,3.601,3.601,3.601,3.601,3.998,2.935,3.601,3.601,6.794,6.019,3.601,3.601,6.102,3.998,3.601,3.998
ref_00128,6.596,3.804,3.409,7.001,3.409,4.086,4.086,4.305,3.804,3.409,4.086,4.305,3.409,4.086,4.086,3.804,3.409,6.842,3.409,4.305,4.086,6.616,3.804,3.409,4.086,3.804,3.804,4.086,3.804,4.086,3.804,6.727,5.943,3.409,4.086,6.932,4.086,3.804,3.409
ref_00129,5.773,3.548,3.548,6.797,3.548,3.943,3.943,3.943,3.548,3.548,3.943,2.883,2.883,3.548,3.548,3.943,3.943,6.159,3.548,3.943,3.943,5.872,3.943,3.548,2.883,3.548,2.883,3.943,3.943,2.883,3.548,7.06,6.54,3.943,3.548,6.778,3.943,3.943,3.943
ref_00130,6.164,4.039,3.364,6.444,3.757,4.039,3.757,4.039,4.259,3.757,4.039,3.364,3.757,3.757,4.039,4.039,3.757,6.94,3.364,3.757,3.364,6.529,3.364,3.757,4.039,3.364,3.757,3.364,4.039,3.757,4.039,7.055,5.73,4.039,3.364,7.09,3.757,3.757,4.259
ref_00131,6.412,3.892,3.497,7.036,3.892,2.833,3.892,3.892,2.833,3.497,4.174,3.497,3.892,3.497,3.892,3.892,3.497,6.33,3.497,3.892,3.892,6.763,4.174,3.497,3.497,3.497,3.497,3.892,3.497,3.892,3.497,6.581,6.033,4.174,3.892,6.917,3.497,3.892,3.892
ref_00132,6.613,3.642,3.642,6.45,3.642,3.642,4.039,3.642,4.039,4.039,4.039,3.642,3.642,3.642,4.039,2.975,4.039,6.815,4.039,3.642,3.642,6.815,4.039,4.039,4.039,3.642,3.642,3.642,3.642,3.642,3.642,6.894,5.634,4.039,3.642,6.421,3.642,3.642,3.642
ref_00133,5.904,3.929,3.929,6.922,4.211,4.211,3.929,3.929,3.929,3.533,3.533,3.533,3.533,3.929,3.533,2.869,3.533,6.905,3.929,3.929,3.533,6.596,3.929,3.929,3.533,4.211,3.533,3.533,3.533,3.533,3.533,6.64,6.108,3.533,4.211,7.001,3.929,3.533,3.929
ref_00134,6.491,3.849,3.849,6.559,4.131,3.849,3.454,3.849,3.849,3.849,3.454,3.849,3.849,3.849,3.849,3.849,3.454,6.622,3.454,4.131,3.849,6.889,3.849,3.849,2.792,3.849,3.849,3.454,3.454,3.849,3.849,6.773,6.098,3.849,3.849,7.047,3.849,4.131,2.792
ref_00135,6.285,3.399,4.076,6.545,3.794,3.794,3.794,3.399,3.399,3.794,4.076,4.076,4.076,3.794,3.399,3.794,3.399,7.043,3.399,3.399,4.295,6.363,4.076,3.794,4.076,3.399,3.399,3.399,3.794,3.794,3.794,6.863,6.312,3.399,3.399,6.991,3.794,4.076,3.399
ref_00136,6.831,4.074,3.792,6.457,3.398,3.398,3.398,3.792,3.792,3.398,3.792,3.398,3.792,4.074,3.398,3.792,3.792,6.228,4.074,3.792,3.792,6.815,3.398,3.792,3.398,3.398,3.398,3.398,3.792,3.792,3.792,6.434,6.623,3.398,3.792,7.171,3.398,3.398,3.792
ref_00137,6.589,3.945,3.945,6.612,3.549,3.945,3.549,3.945,3.549,3.549,3.549,3.549,4.228,3.945,3.549,3.549,3.945,6.294,3.945,3.549,3.945,6.835,3.945,3.549,3.549,2.884,3.549,3.945,3.549,3.945,3.549,6.853,6.325,2.884,3.945,6.263,2.884,3.945,3.945
ref_00138,6.203,3.952,3.952,6.86,3.952,3.952,3.556,3.952,3.556,3.556,3.952,3.556,3.556,3.952,3.556,3.952,4.235,6.549,3.556,3.556,3.556,6.664,3.952,3.952,3.952,3.556,4.235,3.556,3.556,3.952,4.235,7.054,6.014,3.952,3.556,6.132,3.556,3.556,3.952
ref_00139,6.228,3.515,2.851,6.836,3.515,3.515,3.515,3.515,3.515,3.515,3.515,3.515,3.911,3.515,3.911,3.515,3.911,6.507,3.911,3.515,3.515,6.836,2.851,3.911,3.515,3.911,2.851,3.515,3.515,3.515,3.911,7.097,6.29,3.515,3.911,6.8,3.515,3.515,3.911
ref_00140,6.305,3.445,3.84,6.815,3.445,3.445,3.445,3.84,3.84,3.445,3.84,3.84,3.84,3.445,3.445,3.445,3.84,6.459,3.84,3.445,3.84,6.728,3.84,4.122,3.445,3.445,4.122,3.84,2.783,3.445,3.445,6.864,5.719,3.84,3.445,6.832,3.84,3.84,3.84
ref_00141,6.484,3.819,3.425,6.827,3.425,3.425,3.425,4.102,3.425,3.425,3.425,3.819,3.425,3.425,2.764,3.819,4.102,6.707,3.819,3.425,3.819,6.859,4.102,3.819,3.425,3.425,3.819,3.819,3.819,2.764,3.425,6.632,6.197,3.819,3.425,6.338,4.102,3.819,3.425
ref_00142,6.555,3.911,3.911,6.853,3.911,3.515,3.911,3.515,3.911,3.515,3.515,3.515,3.911,3.911,3.515,3.515,3.515,6.09,3.515,3.515,3.911,6.29,2.851,3.515,3.515,3.515,2.851,3.911,3.911,3.515,3.515,6.29,6.32,3.911,3.911,6.725,3.515,3.515,3.911
ref_00143,6.312,3.731,3.062,6.152,3.731,3.731,3.731,3.731,3.731,3.062,3.062,3.731,3.731,4.129,3.731,4.129,3.731,6.653,4.129,3.062,4.129,6.571,3.731,3.731,3.731,3.731,3.731,3.062,3.062,3.731,3.731,6.704,6.512,4.129,3.731,6.865,4.129,3.062,3.731
ref_00144,6.636,3.617,3.617,6.195,4.014,3.617,4.014,2.951,3.617,4.014,3.617,3.617,4.014,3.617,2.951,3.617,4.014,6.509,3.617,3.617,3.617,6.81,4.014,3.617,4.014,4.014,2.951,2.951,4.014,3.617,3.617,6.425,5.895,4.014,4.014,7.025,3.617,3.617,4.014
ref_00145,6.559,3.748,4.03,6.983,4.03,3.354,3.748,3.748,3.354,3.748,4.03,3.354,3.354,4.03,3.748,3.354,3.748,7.008,3.354,4.03,3.354,6.559,3.354,3.354,3.748,3.748,3.748,4.03,3.354,3.354,3.354,6.931,5.674,3.354,3.748,6.238,3.354,3.354,3.354
ref_00146,6.003,2.92,3.586,6.45,2.92,2.92,3.586,3.982,3.586,3.586,3.586,3.982,3.982,3.586,2.92,2.92,3.982,6.268,3.982,3.586,3.586,6.53,3.586,3.982,2.92,3.586,3.586,2.92,3.586,3.586,3.982,6.163,5.958,3.982,3.586,7.085,3.586,2.92,3.982
ref_00147,5.986,3.281,3.281,6.741,3.955,3.674,3.674,3.955,3.674,3.955,3.674,3.674,4.175,3.674,3.955,3.955,3.674,6.522,3.955,3.674,3.281,6.483,4.175,3.674,3.674,3.674,3.674,3.674,4.175,3.955,3.955,7.094,6.662,3.674,3.955,7.166,3.281,3.674,3.281
ref_00148,6.829,3.943,3.269,6.842,3.269,3.269,3.269,3.662,3.662,3.943,4.162,3.943,3.943,3.943,3.662,3.269,3.662,6.599,3.269,3.943,3.662,6.277,3.662,3.943,3.943,3.943,4.162,3.269,3.269,3.662,3.662,6.367,6.43,3.943,3.662,7.247,3.269,3.662,3.943
ref_00149,6.74,3.911,3.911,6.68,3.911,3.238,3.63,3.911,3.63,4.13,3.63,3.238,3.911,3.238,4.13,3.63,3.911,6.665,3.63,4.13,3.63,6.875,3.63,3.911,3.63,4.13,3.911,3.238,3.63,3.63,3.63,7.121,6.398,3.238,3.63,7.121,3.63,3.63,3.63
ref_00150,6.093,3.717,3.324,6.926,3.999,3.999,3.717,3.717,3.324,3.717,3.717,3.324,3.324,3.324,3.717,3.999,3.717,6.8,3.717,3.324,3.324,6.38,3.717,3.717,3.717,3.999,3.999,3.324,3.324,3.999,3.717,6.639,6.585,3.324,3.717,7.106,3.717,3.324,3.717
ref_00151,5.796,3.622,3.622,6.795,3.622,2.956,2.956,3.622,3.622,2.956,3.622,3.622,3.622,2.956,3.622,3.622,3.622,6.929,2.956,2.956,3.622,6.236,3.622,4.019,3.622,2.956,3.622,2.956,2.956,3.622,3.622,6.835,6.123,3.622,3.622,6.641,2.956,3.622,3.622
ref_00152,5.824,3.548,3.943,6.438,3.548,3.548,3.548,3.548,3.548,3.548,3.548,3.548,3.943,3.548,3.548,2.883,3.548,6.438,3.943,3.548,3.548,6.261,3.548,3.548,3.548,3.548,3.943,2.883,3.548,2.883,3.548,6.086,5.824,3.548,3.548,7.046,2.883,2.883,3.548
ref_00153,6.432,3.353,3.747,6.845,4.028,3.353,4.028,3.747,3.353,4.028,3.747,3.747,3.747,4.028,3.353,3.747,3.353,6.859,3.747,4.028,3.353,6.614,3.747,3.747,4.028,3.353,4.028,3.747,3.353,4.028,4.028,6.557,6.092,3.747,3.747,7.22,3.747,3.353,3.747
ref_00154,6.397,3.534,3.93,6.397,3.534,4.213,3.93,4.213,3.93,4.213,3.534,3.93,4.213,3.93,3.93,4.213,3.93,6.764,3.534,3.534,4.213,6.527,4.213,3.93,4.213,3.93,3.93,3.534,3.93,3.534,3.93,6.642,6.705,3.534,3.534,7.143,3.93,3.534,3.534
ref_00155,6.605,3.478,3.478,7.031,3.873,3.873,4.156,3.873,4.156,4.156,3.478,3.478,4.156,3.873,3.873,3.478,4.156,6.252,4.156,4.156,4.156,6.493,4.156,4.156,3.478,3.873,4.156,3.478,4.156,3.873,4.156,6.687,6.123,3.873,3.478,6.687,3.873,3.873,3.873
ref_00156,6.071,3.696,3.696,6.643,3.696,3.696,3.696,3.028,4.093,3.696,3.696,4.093,3.028,3.696,3.696,3.028,4.093,6.347,3.696,3.696,3.696,6.693,4.093,3.696,3.696,3.696,4.093,3.028,3.696,4.093,3.696,7.039,6.199,4.093,4.093,6.949,3.696,3.696,3.696
ref_00157,5.931,4.001,3.605,6.497,3.605,3.605,3.605,4.001,3.605,3.605,3.605,3.605,4.001,2.939,3.605,3.605,3.605,6.382,4.001,3.605,4.284,6.523,4.001,4.284,4.001,3.605,2.939,3.605,3.605,3.605,3.605,6.928,6.253,3.605,4.001,6.523,3.605,3.605,4.001
ref_00158,6.621,4.0,3.603,6.285,2.937,3.603,3.603,4.0,2.937,3.603,2.937,4.0,3.603,3.603,3.603,3.603,3.603,6.796,2.937,3.603,3.603,6.755,2.937,3.603,2.937,3.603,3.603,2.937,3.603,3.603,3.603,6.69,6.547,3.603,4.0,6.755,3.603,3.603,4.0
ref_00159,5.87,3.989,3.593,6.984,2.927,3.989,3.989,2.927,3.989,2.927,3.593,2.927,3.593,3.593,3.593,3.593,3.593,6.37,3.593,3.989,3.593,6.511,3.593,3.593,3.593,3.593,3.593,3.593,3.989,3.593,3.593,7.077,6.562,3.989,3.593,6.744,3.989,2.927,3.593
ref_00160,6.543,3.714,3.714,6.353,3.714,3.714,3.995,4.215,3.32,3.714,3.32,3.995,3.32,3.714,3.714,3.32,3.714,6.909,3.714,3.32,3.32,6.23,3.995,3.32,3.995,3.32,3.995,3.995,3.995,3.995,3.32,6.948,6.281,3.714,3.714,6.796,3.995,3.995,3.995
ref_00161,5.849,3.789,3.789,6.932,3.789,3.395,4.071,4.071,3.395,3.789,3.789,3.789,3.395,3.789,3.395,3.789,3.395,6.639,3.395,3.395,3.395,6.694,3.789,3.395,3.395,3.789,3.789,3.789,3.789,3.789,3.395,6.843,6.383,3.789,3.789,6.763,4.071,3.789,3.789
ref_00162,6.39,3.642,3.25,6.887,3.642,3.642,3.642,3.25,3.923,3.923,3.923,3.642,4.142,3.642,3.923,3.642,3.923,6.752,3.923,3.923,3.923,6.961,3.25,3.642,3.642,3.25,3.642,3.923,3.642,3.923,3.923,6.257,6.507,3.25,3.923,6.489,3.642,3.923,3.642
ref_00163,6.527,2.968,4.032,6.527,4.032,3.635,3.635,3.635,3.635,4.032,4.032,4.315,3.635,3.635,3.635,4.032,3.635,6.766,4.032,4.032,3.635,6.351,2.968,3.635,4.032,3.635,4.032,3.635,3.635,3.635,4.032,6.472,6.58,3.635,3.635,6.976,3.635,2.968,2.968
ref_00164,6.472,3.435,3.83,6.853,4.112,3.83,4.112,4.112,3.83,4.112,4.112,3.83,3.83,3.435,3.435,3.83,3.435,6.869,3.435,3.83,3.83,6.788,3.435,3.435,3.435,3.435,4.332,4.112,3.83,3.83,3.83,6.424,6.266,3.435,4.112,6.853,4.112,3.83,4.332
ref_00165,6.521,2.842,3.506,6.25,3.506,3.901,3.506,3.506,3.506,3.901,3.506,3.901,3.506,3.506,3.901,3.901,3.506,6.521,3.901,3.901,3.506,6.612,3.506,2.842,3.901,3.506,3.506,3.506,3.901,3.901,3.506,6.568,6.521,3.901,3.506,7.226,3.506,3.506,3.506
ref_00166,6.083,3.039,3.708,6.25,3.708,4.105,3.708,3.708,3.708,3.039,3.708,3.708,3.708,3.708,3.708,3.708,3.039,6.488,4.105,3.708,3.708,6.287,4.105,4.105,3.708,4.105,3.039,3.708,4.105,3.708,3.708,6.602,6.324,3.708,3.708,6.862,4.105,3.708,4.105
ref_00167,6.656,2.97,3.637,7.045,3.637,3.637,3.637,4.033,3.637,2.97,4.033,3.637,3.637,3.637,4.033,3.637,3.637,6.679,2.97,2.97,3.637,6.445,3.637,3.637,3.637,2.97,4.033,3.637,3.637,3.637,3.637,6.529,5.915,2.97,2.97,6.097,3.637,3.637,3.637
ref_00168,6.823,4.022,3.74,6.777,3.74,3.74,3.74,4.022,3.74,4.022,3.346,4.022,4.022,3.74,3.74,3.74,3.74,6.713,3.74,4.022,3.74,6.23,4.022,3.346,3.74,3.346,3.346,4.022,3.74,4.022,3.346,7.193,6.203,3.74,4.022,6.909,3.74,3.346,3.346
ref_00169,6.16,3.029,3.698,6.932,3.698,3.698,3.029,3.029,4.095,3.698,3.698,3.029,3.698,3.698,3.698,3.698,3.029,6.314,3.698,3.698,3.698,5.978,3.698,3.698,3.029,3.029,3.029,3.698,3.698,3.698,3.029,6.537,6.16,3.698,3.698,7.041,3.698,3.698,3.698
ref_00170,6.0,3.898,3.898,6.444,3.503,3.898,3.898,3.503,3.503,3.503,3.898,4.181,3.503,3.898,3.503,3.898,3.503,6.874,3.503,3.503,3.898,6.75,3.898,3.898,3.503,3.503,3.898,4.181,3.898,3.898,4.181,7.111,5.826,3.898,2.839,6.939,2.839,3.898,3.898
ref_00171,6.1,3.948,3.948,6.718,3.274,3.948,3.274,3.274,3.667,3.948,3.667,3.948,3.274,3.274,3.667,3.948,4.167,6.938,3.948,3.274,3.274,6.702,3.274,3.948,3.667,3.667,3.667,3.274,3.667,3.274,4.167,7.178,6.041,3.274,3.667,6.748,3.948,3.667,3.667
ref_00172,5.962,3.391,3.785,6.808,3.391,3.785,3.391,3.391,4.287,4.067,3.785,3.785,4.067,3.785,3.785,3.785,4.067,6.494,3.785,3.785,4.067,6.654,4.067,4.067,4.067,3.391,3.391,3.785,3.391,3.391,3.391,6.995,6.536,4.067,3.785,6.597,4.067,3.785,3.391
ref_00173,6.659,3.47,2.808,6.385,3.47,3.47,3.47,4.148,3.47,3.47,3.866,3.866,3.866,3.47,3.866,3.866,3.866,6.554,3.866,4.148,3.47,7.037,3.47,4.148,4.148,3.866,3.866,4.148,3.47,3.866,3.47,6.906,6.213,4.148,3.47,6.436,3.866,3.866,2.808
ref_00174,6.21,3.958,3.958,6.369,3.958,3.562,3.562,2.897,3.958,3.958,3.958,3.562,3.958,3.958,3.562,3.958,3.562,6.919,3.958,3.562,2.897,6.754,2.897,3.562,3.562,3.562,3.958,3.562,3.562,3.562,3.562,6.531,6.369,3.562,3.562,6.48,3.958,3.958,3.562
ref_00175,6.008,3.727,3.727,6.344,3.058,3.727,4.125,3.058,4.125,3.727,4.125,3.727,3.727,3.727,3.058,3.727,3.727,6.595,3.727,3.727,3.727,6.725,3.727,3.058,4.125,3.058,4.125,3.058,3.058,3.727,3.058,6.413,6.147,3.058,3.727,6.622,3.058,3.727,3.727
ref_00176,6.559,3.373,3.373,6.923,3.767,3.767,3.373,3.767,3.373,3.767,3.767,3.767,3.373,3.767,3.373,3.767,4.049,6.475,3.373,4.049,3.767,6.789,3.373,3.373,3.373,3.373,3.373,3.373,3.767,3.373,3.767,6.895,6.336,3.373,3.373,6.923,3.373,3.373,4.049
ref_00177,6.472,3.635,4.032,6.808,4.032,3.635,3.635,3.635,3.635,3.635,2.968,3.635,2.968,4.032,3.635,4.032,3.635,6.443,2.968,4.315,3.635,6.527,2.968,3.635,3.635,3.635,3.635,3.635,4.032,3.635,3.635,6.58,6.009,3.635,3.635,6.959,3.635,3.635,3.635
ref_00178,6.528,3.908,3.908,6.949,3.512,3.512,3.908,3.512,3.908,3.512,3.512,3.512,3.512,3.512,3.512,3.512,3.908,6.346,3.512,3.908,3.512,6.401,2.848,3.512,3.908,3.512,3.908,3.908,3.512,3.512,3.512,6.884,5.927,3.512,3.512,6.815,3.908,3.512,3.908
ref_00179,6.626,4.028,3.631,6.825,4.028,4.028,3.631,3.631,2.964,3.631,3.631,2.964,4.028,4.028,2.964,3.631,4.311,6.65,3.631,3.631,4.028,6.602,4.028,3.631,3.631,4.028,3.631,3.631,3.631,3.631,3.631,6.864,5.623,3.631,3.631,6.763,4.028,3.631,3.631
ref_00180,6.31,3.818,3.818,6.549,3.818,4.1,3.423,3.423,3.423,3.423,3.423,3.423,3.818,3.423,3.423,3.423,3.423,6.841,3.818,3.423,3.818,6.101,3.818,3.423,3.818,3.423,4.1,3.818,3.818,3.818,3.818,6.932,6.57,3.423,3.818,7.105,3.818,3.818,3.423
ref_00181,6.496,3.631,3.631,6.763,3.631,4.028,4.028,3.631,3.631,4.311,3.631,4.311,3.631,4.028,2.964,4.028,3.631,7.087,3.631,4.311,4.028,6.209,3.631,3.631,3.631,3.631,4.028,4.028,4.028,4.028,2.964,6.576,6.049,3.631,3.631,6.92,4.028,3.631,3.631
ref_00182,5.957,4.22,3.937,7.15,3.937,4.22,3.541,3.541,3.937,3.541,3.937,3.937,3.937,3.541,4.22,3.541,3.541,6.317,3.937,4.22,4.22,6.809,3.541,3.541,3.541,3.541,3.937,3.937,3.937,3.541,4.22,6.484,6.604,3.937,3.937,6.914,3.541,4.22,3.541
ref_00183,6.001,3.584,3.584,6.602,3.584,3.98,3.584,3.584,3.584,3.98,3.584,3.584,3.98,3.98,3.584,3.584,3.584,6.502,3.584,3.584,3.584,6.648,3.584,3.584,3.98,3.98,3.98,3.584,3.584,3.98,3.98,6.391,6.528,3.584,3.584,6.871,3.98,3.584,2.918
ref_00184,5.883,3.093,3.093,6.832,3.764,3.764,4.161,3.764,3.093,3.764,3.764,3.764,3.764,3.764,4.161,3.093,3.764,6.877,3.093,3.764,3.093,6.45,3.764,3.764,3.764,3.764,3.093,3.093,3.764,3.764,4.161,6.604,6.14,3.764,3.764,6.575,3.764,3.093,4.161
ref_00185,6.752,3.778,3.384,6.609,3.384,3.384,3.778,3.384,3.384,3.778,3.384,3.384,3.778,3.384,3.778,3.384,3.778,6.801,3.384,3.778,3.384,6.185,2.724,3.384,3.778,3.384,3.778,4.06,4.06,3.384,3.384,6.419,6.06,3.778,3.778,6.892,3.778,3.778,3.384
ref_00186,6.315,4.218,3.935,6.456,3.935,3.539,3.935,3.539,3.539,2.875,3.935,3.539,3.539,3.935,3.935,3.539,3.935,6.73,3.539,3.935,3.539,6.374,3.539,4.218,3.935,3.935,3.935,3.935,3.539,3.539,3.935,6.456,5.653,3.539,3.935,7.161,3.539,4.218,3.539
ref_00187,6.236,3.773,4.274,6.871,3.379,3.773,3.773,4.055,4.274,4.055,4.274,4.055,3.773,4.055,4.274,3.773,3.379,6.659,3.379,3.379,4.055,6.544,4.274,3.379,3.379,3.379,3.773,4.055,3.379,3.773,3.773,6.795,6.236,4.055,3.379,7.106,3.773,3.773,3.773
ref_00188,6.169,3.962,3.287,6.47,3.68,3.287,3.962,3.68,3.68,3.68,3.68,3.287,3.287,3.68,3.68,3.287,3.962,7.023,3.962,3.68,3.287,6.196,3.287,3.287,3.962,3.287,3.68,3.287,3.287,3.68,3.68,6.988,6.342,3.287,3.287,6.952,3.68,3.962,3.68
ref_00189,6.324,3.663,3.27,6.87,3.663,3.663,3.27,3.944,3.27,3.663,3.663,3.663,3.663,3.663,3.663,3.944,3.663,6.774,3.663,3.27,3.663,6.51,3.944,3.944,3.663,3.663,3.944,3.663,3.27,3.663,3.27,6.788,6.565,3.27,3.663,7.154,3.663,3.27,3.944
ref_00190,6.391,4.252,3.751,7.072,4.032,4.252,4.032,4.032,3.751,3.357,4.032,3.751,3.357,3.357,4.252,4.032,4.252,6.501,4.032,3.751,4.252,6.986,4.032,4.032,4.032,4.252,3.751,3.751,4.032,4.032,3.751,6.501,6.542,3.357,4.032,6.655,4.032,3.751,4.032
ref_00191,6.07,2.944,2.944,6.187,2.944,3.61,3.61,2.944,2.944,3.61,2.944,3.61,2.944,3.61,3.61,3.61,2.944,6.475,3.61,3.61,3.61,6.418,3.61,3.61,4.007,3.61,3.61,2.944,3.61,2.944,3.61,6.555,5.888,3.61,3.61,6.861,3.61,3.61,3.61
ref_00192,6.571,3.466,3.861,6.549,3.861,3.466,3.466,3.861,3.466,3.861,3.466,2.804,3.466,3.861,3.466,3.466,3.466,6.269,3.466,2.804,3.861,6.713,3.466,2.804,2.804,3.466,3.466,3.466,3.466,2.804,3.861,6.674,6.354,3.861,3.466,6.674,3.861,3.466,3.466
ref_00193,6.276,4.15,3.867,6.791,3.472,3.472,3.472,3.867,3.867,3.867,3.472,4.15,3.867,4.369,4.369,3.867,4.15,6.533,4.369,3.472,3.472,6.36,4.369,4.369,4.15,3.472,4.15,3.472,3.867,3.472,3.867,6.62,6.7,4.369,4.369,6.891,3.472,4.15,3.472
ref_00194,6.769,3.974,3.974,6.441,3.577,3.577,4.257,3.577,4.257,3.577,3.974,3.974,3.974,3.974,4.257,3.974,3.974,6.707,4.257,2.912,3.577,6.354,3.974,3.974,3.577,3.974,3.577,3.577,3.577,3.577,3.577,6.495,6.154,3.974,2.912,6.413,3.577,3.974,3.974
ref_00195,6.628,3.441,3.441,6.759,4.118,3.441,3.836,3.836,3.441,3.836,3.836,3.441,3.836,3.836,3.836,3.441,3.441,6.354,3.836,3.836,3.441,6.936,3.836,3.441,4.118,3.836,3.836,3.836,3.836,4.118,3.836,6.993,5.853,3.441,4.118,6.38,3.441,3.836,3.441
ref_00196,6.601,4.003,4.003,6.443,3.607,3.607,4.003,2.94,3.607,4.003,4.003,4.003,3.607,3.607,3.607,2.94,4.003,7.076,3.607,4.003,3.607,5.98,3.607,3.607,2.94,4.003,3.607,2.94,3.607,4.003,4.003,6.819,5.833,3.607,3.607,6.947,3.607,3.607,3.607
ref_00197,6.587,3.92,3.525,6.792,3.92,3.92,3.92,3.525,3.525,3.525,3.525,3.92,3.525,3.525,3.525,3.92,3.525,6.414,2.861,3.525,3.525,6.136,3.525,3.525,3.92,3.525,3.525,3.92,3.525,3.525,3.92,6.81,6.171,3.92,3.525,6.792,3.92,3.92,3.525
ref_00198,5.856,3.838,3.838,6.727,3.838,3.444,3.444,3.444,3.838,3.838,3.444,3.444,3.838,3.444,3.444,4.121,3.444,6.611,4.121,3.838,3.444,6.591,3.444,3.444,2.782,3.444,3.444,3.444,3.444,3.838,3.838,6.57,6.186,3.838,3.444,6.548,3.444,3.838,3.838
ref_00199,6.144,3.656,3.937,7.009,3.937,3.656,3.656,3.263,4.156,3.656,3.937,3.263,3.656,3.656,3.656,3.656,3.656,6.795,3.263,3.937,3.937,6.558,3.263,3.656,3.656,3.937,3.263,3.656,3.656,3.263,3.656,6.926,6.521,3.263,3.937,7.031,3.263,3.656,3.656
ref_00200,6.439,3.69,3.69,6.408,4.088,4.088,4.088,4.088,3.022,3.69,3.022,3.69,3.69,3.022,3.69,3.69,3.69,6.5,3.022,4.088,3.69,6.065,4.088,4.088,3.69,3.69,3.69,3.69,3.69,3.022,3.69,6.529,6.11,3.69,3.022,6.557,3.022,3.69,3.69
ref_00201,6.311,3.566,3.962,6.372,3.566,3.566,3.962,3.962,3.566,4.245,4.245,3.962,3.962,3.566,3.566,3.962,3.962,6.905,3.566,3.566,3.566,6.716,3.962,3.566,3.962,3.566,3.962,3.566,3.566,3.566,3.962,6.429,6.606,3.566,3.566,6.534,3.962,3.962,2.9
ref_00202,6.131,3.391,3.785,6.708,4.067,3.785,4.067,3.391,4.067,3.785,3.785,3.785,3.391,4.067,4.067,3.785,4.067,6.303,4.067,4.067,3.391,6.792,3.785,3.785,3.785,3.785,3.391,3.391,3.785,4.067,3.785,7.356,6.1,3.391,4.067,6.839,3.785,4.067,4.287
ref_00203,6.4,3.46,3.46,6.586,2.798,3.855,3.855,3.46,3.46,3.855,3.46,4.137,3.46,3.855,3.46,3.46,3.855,6.45,3.46,3.46,3.855,6.648,3.46,3.46,3.46,3.855,3.46,3.46,3.855,3.855,2.798,6.814,6.474,3.855,3.46,6.97,3.46,3.46,2.798
ref_00204,6.228,3.426,4.103,6.876,4.323,3.426,3.426,3.821,3.426,3.426,4.103,3.426,3.426,3.821,4.103,4.103,4.103,6.906,3.821,3.821,3.821,6.593,3.821,4.103,3.821,3.426,3.426,3.821,3.426,3.821,4.103,6.463,6.779,3.426,3.426,6.906,3.426,4.103,3.821
ref_00205,6.009,3.665,4.166,7.127,3.665,3.665,3.665,3.665,3.665,3.665,3.947,3.665,3.947,3.273,4.166,3.665,3.273,6.568,3.665,3.947,3.273,6.924,3.947,3.665,3.273,4.166,4.166,3.665,3.947,4.166,3.665,6.494,6.18,3.273,3.947,6.846,3.665,3.665,3.665
ref_00206,6.153,3.776,4.174,6.429,4.174,3.776,3.776,4.174,3.776,3.776,3.776,3.776,4.174,3.106,3.106,3.106,3.776,6.953,3.776,4.174,3.776,5.953,3.106,3.776,3.776,3.776,3.106,3.776,4.174,3.776,3.776,6.75,6.153,3.776,3.106,6.911,3.776,3.776,3.776
ref_00207,6.003,2.805,3.467,6.733,3.467,3.467,3.467,3.467,3.467,2.805,3.467,3.862,3.862,3.467,3.862,3.862,4.145,6.918,3.862,3.862,3.862,6.769,3.467,3.862,2.805,3.467,3.467,3.862,3.862,3.862,3.467,6.918,6.003,3.467,3.467,7.1,3.467,3.862,3.862
ref_00208,5.976,3.518,2.855,6.434,3.518,3.518,3.518,3.914,3.518,3.914,3.518,3.518,3.914,3.518,3.518,3.914,3.518,6.891,3.518,3.914,3.914,6.38,3.518,3.518,3.518,4.197,3.914,3.914,3.914,4.197,3.518,6.822,6.625,3.518,4.197,7.153,3.914,3.518,3.914
ref_00209,6.286,3.743,3.743,6.206,3.743,3.743,3.743,3.074,3.743,3.743,3.743,3.743,3.074,4.141,3.743,3.743,3.743,7.186,3.743,3.743,4.141,6.789,3.743,3.074,3.743,3.743,3.743,3.743,3.743,3.743,3.743,6.324,5.973,4.141,4.141,6.524,3.743,3.743,4.141
ref_00210,6.488,3.305,4.199,6.405,4.199,3.305,3.698,3.98,3.98,3.98,3.698,3.305,3.698,3.698,3.98,3.698,4.199,6.866,3.698,3.98,3.305,6.24,3.698,3.698,3.698,3.98,3.698,3.698,3.698,3.98,3.698,7.22,6.265,3.98,3.698,6.932,3.98,3.698,3.305
ref_00211,6.926,4.153,3.87,6.513,3.87,3.87,3.87,3.475,3.475,3.87,3.87,3.87,3.475,4.153,3.87,3.475,4.153,6.829,4.153,3.475,3.87,6.218,3.475,3.475,3.87,3.87,3.475,3.87,3.475,3.87,3.87,6.684,6.722,3.475,3.475,6.363,3.475,3.87,4.153
ref_00212,6.426,3.906,3.906,6.68,3.511,3.906,3.906,3.511,3.511,3.906,3.906,3.906,3.906,3.511,3.906,3.906,3.906,6.866,3.906,3.511,3.511,6.121,3.511,3.906,3.511,4.189,3.511,2.847,3.906,4.189,4.189,6.372,5.881,3.906,3.906,6.777,4.189,4.189,3.511
ref_00213,6.699,3.633,3.633,6.552,2.966,3.633,3.633,4.03,4.03,4.03,4.03,3.633,4.03,2.966,4.03,3.633,3.633,6.173,3.633,4.03,3.633,6.173,3.633,2.966,3.633,3.633,3.633,4.03,2.966,4.03,3.633,6.903,6.526,3.633,3.633,6.957,4.03,4.03,3.633
ref_00214,6.462,2.809,3.472,6.387,3.472,3.472,4.15,3.867,3.472,3.867,3.472,3.867,3.472,3.867,3.472,3.867,3.472,7.025,3.867,3.472,3.867,6.661,4.15,3.472,3.472,3.867,4.15,3.867,3.472,3.867,3.472,6.923,6.046,3.867,3.472,7.039,3.867,3.472,3.472
ref_00215,6.322,3.313,3.706,6.368,3.313,3.706,3.313,3.706,3.313,3.706,3.706,3.706,3.987,3.313,3.706,3.313,3.987,6.694,3.706,3.706,3.313,6.927,3.706,3.987,3.706,3.987,3.313,3.706,3.706,3.313,3.313,6.99,5.986,3.987,3.313,6.927,3.313,3.313,3.987
ref_00216,5.996,3.975,3.975,6.47,3.975,3.579,3.579,4.258,4.258,3.975,3.975,4.258,4.258,3.579,3.579,4.258,3.579,6.73,4.258,3.975,3.975,6.62,4.258,3.975,4.258,3.975,4.258,3.579,3.975,4.258,3.975,7.093,6.771,4.258,3.579,6.47,3.579,2.914,3.975
ref_00217,6.598,3.977,3.977,6.598,3.581,3.977,3.581,3.977,2.915,3.977,3.581,3.977,3.977,3.581,3.977,3.581,3.581,6.988,3.977,3.977,3.581,6.12,3.977,3.977,3.581,3.977,3.977,3.581,3.977,3.581,3.581,6.921,6.157,3.581,3.977,6.472,3.581,3.581,4.26
ref_00218,5.976,4.081,4.081,6.705,3.405,3.405,3.405,3.799,3.799,3.799,4.081,4.081,3.405,3.799,3.799,3.799,4.301,7.023,4.081,3.799,4.081,6.291,3.799,4.081,4.081,3.405,3.799,4.081,4.081,4.081,4.081,6.508,6.369,3.405,3.799,6.631,3.799,4.301,3.799
ref_00219,6.665,4.134,3.852,6.995,4.354,3.457,3.457,3.852,3.852,3.852,3.852,4.134,3.852,3.457,3.457,4.134,4.134,6.665,3.457,3.457,3.457,6.604,3.457,4.134,3.457,4.134,3.457,4.134,3.852,3.457,3.457,6.562,6.471,4.354,3.852,6.422,4.354,3.852,3.852
ref_00220,6.349,3.768,3.097,6.881,3.768,3.768,3.768,3.768,3.768,3.097,3.768,3.768,3.097,3.768,3.768,4.166,3.097,6.231,4.166,3.768,4.166,6.636,3.768,3.768,4.166,4.166,3.768,4.166,3.768,3.097,3.097,6.518,6.349,3.768,3.097,6.923,3.768,4.166,3.768
ref_00221,6.516,4.021,3.624,6.875,3.624,4.021,2.957,3.624,2.957,3.624,4.021,2.957,4.021,2.957,2.957,3.624,2.957,7.064,3.624,2.957,3.624,6.569,2.957,2.957,3.624,2.957,4.021,3.624,4.021,2.957,3.624,6.712,5.851,3.624,4.021,6.912,3.624,3.624,4.021
ref_00222,6.483,3.753,3.36,6.837,3.753,3.753,3.753,4.035,4.035,3.753,3.36,4.035,3.36,3.36,3.36,3.753,3.753,6.822,4.035,4.035,3.36,6.923,3.753,3.753,4.255,3.753,4.035,3.753,4.035,3.753,4.035,6.693,6.524,3.753,3.753,6.759,3.753,3.36,4.035
ref_00223,6.702,3.948,3.667,6.638,3.667,3.948,3.948,3.274,3.948,3.274,3.948,3.948,3.274,3.667,3.667,3.667,3.667,6.847,3.948,3.274,3.948,6.686,3.667,3.948,3.948,3.667,3.274,3.948,3.667,3.274,3.274,6.962,6.282,3.274,3.667,6.415,3.948,3.274,3.948
ref_00224,6.807,3.935,3.539,6.625,3.539,3.539,3.539,4.218,3.935,3.539,3.935,3.935,3.539,4.218,3.935,3.935,3.935,6.186,3.935,3.935,3.539,6.22,3.539,3.539,3.935,3.539,3.935,3.539,3.935,3.935,3.935,7.122,6.151,3.935,3.935,7.224,3.935,3.539,3.935
ref_00225,6.359,3.708,3.708,6.547,3.039,3.708,4.105,3.708,3.708,3.039,3.039,3.708,3.708,3.708,3.708,3.039,3.708,6.393,4.105,3.039,3.708,6.729,3.708,3.708,3.708,4.105,4.105,3.708,3.708,3.039,3.708,6.819,6.211,3.708,3.708,6.903,3.039,3.708,3.708
ref_00226,6.409,2.935,3.998,6.62,3.601,3.998,2.935,3.601,3.601,3.998,3.601,3.601,3.601,3.601,3.601,3.998,3.601,6.62,3.601,3.998,3.601,6.215,3.601,3.601,3.601,3.601,3.998,3.601,3.601,3.601,2.935,6.976,6.348,3.998,3.601,6.62,3.601,3.601,2.935
ref_00227,6.406,3.571,3.571,6.721,3.571,3.571,2.905,3.571,2.905,3.571,3.571,2.905,3.571,3.571,3.571,2.905,3.571,6.462,3.571,3.571,3.967,5.987,3.571,3.571,3.571,3.571,2.905,3.571,3.967,3.967,3.571,6.857,6.462,3.571,3.571,6.839,3.571,3.571,3.571
ref_00228,6.529,3.514,3.514,6.088,3.909,3.514,3.909,3.909,3.909,3.514,2.85,2.85,3.909,3.514,3.909,3.909,3.514,6.799,3.514,3.514,3.909,6.598,3.909,3.514,3.909,3.514,3.909,3.514,3.909,3.909,3.909,6.683,6.051,3.909,3.514,6.834,3.909,3.909,3.514
ref_00229,6.517,4.048,2.984,6.783,3.651,3.651,3.651,2.984,3.651,3.651,2.984,2.984,2.984,3.651,3.651,2.984,3.651,6.23,3.651,3.651,2.984,6.647,3.651,3.651,2.984,2.984,3.651,3.651,3.651,2.984,2.984,6.74,5.768,3.651,4.048,6.153,3.651,2.984,2.984
ref_00230,6.129,3.419,3.814,6.942,3.419,3.419,2.758,3.419,3.419,4.096,4.096,3.814,3.419,4.096,3.814,3.419,3.419,6.25,3.814,3.419,3.814,6.408,3.814,3.814,3.419,4.096,3.419,3.419,3.419,3.419,3.419,7.136,6.358,3.419,3.814,6.408,4.096,3.814,3.814
ref_00231,6.516,3.624,4.021,7.016,4.021,4.021,4.304,4.021,4.021,3.624,3.624,3.624,4.021,4.021,3.624,4.021,4.021,6.93,4.021,3.624,3.624,6.689,4.021,3.624,4.021,4.021,2.957,3.624,3.624,3.624,3.624,6.667,5.851,3.624,4.021,6.273,3.624,3.624,4.021
ref_00232,6.55,3.983,3.309,7.09,3.309,3.309,3.309,3.309,3.702,3.702,3.702,3.309,3.702,3.983,3.702,3.702,3.702,6.107,3.702,3.983,3.702,6.674,3.702,3.702,3.983,3.702,3.309,3.309,3.983,4.203,3.983,6.738,6.191,3.702,3.983,6.897,3.983,3.983,3.983
ref_00233,6.6,3.238,3.911,7.038,3.63,3.911,3.911,3.63,3.63,3.238,3.238,3.63,3.911,3.238,3.63,3.238,3.63,7.027,3.911,3.911,3.238,6.567,3.911,3.63,3.911,3.63,3.238,3.63,4.13,3.238,3.238,6.09,6.268,3.911,3.238,7.14,3.63,3.238,3.63
ref_00234,6.456,3.837,4.119,6.547,3.837,3.837,4.119,3.837,3.837,3.442,3.442,3.442,3.837,3.442,3.837,3.442,3.837,6.63,3.837,3.442,3.837,6.502,4.119,4.119,3.442,3.442,4.119,3.442,3.837,3.837,3.837,7.022,6.245,3.837,4.119,7.035,3.442,3.442,3.442
ref_00235,6.767,3.745,4.027,6.98,4.027,4.027,3.745,4.027,3.745,3.352,4.027,4.027,3.745,3.352,4.027,3.745,4.027,7.006,3.352,3.352,3.745,6.059,3.745,4.027,4.027,4.027,3.745,3.352,4.027,3.745,4.027,6.858,6.516,3.745,4.027,6.453,3.745,3.745,4.027
ref_00236,5.919,3.743,3.074,6.164,3.743,3.743,3.743,3.074,3.074,3.743,3.743,3.743,3.743,3.743,3.743,3.743,3.743,7.186,4.141,3.743,3.743,6.493,3.743,3.743,3.074,3.743,3.743,3.743,3.074,3.743,3.743,6.919,5.919,3.074,4.141,6.611,3.743,4.141,3.743
ref_00237,6.513,4.024,3.349,7.028,3.349,3.743,3.349,3.349,3.349,3.349,3.743,4.024,3.743,3.349,3.743,3.743,3.743,6.472,3.349,3.349,3.743,6.841,4.024,3.349,3.349,3.349,4.024,4.024,3.349,4.024,4.024,6.811,6.647,3.349,3.743,6.78,3.349,3.743,3.743
ref_00238,6.223,3.173,3.845,6.658,3.845,3.845,3.173,3.173,3.845,3.173,3.845,3.845,3.845,3.173,3.173,3.845,3.173,6.845,3.173,3.845,3.173,6.351,3.845,3.173,3.845,3.173,3.173,3.845,3.845,3.845,3.173,6.687,6.428,3.173,3.845,6.499,3.845,3.845,3.173
ref_00239,6.487,3.916,3.52,6.559,3.916,3.52,3.52,3.52,3.52,3.52,3.916,3.916,3.52,3.916,3.52,2.856,3.916,7.074,3.916,3.52,3.52,6.2,3.52,2.856,3.916,3.52,3.52,3.916,3.916,3.916,3.52,6.512,5.745,3.52,4.198,6.925,3.916,4.198,3.52
ref_00240,3.952,3.556,3.952,3.556,3.556,3.952,3.556,6.269,3.952,3.952,3.952,3.556,6.473,6.362,3.556,6.055,2.891,3.952,6.596,3.556,3.556,3.556,3.952,6.473,3.556,3.556,3.556,3.556,3.556,3.556,6.596,3.952,3.556,3.556,6.499,3.556,3.556,3.952,3.556
ref_00241,3.626,4.023,4.023,3.626,4.023,3.626,3.626,6.204,2.959,2.959,3.626,3.626,6.463,6.373,4.023,6.645,2.959,3.626,6.545,3.626,3.626,3.626,4.023,6.166,3.626,2.959,3.626,2.959,3.626,3.626,6.127,3.626,4.023,3.626,6.373,3.626,4.023,3.626,3.626
ref_00242,3.514,3.514,3.514,2.85,3.514,2.85,3.514,6.403,3.909,3.909,3.514,3.514,6.505,6.869,3.514,6.642,3.514,3.909,6.258,3.514,3.514,3.514,3.514,6.505,3.909,3.514,3.514,3.909,3.909,2.85,6.194,3.514,3.514,3.909,5.738,3.514,3.514,3.514,3.514
ref_00243,3.461,4.139,3.856,3.856,3.856,3.461,3.461,6.376,3.856,3.461,3.461,3.856,6.832,6.476,3.461,6.235,3.461,3.461,6.173,3.461,3.856,3.856,3.461,6.376,4.139,4.139,3.461,3.461,3.461,3.856,6.322,3.856,3.856,3.461,6.476,4.139,3.461,3.856,3.856
ref_00244,3.052,3.721,3.052,4.119,3.721,3.721,3.052,6.338,3.721,3.721,3.721,3.721,6.184,6.789,3.721,6.002,4.119,3.721,6.589,3.721,3.721,3.721,3.052,6.532,3.721,3.721,3.721,3.721,3.052,4.119,6.471,3.721,3.721,3.721,6.225,3.721,3.721,4.119,3.721
ref_00245,3.598,2.932,3.598,3.598,3.994,3.994,3.994,6.28,3.598,3.598,3.598,3.598,6.592,6.77,3.598,6.175,3.994,3.598,5.714,3.994,3.994,2.932,3.598,6.489,3.598,3.994,3.598,2.932,3.598,3.994,6.375,3.598,3.598,2.932,6.137,3.994,3.598,3.598,2.932
ref_00246,3.484,3.879,3.879,4.162,3.879,3.484,3.879,6.45,3.879,4.162,4.162,3.879,6.475,6.888,4.382,5.981,4.162,4.162,6.888,4.162,3.879,4.162,4.162,6.611,3.879,3.879,3.484,3.879,3.484,3.484,6.673,4.162,3.879,3.484,6.288,3.879,3.879,4.162,3.879
ref_00247,3.681,3.681,4.078,3.681,3.681,3.681,4.078,6.398,3.681,3.681,3.681,3.681,6.43,6.519,3.681,6.519,3.681,3.013,6.701,3.681,3.681,3.681,3.013,6.331,3.681,3.681,3.681,3.681,3.681,3.681,6.143,3.681,3.681,3.681,5.856,3.681,3.681,3.681,4.078
ref_00248,3.764,3.764,3.764,3.764,3.764,3.764,3.764,6.307,3.764,3.093,3.093,4.161,6.381,6.809,3.764,6.632,3.093,4.161,6.345,3.764,3.764,3.764,3.764,6.14,3.093,3.764,3.764,3.764,3.093,3.764,6.094,3.764,3.764,3.764,6.227,3.764,4.161,3.764,3.764
ref_00249,3.074,3.743,3.074,3.743,4.141,3.074,3.074,5.919,3.074,3.074,3.743,3.743,6.024,6.978,3.074,5.973,3.074,3.743,6.716,3.743,3.743,3.743,3.743,6.024,3.074,3.743,3.074,3.743,3.743,3.074,6.395,3.743,3.074,3.743,5.973,4.141,3.743,3.074,3.743
ref_00250,3.731,3.731,3.731,4.012,3.337,4.012,4.012,6.221,4.012,4.012,3.731,3.731,6.416,7.051,3.337,6.273,3.731,3.731,6.459,3.337,3.337,4.012,4.232,6.247,3.337,3.337,3.337,3.337,4.012,3.731,6.323,3.731,3.337,3.337,6.501,3.731,4.012,3.337,4.012
ref_00251,3.564,3.96,3.564,3.564,3.564,3.564,3.96,6.755,3.96,3.96,3.96,3.96,6.102,6.399,4.243,6.557,3.96,3.96,6.37,3.96,3.96,4.243,2.899,6.399,3.96,3.96,3.96,3.564,3.564,3.96,6.31,4.463,4.243,4.243,6.532,3.96,3.564,3.564,4.463
ref_00252,3.52,3.916,3.52,3.52,3.916,3.52,3.52,5.891,3.52,3.52,2.856,3.52,6.605,6.559,3.916,6.487,3.52,3.916,6.2,3.916,3.916,3.52,3.916,6.69,3.52,3.916,3.52,3.52,3.52,3.52,6.131,3.52,3.916,3.52,6.605,3.52,3.52,3.916,3.52
ref_00253,2.904,3.965,3.569,3.569,3.569,3.965,3.569,5.941,3.569,3.569,3.569,3.569,6.699,6.699,3.569,6.375,3.569,3.569,5.985,3.965,3.965,3.569,3.569,6.375,3.569,3.569,3.965,3.965,3.569,3.965,6.76,3.569,3.965,3.965,6.677,4.248,3.569,3.965,3.569
ref_00254,4.059,4.059,3.383,4.278,3.777,4.059,4.059,6.717,4.059,3.777,3.383,3.383,6.75,6.588,3.777,6.32,3.383,3.777,6.37,3.383,3.383,4.059,4.059,6.783,3.777,3.383,3.383,4.059,4.059,3.777,6.485,3.777,3.777,4.059,6.154,4.059,3.777,4.059,3.383
ref_00255,3.942,3.546,3.546,3.942,3.546,3.546,3.546,6.259,3.546,3.942,3.546,3.942,6.696,6.868,3.942,6.084,2.881,3.942,6.675,3.546,3.546,3.546,3.942,6.352,3.546,2.881,3.942,3.546,3.942,3.942,6.675,4.224,3.546,3.546,6.121,3.546,3.546,3.546,3.546
ref_00256,3.474,4.151,3.474,3.474,3.869,3.869,3.869,6.414,3.869,4.151,3.869,3.474,6.362,6.682,4.151,6.739,3.869,3.869,6.512,3.869,3.474,3.474,4.151,6.662,3.869,2.811,3.869,3.869,3.474,3.869,6.81,3.869,3.869,3.869,6.009,3.474,4.151,4.151,3.474
ref_00257,3.648,2.98,3.648,4.044,3.648,2.98,3.648,5.64,3.648,4.044,2.98,3.648,6.513,6.485,3.648,6.297,2.98,2.98,5.704,2.98,4.044,4.044,3.648,6.643,3.648,3.648,2.98,3.648,4.044,2.98,6.022,3.648,3.648,2.98,6.485,3.648,4.044,4.044,3.648
ref_00258,4.046,3.649,3.649,3.649,3.649,2.982,3.649,5.928,3.649,3.649,2.982,2.982,5.766,6.863,3.649,6.487,3.649,2.982,6.669,4.046,2.982,3.649,3.649,6.645,2.982,3.649,3.649,4.046,2.982,3.649,5.928,4.046,2.982,2.982,5.977,3.649,3.649,3.649,3.649
ref_00259,3.822,4.105,4.105,3.822,3.428,3.428,4.105,6.595,4.105,4.105,3.822,3.822,6.392,6.814,3.822,6.595,4.105,4.105,6.595,3.428,4.105,4.324,4.105,6.692,4.105,3.822,4.105,3.822,3.822,3.822,6.2,4.105,4.324,4.105,6.814,4.105,4.105,4.105,4.324
ref_00260,3.399,3.794,3.794,4.076,3.794,3.399,4.076,5.811,3.399,3.794,3.794,3.794,6.907,6.699,3.399,6.285,3.399,3.794,6.338,3.794,3.794,3.794,3.794,7.004,3.399,3.794,4.076,3.794,3.794,3.399,6.545,3.794,3.794,4.076,6.363,3.794,3.794,3.794,3.794
ref_00261,3.901,3.901,3.901,3.901,3.901,3.506,3.901,6.185,3.506,3.901,3.901,3.901,6.926,6.715,3.506,6.043,2.842,3.506,6.31,3.506,3.506,3.506,3.506,6.568,3.506,3.506,3.506,3.901,3.901,3.901,6.08,3.506,3.506,3.901,6.612,2.842,3.901,3.506,3.506
ref_00262,3.668,3.0,4.065,3.668,3.668,3.668,3.668,6.042,3.668,3.668,3.0,3.668,6.588,5.996,3.668,6.757,3.0,3.668,6.561,3.668,3.668,4.065,3.0,6.129,3.668,3.668,4.065,3.668,3.0,3.0,5.947,3.0,3.0,3.668,6.506,3.0,3.668,3.668,4.065
ref_00263,3.693,3.974,3.693,3.693,3.693,3.3,3.693,6.442,3.974,3.3,3.693,4.194,6.874,6.714,3.974,6.037,3.693,3.3,6.421,4.194,3.693,3.3,3.693,7.081,3.3,3.693,3.693,3.693,3.693,3.693,6.309,3.974,3.974,3.693,6.332,3.693,3.974,3.693,3.693
ref_00264,2.987,3.655,3.655,2.987,3.655,4.052,3.655,6.27,4.052,4.052,2.987,3.655,6.944,6.575,2.987,6.463,3.655,3.655,5.772,3.655,3.655,3.655,3.655,6.196,3.655,3.655,2.987,2.987,3.655,3.655,6.463,3.655,3.655,2.987,6.463,3.655,3.655,3.655,3.655
ref_00265,3.664,3.664,3.664,2.996,2.996,2.996,3.664,5.657,3.664,2.996,3.664,3.664,6.243,6.858,4.061,6.166,2.996,4.061,5.781,4.061,3.664,3.664,3.664,6.473,2.996,3.664,3.664,3.664,3.664,2.996,6.584,2.996,3.664,3.664,6.038,3.664,3.664,3.664,3.664
ref_00266,3.539,3.935,3.935,2.875,3.539,3.539,3.539,6.345,3.539,2.875,3.539,3.935,6.151,6.912,2.875,6.579,3.539,3.935,6.668,3.935,3.935,3.935,3.539,6.374,3.539,3.935,3.539,3.539,3.539,3.539,6.482,3.539,3.935,2.875,6.374,3.935,3.539,3.539,3.539
ref_00267,3.689,4.086,3.689,3.689,3.689,3.689,3.689,6.108,3.689,3.02,3.689,3.689,6.468,6.685,3.689,6.23,3.689,3.689,5.806,3.02,3.689,3.689,3.689,6.339,3.689,3.689,4.086,3.689,3.689,3.689,5.806,3.02,3.689,3.02,6.063,3.02,3.689,4.086,3.02
ref_00268,4.168,2.827,3.49,3.49,3.886,2.827,3.49,6.202,3.886,3.886,3.49,3.49,5.947,6.738,3.886,5.904,3.886,3.49,6.529,3.49,3.49,3.886,3.886,6.552,3.886,3.49,3.49,3.49,3.49,3.49,6.064,3.49,3.49,3.49,6.481,3.886,3.49,3.49,3.49
ref_00269,3.808,3.808,3.808,3.808,4.09,3.808,3.808,6.09,3.808,3.413,4.31,3.808,6.123,6.862,3.808,6.695,3.808,4.09,6.713,3.808,3.808,4.09,3.413,6.677,3.808,3.413,3.808,3.808,3.808,3.413,6.185,4.09,3.808,3.413,6.765,3.413,3.808,4.09,4.09
ref_00270,3.48,3.48,3.48,3.875,3.48,3.875,3.48,6.09,3.875,3.48,3.875,3.875,6.668,6.867,3.875,6.47,3.48,3.48,6.053,3.875,3.875,3.875,3.48,6.563,3.875,3.48,3.875,3.48,3.875,3.48,6.563,3.48,3.48,3.875,6.47,3.48,4.157,3.48,3.48
ref_00271,3.429,3.429,3.824,3.824,3.429,3.824,3.824,6.616,3.429,3.824,3.824,3.824,6.342,7.098,3.429,6.394,3.824,3.824,6.489,3.824,3.824,3.429,3.824,6.316,3.429,3.429,3.429,3.429,3.429,2.768,6.442,3.824,3.429,3.824,6.394,4.106,4.106,3.429,3.824
ref_00272,3.66,2.993,2.993,2.993,2.993,2.993,2.993,6.079,3.66,3.66,3.66,3.66,6.834,6.931,3.66,6.344,3.66,3.66,6.275,3.66,2.993,3.66,4.057,6.079,2.993,3.66,3.66,4.057,2.993,3.66,6.469,3.66,2.993,3.66,5.778,3.66,3.66,3.66,2.993
ref_00273,4.121,3.838,3.838,4.121,3.444,3.444,3.838,6.275,3.444,4.121,4.121,3.838,6.727,6.878,3.444,6.83,3.444,4.121,5.979,4.121,4.121,3.444,3.838,6.481,4.121,3.444,3.444,3.838,4.121,3.838,6.217,3.838,3.838,3.838,6.217,3.838,3.838,3.838,4.121
ref_00274,3.569,3.569,2.904,3.965,3.569,3.569,3.569,6.108,2.904,3.569,3.569,3.569,6.891,6.562,3.569,6.586,3.965,4.248,6.677,3.965,3.569,3.965,2.904,6.633,3.569,4.248,3.569,3.965,3.569,3.965,5.941,3.569,3.965,3.965,6.677,3.569,3.569,3.569,3.965
ref_00275,3.619,2.952,3.619,4.015,3.619,3.619,3.619,5.792,3.619,3.619,3.619,4.015,6.366,6.538,2.952,6.334,2.952,3.619,6.036,3.619,2.952,2.952,2.952,6.12,3.619,3.619,4.015,3.619,4.015,2.952,6.427,3.619,2.952,2.952,6.334,3.619,3.619,3.619,2.952
ref_00276,3.175,3.175,3.847,3.847,3.175,3.847,3.847,6.079,3.847,3.847,3.175,3.175,6.771,6.66,3.847,6.025,3.847,3.847,6.131,3.175,3.847,3.175,3.847,6.6,4.246,3.847,3.847,3.847,3.175,3.847,5.701,3.847,3.175,3.175,6.43,3.175,3.175,3.847,3.847
ref_00277,3.929,3.533,3.533,3.533,3.533,3.533,3.533,6.449,3.929,3.929,3.929,2.869,6.905,6.449,3.929,5.991,3.929,3.929,6.423,3.929,3.929,3.533,3.929,6.308,3.929,3.533,3.533,3.533,3.533,3.533,6.338,3.929,3.533,3.533,6.8,3.929,3.929,3.533,3.929
ref_00278,4.002,3.72,3.327,4.002,3.327,4.002,4.002,6.383,3.72,3.72,3.72,4.002,6.659,6.942,3.72,5.896,3.72,3.72,6.53,3.72,3.72,3.327,3.72,6.929,3.327,3.72,3.72,3.327,3.72,4.002,6.55,3.327,3.72,3.72,6.183,3.327,3.327,4.002,4.002
ref_00279,4.107,3.825,3.825,4.107,3.825,3.825,3.431,6.657,4.107,3.825,4.107,3.431,6.783,6.638,3.431,5.885,3.431,3.825,6.344,4.107,3.825,3.431,3.431,6.833,4.107,3.825,3.431,4.107,3.825,4.327,6.577,3.825,4.107,3.825,6.444,3.825,4.107,4.107,4.107
ref_00280,4.089,3.806,4.089,3.806,4.089,4.089,4.089,6.089,4.089,3.806,3.806,3.806,6.712,6.351,3.412,6.797,3.412,4.089,6.618,3.412,3.412,3.806,4.308,6.797,3.806,3.806,3.412,3.806,3.412,4.089,6.121,4.089,3.806,3.412,5.984,3.806,3.806,3.806,3.412
ref_00281,3.506,3.901,3.506,3.506,3.901,3.506,4.184,6.117,4.184,3.506,3.506,4.184,6.59,6.339,3.506,6.634,3.506,3.901,6.809,3.506,3.506,3.901,3.901,6.634,3.506,3.506,3.506,4.184,3.506,3.901,6.634,3.901,3.901,3.506,6.31,3.901,3.901,3.506,3.506
ref_00282,3.958,3.958,3.958,3.562,3.562,3.958,3.562,6.531,3.958,4.241,4.241,4.241,6.505,6.308,3.958,6.648,3.958,3.958,6.276,3.562,3.562,3.562,3.562,6.453,2.897,4.241,3.958,3.562,3.562,3.958,6.733,4.241,3.562,3.958,7.0,3.958,3.562,3.562,3.562
ref_00283,2.982,3.649,3.649,2.982,3.649,3.649,3.649,6.228,3.649,3.649,3.649,2.982,6.366,6.487,3.649,6.428,2.982,2.982,6.299,3.649,3.649,3.649,3.649,6.738,3.649,2.982,3.649,2.982,3.649,2.982,5.706,3.649,2.982,3.649,6.333,2.982,3.649,3.649,2.982
ref_00284,3.856,3.461,3.461,3.856,4.139,3.461,3.856,6.265,3.461,3.461,3.856,3.856,6.588,7.107,3.856,6.322,3.856,3.856,6.035,3.461,3.856,3.856,3.461,6.349,3.856,3.856,3.856,4.139,3.461,4.359,6.815,4.139,3.856,4.139,6.522,3.461,3.856,4.139,3.856
ref_00285,3.628,3.628,4.024,4.024,3.628,2.961,3.628,6.436,3.628,3.628,3.628,4.024,6.465,6.573,2.961,6.168,3.628,3.628,6.547,2.961,3.628,4.024,3.628,6.088,3.628,3.628,3.628,3.628,4.024,4.024,6.311,4.024,3.628,4.024,6.343,3.628,3.628,4.024,2.961
ref_00286,3.762,4.043,4.043,3.368,4.043,3.762,4.043,6.043,3.762,3.762,4.043,3.762,6.402,6.931,4.263,6.784,4.043,3.762,6.138,3.762,3.762,4.043,3.762,6.225,3.368,3.762,3.368,3.762,3.762,3.762,6.815,4.263,3.368,3.368,6.379,3.762,4.043,3.762,3.762
ref_00287,4.16,3.483,3.878,3.878,3.483,3.878,3.483,6.315,3.483,3.483,3.483,3.878,6.691,6.61,3.878,6.162,3.483,3.878,6.128,3.483,3.878,3.483,3.483,6.257,3.878,3.483,3.483,3.878,3.878,3.878,6.315,3.483,3.878,4.16,6.423,3.483,3.483,3.483,3.483
ref_00288,3.937,3.937,3.541,3.541,3.937,3.937,3.541,6.254,3.541,3.937,3.937,3.937,6.153,6.732,3.937,6.79,3.541,4.22,6.431,3.541,3.541,3.937,3.541,6.809,3.541,4.22,3.541,3.541,3.541,3.937,6.079,3.937,4.22,3.937,6.711,3.541,3.541,3.541,3.541
ref_00289,4.012,4.012,3.731,3.731,3.731,3.731,4.012,6.165,4.232,3.337,3.337,4.012,6.541,6.371,3.337,6.416,3.731,3.731,6.579,3.731,3.337,3.731,3.337,7.063,3.731,3.731,4.232,3.731,4.012,4.012,6.521,4.012,4.012,3.731,6.634,3.731,4.012,4.012,3.731
ref_00290,3.588,3.984,2.922,3.588,3.588,3.588,3.588,6.236,3.984,3.984,3.984,3.588,6.302,6.201,3.588,6.479,3.588,3.588,6.127,3.984,2.922,3.588,3.588,6.838,3.588,3.588,3.984,2.922,3.588,3.984,6.423,2.922,3.588,3.588,6.652,3.588,3.588,3.588,2.922
ref_00291,3.755,3.755,3.361,4.037,3.361,3.755,3.755,5.931,3.361,3.361,3.361,4.037,6.977,6.823,4.037,6.069,4.037,3.361,6.526,3.755,3.755,3.755,4.037,6.131,3.361,3.755,3.361,3.361,3.755,4.037,6.659,3.755,3.755,4.037,6.838,4.037,3.755,3.755,4.037
ref_00292,3.649,3.931,3.257,3.257,3.649,3.257,3.649,6.164,3.649,3.931,3.649,3.931,6.932,6.882,3.931,6.802,3.931,3.649,6.11,3.931,3.931,3.257,3.649,6.669,3.649,3.931,3.649,3.931,3.257,3.649,6.802,3.649,3.257,4.15,6.586,3.257,4.15,3.649,3.649
ref_00293,3.976,3.301,3.301,3.976,3.694,3.301,3.694,5.831,3.301,3.694,3.976,3.694,6.666,6.761,3.976,6.597,4.195,3.301,6.443,3.694,3.301,3.301,3.301,6.731,3.301,4.195,3.301,3.301,3.976,3.301,6.183,3.976,3.694,3.694,6.286,3.694,3.301,4.195,3.976
ref_00294,3.364,4.259,3.364,3.364,3.757,4.039,4.039,5.857,3.757,3.757,4.039,3.757,6.764,6.841,3.757,6.731,4.259,4.259,6.841,3.757,3.757,3.757,4.259,6.588,3.757,4.039,3.757,3.364,3.364,3.757,6.856,3.364,4.259,4.039,6.568,3.364,4.259,3.364,3.364
ref_00295,3.731,3.731,3.337,3.731,3.731,4.012,4.012,6.598,3.337,3.337,3.731,3.731,6.978,6.965,3.731,6.501,3.731,3.337,6.48,3.337,3.731,3.731,3.337,6.273,3.731,3.337,3.731,4.012,3.731,3.731,6.076,4.012,3.731,3.731,5.869,3.731,3.731,3.731,3.731
ref_00296,3.145,3.816,3.816,3.816,3.145,3.816,3.145,5.812,3.816,3.816,3.816,3.816,6.713,6.816,3.816,6.322,3.145,3.145,6.148,3.145,3.816,3.145,3.816,6.537,3.145,3.816,4.215,3.816,3.816,3.145,6.148,3.816,3.816,3.145,6.048,3.816,3.145,3.816,3.816
ref_00297,3.706,3.706,3.037,3.706,3.706,3.706,3.706,5.935,3.037,3.037,3.706,3.706,6.627,6.627,3.037,6.423,3.037,3.706,6.486,3.706,3.706,3.037,3.037,6.035,3.706,4.103,3.706,3.706,3.037,3.706,6.209,3.706,3.706,3.706,6.455,3.706,3.706,3.706,3.706
ref_00298,4.124,3.841,3.841,3.841,3.841,3.841,3.841,6.573,3.447,3.447,3.841,3.841,6.711,6.8,3.447,6.551,3.841,3.841,6.157,3.447,3.841,3.447,3.841,6.412,3.447,3.841,3.841,3.841,3.447,4.124,6.36,3.841,3.841,4.124,5.902,4.124,3.841,3.841,4.124
ref_00299,3.61,3.61,3.61,4.007,4.007,4.007,2.944,5.888,3.61,4.007,4.007,3.61,6.224,6.934,2.944,6.259,3.61,3.61,6.15,3.61,4.007,3.61,3.61,6.388,3.61,3.61,2.944,2.944,4.007,2.944,6.325,3.61,3.61,2.944,6.027,2.944,3.61,2.944,2.944
ref_00300,3.333,3.727,4.008,4.228,4.008,4.008,3.333,6.189,3.727,4.228,3.727,3.727,6.682,6.987,3.333,6.748,3.333,4.008,6.319,3.727,4.008,4.008,3.333,6.132,4.008,3.333,3.727,4.008,3.727,4.008,6.294,3.333,3.333,3.727,6.612,3.333,3.727,3.727,3.727
ref_00301,3.566,3.566,3.566,3.566,3.962,3.566,3.566,6.534,3.566,3.566,3.566,3.962,6.606,6.87,4.245,6.483,3.566,3.962,6.024,3.566,3.962,3.962,3.962,6.695,3.566,3.962,3.962,3.566,3.566,3.566,6.401,3.962,3.566,3.566,6.142,3.962,3.566,3.566,3.566
ref_00302,3.511,3.906,3.906,3.511,3.906,3.906,3.906,6.344,3.906,3.906,3.906,3.511,6.478,6.595,3.511,6.452,3.906,3.906,6.157,3.511,4.189,3.906,4.189,6.74,4.189,3.511,3.906,4.189,3.906,3.511,6.315,3.906,3.511,3.906,6.315,3.511,3.511,3.511,3.511
ref_00303,3.442,3.442,3.442,4.119,3.442,3.837,3.837,5.664,3.442,3.837,3.837,3.837,6.382,6.382,3.442,6.63,4.119,3.442,6.215,3.442,3.442,3.837,3.837,6.725,3.837,3.442,4.119,3.837,3.837,4.119,6.015,3.442,3.837,4.119,6.829,3.837,3.442,3.442,3.837
ref_00304,3.649,4.046,3.649,4.046,3.649,3.649,4.046,6.397,4.046,4.046,4.046,3.649,6.299,6.458,2.982,6.068,4.046,3.649,6.487,3.649,4.046,3.649,3.649,6.542,3.649,3.649,3.649,4.046,3.649,3.649,6.397,3.649,2.982,3.649,6.068,3.649,3.649,3.649,3.649
ref_00305,3.635,4.032,4.032,4.032,2.968,3.635,4.032,6.554,4.032,3.635,2.968,3.635,6.175,6.654,3.635,6.605,3.635,3.635,6.284,3.635,2.968,2.968,3.635,6.284,3.635,2.968,3.635,3.635,3.635,3.635,6.808,3.635,2.968,3.635,6.213,4.032,3.635,2.968,4.032
ref_00306,3.434,3.434,4.11,3.828,3.434,3.828,3.828,6.347,4.11,3.828,2.772,3.828,6.679,7.052,3.828,6.493,3.434,3.828,6.206,3.434,3.434,3.828,3.828,6.66,3.828,4.11,3.434,3.828,3.828,3.434,6.347,3.434,3.434,4.11,6.398,3.434,3.434,3.828,4.11
ref_00307,4.182,3.9,3.504,3.9,3.9,3.504,2.841,6.248,3.504,3.9,3.9,3.9,6.589,6.859,3.504,6.446,4.182,3.9,6.543,3.504,3.9,4.182,3.504,6.309,4.182,3.504,2.841,4.182,3.9,3.504,6.002,3.9,4.182,3.9,6.496,3.504,3.504,3.504,3.9
ref_00308,4.106,4.106,3.824,3.824,3.429,3.824,3.824,6.418,3.824,3.824,3.824,3.824,6.555,6.782,3.824,6.038,3.824,3.824,6.368,4.106,3.429,2.768,3.429,6.489,4.106,3.429,3.429,3.429,3.429,3.429,6.511,3.429,3.824,3.429,6.26,4.106,3.429,3.824,3.824
ref_00309,4.037,2.973,3.64,2.973,2.973,3.64,3.64,5.632,2.973,3.64,3.64,2.973,6.014,6.388,3.64,6.255,3.64,3.64,6.419,3.64,3.64,3.64,3.64,6.772,3.64,3.64,3.64,4.037,4.037,3.64,6.388,3.64,2.973,3.64,6.728,3.64,3.64,3.64,4.037
ref_00310,3.048,3.717,4.115,3.717,4.115,3.048,3.717,6.297,3.717,3.048,3.717,3.048,6.093,6.612,3.717,6.715,4.115,3.717,5.893,4.115,4.115,3.717,3.717,6.762,4.115,4.115,3.717,4.115,3.717,4.115,6.762,3.717,3.717,3.717,6.137,3.717,3.048,4.115,3.717
ref_00311,3.837,3.442,3.837,4.119,4.119,3.442,4.119,6.456,4.119,4.339,3.837,4.119,6.795,6.382,4.339,6.922,3.837,3.837,6.63,3.837,4.119,4.119,4.339,6.215,4.119,3.442,3.837,4.119,3.837,3.442,6.589,3.837,3.442,3.442,6.65,4.119,4.119,3.837,4.119
ref_00312,3.487,3.487,3.882,3.487,4.165,3.487,3.487,6.231,3.882,3.487,3.882,3.487,6.807,6.715,3.882,6.348,4.165,3.487,6.097,3.487,3.487,3.487,3.487,6.502,3.882,3.882,3.882,3.882,3.487,3.882,6.79,3.487,3.487,3.882,5.984,3.487,3.882,3.487,3.882
ref_00313,3.981,3.981,3.699,3.981,3.699,3.981,3.981,5.798,3.699,3.306,3.306,3.699,6.811,6.406,3.699,6.767,3.306,3.306,6.704,3.699,3.981,3.306,3.699,6.839,3.699,3.981,3.306,3.981,3.981,3.306,6.161,3.981,3.981,3.699,6.688,3.306,3.306,3.306,3.981
ref_00314,3.672,3.672,3.672,3.672,3.004,3.004,3.672,6.481,3.672,3.004,3.004,3.672,6.715,6.738,3.004,6.322,3.672,3.672,5.846,3.672,3.004,3.672,3.672,6.287,3.004,3.672,3.672,3.672,3.672,3.672,5.846,3.004,3.672,4.069,5.664,3.672,3.672,3.672,3.672
ref_00315,4.115,3.717,3.717,3.717,3.048,3.048,3.717,5.569,3.717,4.115,3.717,3.717,6.498,6.334,3.048,6.665,3.048,3.717,5.836,3.717,3.717,3.717,3.048,6.467,3.048,3.048,3.717,3.717,3.717,3.717,6.498,3.717,3.717,3.717,5.711,3.717,3.048,3.717,3.717
ref_00316,3.922,3.526,3.922,3.922,3.526,3.526,3.922,6.271,4.205,3.922,3.922,3.526,6.361,6.361,3.526,6.812,3.922,3.922,6.633,3.922,3.526,3.922,3.526,6.302,3.526,3.526,3.922,3.526,4.205,3.526,6.443,3.526,3.526,3.526,6.332,3.526,3.526,2.862,4.205
ref_00317,3.0,3.668,3.0,3.668,3.0,3.668,3.668,6.477,3.0,3.668,3.668,3.0,6.318,6.447,3.0,6.042,3.668,3.668,6.588,4.065,3.0,3.668,3.668,5.947,3.0,3.668,3.668,3.668,3.0,3.668,6.506,3.668,3.668,3.0,6.711,3.668,3.0,3.0,3.668
ref_00318,3.818,3.818,3.423,4.1,3.423,4.1,3.423,6.101,3.423,3.423,4.1,3.818,6.825,7.08,4.1,5.958,4.1,3.423,6.165,3.423,4.1,3.818,4.1,5.919,3.818,3.818,3.818,3.423,4.32,3.423,6.706,3.818,3.423,4.1,6.59,3.423,3.818,3.818,4.1
ref_00319,3.917,3.522,3.522,3.917,3.522,3.917,2.858,6.133,2.858,2.858,3.917,3.522,6.561,6.789,3.522,6.133,3.522,3.522,6.489,3.917,4.2,3.522,3.522,6.692,3.917,3.522,3.917,3.522,3.522,3.522,5.937,4.2,3.917,4.2,6.751,3.917,3.522,3.917,3.522
ref_00320,3.554,3.95,3.95,3.95,3.95,3.95,3.95,6.299,3.554,3.95,3.554,3.554,6.471,7.137,3.554,6.13,3.95,3.95,6.235,3.95,3.554,3.95,3.554,6.235,3.95,3.554,4.233,3.554,3.95,3.554,6.745,3.554,3.554,3.95,6.662,4.233,3.554,3.554,3.95
ref_00321,3.646,4.043,4.043,2.978,3.646,3.646,3.646,6.362,4.043,3.646,3.646,3.646,6.591,6.777,3.646,6.329,2.978,3.646,6.394,3.646,3.646,3.646,3.646,6.689,2.978,2.978,3.646,4.043,3.646,3.646,5.82,2.978,3.646,4.043,6.799,3.646,3.646,4.043,3.646
ref_00322,3.714,4.215,3.995,3.32,3.714,3.995,3.995,6.203,3.32,3.714,3.32,3.714,6.23,7.134,3.32,6.027,3.32,3.995,6.421,3.714,3.714,3.995,3.714,6.781,3.995,3.995,3.714,3.32,3.995,3.32,6.442,3.714,3.714,3.714,6.766,3.995,3.32,3.32,4.215
ref_00323,3.615,3.615,3.615,3.615,3.615,4.012,2.949,6.229,2.949,3.615,3.615,3.615,6.229,6.788,3.615,5.842,2.949,3.615,6.56,3.615,2.949,3.615,3.615,6.585,3.615,2.949,3.615,3.615,3.615,2.949,6.331,3.615,2.949,3.615,6.393,3.615,3.615,2.949,4.012
ref_00324,3.422,4.099,3.422,3.816,3.816,3.816,4.099,6.335,4.099,3.816,4.099,3.422,6.609,6.722,3.816,6.808,3.422,3.422,6.667,3.422,3.816,3.816,3.816,5.956,4.099,4.099,3.422,3.816,3.422,3.816,6.361,3.816,3.816,3.816,6.361,4.099,3.816,3.422,3.422
ref_00325,3.708,3.039,3.708,3.039,3.708,3.708,3.039,6.25,3.039,3.708,3.039,4.105,6.359,6.547,3.708,6.393,4.105,4.105,6.324,4.105,4.105,3.708,3.708,6.729,3.708,3.708,4.105,3.708,3.708,3.708,6.324,3.708,3.039,3.708,6.359,3.708,3.708,3.708,4.105
ref_00326,3.729,3.729,3.729,3.729,3.729,3.729,4.011,5.905,3.336,3.336,4.011,2.678,6.578,6.797,3.729,6.751,3.729,3.336,6.668,3.729,4.011,3.336,3.729,6.392,3.729,3.336,3.729,4.011,3.729,3.729,6.615,3.336,3.729,4.011,6.415,4.011,3.336,4.011,3.336
ref_00327,2.975,2.975,2.975,3.642,3.642,3.642,3.642,6.257,3.642,3.642,3.642,3.642,6.507,6.587,3.642,6.479,3.642,2.975,6.257,3.642,3.642,3.642,3.642,6.183,3.642,3.642,3.642,3.642,2.975,2.975,6.103,3.642,2.975,4.039,6.479,4.039,2.975,3.642,3.642
ref_00328,2.986,2.986,3.653,4.05,3.653,4.05,4.05,6.232,3.653,2.986,3.653,2.986,6.369,6.763,4.05,5.981,3.653,3.653,6.827,3.653,3.653,3.653,3.653,6.027,4.05,3.653,4.333,4.05,3.653,4.05,6.599,3.653,3.653,3.653,6.232,2.986,3.653,3.653,4.05
ref_00329,3.564,3.564,3.564,4.243,3.564,3.564,3.564,6.245,3.564,3.96,3.564,2.899,6.507,6.775,3.564,6.399,3.96,3.564,6.176,3.96,3.564,3.564,3.564,6.102,3.96,3.564,3.564,3.564,3.96,3.564,6.14,3.564,3.96,3.564,6.507,3.564,2.899,3.96,3.564
ref_00330,3.828,3.828,4.11,3.434,3.828,3.434,3.828,6.265,3.434,3.828,3.828,3.828,6.957,6.66,3.828,6.601,3.434,3.828,6.493,3.828,4.11,3.434,3.828,6.698,3.434,3.828,3.828,3.828,3.434,3.434,6.423,4.11,4.11,3.434,6.293,3.434,4.11,4.11,3.434
ref_00331,3.531,3.531,4.21,3.531,3.531,3.531,3.927,5.902,3.531,3.927,2.867,2.867,6.499,6.853,3.927,6.499,4.21,3.531,6.03,3.531,3.927,3.531,3.927,6.548,3.927,3.531,3.531,3.531,3.531,3.927,6.681,3.531,3.927,3.927,6.616,3.927,3.927,3.531,3.927
ref_00332,3.859,3.464,3.859,3.464,3.859,3.464,3.464,6.109,2.802,4.142,3.464,3.859,6.818,6.835,3.464,6.176,3.859,3.464,6.207,3.464,3.464,3.464,3.859,6.633,3.859,3.859,4.142,3.464,3.859,3.464,6.612,3.464,3.464,4.142,6.818,3.859,3.859,3.464,3.859
ref_00333,3.588,3.984,3.588,3.984,3.588,2.922,3.984,6.164,3.984,3.984,3.588,3.984,6.78,6.531,3.588,6.004,3.984,3.588,5.96,3.588,3.588,3.984,3.588,6.27,3.588,2.922,3.588,3.588,3.984,3.588,6.365,3.588,2.922,3.588,6.718,3.588,3.588,3.588,2.922
ref_00334,4.03,3.748,4.03,3.748,3.748,3.748,3.748,6.559,3.748,3.354,4.03,3.354,6.498,6.559,3.748,6.365,3.748,4.03,6.67,4.249,3.354,4.03,4.03,6.291,3.748,3.748,4.03,3.748,4.249,3.748,6.411,3.748,3.748,4.03,6.786,4.03,3.354,3.748,4.03
ref_00335,4.086,3.409,3.804,3.804,4.086,3.804,3.804,5.943,4.305,3.409,3.409,4.086,6.24,6.761,3.804,6.727,3.804,3.409,6.422,3.804,3.409,4.086,3.804,6.778,3.804,3.409,4.086,3.804,3.804,3.409,6.576,3.409,3.804,3.804,5.981,3.804,4.086,3.804,4.086
ref_00336,3.9,3.227,3.9,3.227,3.227,3.9,3.227,6.28,3.9,3.9,4.299,3.227,6.28,6.654,3.9,6.685,3.9,3.9,6.08,3.9,3.9,4.299,3.9,6.654,3.227,3.9,3.9,3.9,4.299,3.227,6.324,3.9,3.9,3.227,5.829,3.9,3.9,3.9,3.9
ref_00337,3.052,3.721,3.721,4.119,3.721,4.119,3.052,5.573,3.721,3.721,3.721,4.119,6.532,6.471,3.721,6.002,3.721,3.052,6.669,3.052,4.119,4.119,3.052,6.719,3.721,3.721,3.721,3.721,3.721,3.052,6.002,3.052,3.721,3.721,6.301,3.721,3.721,3.721,4.119
ref_00338,3.562,2.897,3.562,3.562,3.562,3.562,3.562,6.062,3.562,2.897,3.562,2.897,6.692,6.936,3.958,6.369,3.958,3.562,6.138,3.562,3.958,3.562,3.562,6.626,3.562,3.562,3.562,3.958,3.958,3.562,6.138,3.958,3.562,3.562,6.397,3.562,3.562,3.562,3.958
ref_00339,3.664,4.061,3.664,4.061,3.664,3.664,2.996,6.279,4.061,4.061,3.664,3.664,6.314,6.635,4.061,5.943,4.061,4.061,5.892,4.061,4.061,3.664,3.664,6.817,3.664,3.664,3.664,2.996,4.061,4.061,6.684,3.664,3.664,3.664,6.502,4.061,4.061,3.664,4.061
ref_00340,4.1,3.818,3.818,3.423,3.423,3.423,3.818,6.549,3.423,3.818,3.423,4.1,6.46,6.412,3.423,6.59,3.818,3.818,6.873,3.818,3.818,4.1,4.1,6.225,3.818,3.818,3.423,3.818,3.818,3.423,6.254,3.423,4.1,4.1,6.59,3.423,3.423,3.818,3.423
ref_00341,3.996,4.216,3.996,3.322,3.715,3.715,3.322,6.422,3.322,3.715,3.322,3.715,6.282,6.999,3.996,6.582,3.996,3.322,6.464,3.322,3.322,3.322,3.996,6.687,3.322,3.322,3.715,3.322,3.322,3.322,6.331,3.715,4.216,3.322,6.949,3.715,3.715,3.715,3.322
ref_00342,3.418,3.418,4.094,4.094,3.418,3.812,4.094,6.543,4.094,3.812,3.812,3.418,6.406,6.955,3.812,6.663,4.094,3.812,6.543,4.094,4.094,3.418,3.418,6.718,3.418,4.094,4.094,3.812,3.812,3.418,5.99,3.812,4.094,4.314,6.605,3.812,3.812,3.812,4.094
ref_00343,3.771,3.771,3.771,2.718,4.053,3.771,3.377,6.053,3.771,3.377,3.771,4.053,6.913,6.315,3.771,6.794,3.377,4.053,6.412,4.053,3.377,4.053,4.273,6.543,3.771,3.771,4.053,4.053,3.771,4.053,6.913,3.377,3.771,3.771,6.563,3.771,3.771,3.377,3.377
ref_00344,2.935,3.601,3.601,3.601,3.998,3.601,4.281,6.596,3.998,3.998,3.998,3.601,6.379,6.316,3.601,6.62,3.998,3.601,6.379,3.601,2.935,3.601,3.998,6.179,3.998,3.601,3.998,3.601,2.935,3.601,6.71,3.998,3.601,3.601,6.141,2.935,3.601,3.601,3.998
ref_00345,3.362,4.038,4.038,3.362,3.362,3.756,3.362,6.397,3.362,3.362,3.756,3.362,6.037,6.486,3.756,6.527,3.362,3.756,6.102,3.362,3.756,3.362,4.038,6.84,3.362,3.756,3.756,3.756,3.756,3.362,6.567,3.362,3.756,3.756,6.349,3.756,3.756,3.756,3.362
ref_00346,3.483,3.878,3.878,3.483,3.878,3.483,3.878,6.497,3.483,3.483,3.483,3.483,6.711,6.918,3.878,6.588,3.878,3.878,6.631,3.878,3.483,3.878,3.878,6.371,3.483,3.878,3.878,3.878,3.483,3.878,6.226,3.483,3.483,3.878,6.315,3.878,3.483,3.878,3.878
ref_00347,3.841,3.841,3.841,2.785,3.447,3.447,3.447,6.36,3.841,3.841,3.841,3.841,6.484,6.386,3.447,5.902,2.785,4.124,6.412,3.447,3.447,3.841,4.124,6.865,3.841,3.447,3.841,3.447,3.841,3.447,6.278,3.841,3.447,3.841,6.091,3.447,3.841,3.447,3.447
ref_00348,4.141,3.074,3.074,4.141,3.743,3.743,3.743,6.324,3.074,3.074,3.743,4.141,6.395,6.665,3.743,6.024,3.743,3.074,6.119,3.743,3.074,3.743,3.743,6.583,3.743,3.743,3.074,3.743,3.743,3.074,6.206,3.074,3.074,3.743,6.554,4.141,3.743,3.743,3.074
ref_00349,3.93,3.93,3.534,3.534,3.93,4.433,3.93,5.906,3.534,3.534,3.93,4.433,6.597,6.764,3.534,6.369,3.93,3.534,6.369,3.93,3.534,3.93,4.213,6.31,4.213,4.213,4.433,4.213,3.534,3.534,6.215,4.213,3.93,3.93,6.907,4.213,3.93,4.213,3.93
ref_00350,3.522,3.522,3.522,3.917,3.522,4.2,3.522,6.133,3.917,3.522,3.522,3.522,6.65,6.894,3.917,6.384,3.917,3.522,6.628,3.522,3.917,3.522,3.917,6.538,3.522,3.522,3.522,3.522,3.917,3.522,6.607,3.522,3.522,3.522,6.202,3.917,3.917,3.917,3.522
ref_00351,3.456,4.133,3.456,3.456,3.85,3.85,3.85,6.445,3.85,3.85,3.456,3.456,6.702,6.757,3.456,6.56,3.85,3.456,6.757,3.456,3.456,3.456,3.456,6.56,4.133,2.793,3.456,3.456,3.456,3.456,6.56,3.85,3.85,3.456,6.37,3.85,3.85,3.85,3.456
ref_00352,3.682,3.963,3.289,3.682,3.682,3.289,3.682,6.297,3.289,3.289,3.682,3.682,6.928,7.173,3.682,6.17,3.682,3.289,6.529,3.682,3.963,3.289,4.182,6.51,4.182,3.289,3.682,3.963,3.289,3.289,5.961,3.682,3.682,3.682,6.778,3.963,3.289,3.682,3.963
ref_00353,3.593,3.989,3.593,2.927,3.593,2.927,4.272,6.206,3.989,3.989,3.593,3.989,6.339,6.68,3.593,6.88,3.593,3.989,6.339,3.593,2.927,3.989,3.593,6.537,3.593,3.989,3.593,3.593,3.989,3.989,6.484,3.989,2.927,3.989,6.511,3.593,3.989,2.927,3.989
ref_00354,3.583,3.583,3.583,3.583,3.583,3.583,3.583,6.264,3.583,2.917,3.583,3.583,6.754,6.87,2.917,6.159,3.583,3.583,6.6,2.917,3.583,3.979,3.583,6.647,2.917,3.583,3.583,3.583,3.583,2.917,6.526,3.583,3.583,3.583,5.86,2.917,3.583,3.583,3.583
ref_00355,3.77,4.052,4.052,3.77,3.77,3.77,3.77,5.909,3.77,3.77,3.376,3.77,6.434,6.839,3.77,6.62,3.376,3.376,6.261,4.052,3.77,3.376,3.77,6.776,3.77,3.77,3.77,3.77,3.77,3.77,6.411,3.77,4.052,3.376,6.601,4.052,3.376,3.376,3.376
ref_00356,3.705,3.705,4.205,3.986,3.986,4.205,4.205,6.32,3.705,3.705,4.205,3.705,6.725,6.553,3.986,5.985,4.205,3.986,6.411,3.311,3.705,3.986,3.705,6.693,3.311,3.705,3.705,3.986,4.205,3.986,6.66,3.986,4.205,3.705,6.709,3.986,3.986,3.311,3.311
ref_00357,3.901,3.506,4.184,4.184,3.506,3.901,3.901,6.447,3.506,3.901,3.901,3.506,6.421,6.826,3.901,6.08,3.506,3.506,6.612,3.506,2.842,3.901,3.506,6.772,3.901,3.901,3.901,3.506,3.901,3.901,6.004,3.506,3.506,3.506,5.876,3.506,3.506,3.901,3.901
ref_00358,2.966,3.633,3.633,3.633,2.966,3.633,3.633,6.247,4.03,3.633,3.633,3.633,6.316,6.349,2.966,5.75,3.633,3.633,6.316,2.966,2.966,2.966,3.633,6.498,3.633,3.633,2.966,2.966,3.633,3.633,5.861,3.633,2.966,2.966,6.578,3.633,3.633,2.966,3.633
ref_00359,3.689,3.02,3.689,3.689,3.689,3.689,3.02,5.539,3.689,3.689,3.689,3.689,6.23,6.339,3.02,6.609,3.689,3.689,6.437,3.689,3.689,3.689,3.689,6.15,3.689,3.689,3.689,3.02,3.689,3.689,6.063,3.689,3.02,3.02,6.108,3.689,3.02,3.689,3.02
ref_00360,3.615,3.615,3.615,3.615,2.949,4.012,3.615,5.671,3.615,2.949,3.615,2.949,6.61,6.331,3.615,6.155,3.615,2.949,6.703,4.012,2.949,2.949,3.615,6.585,2.949,3.615,4.012,4.012,4.012,4.012,6.298,2.949,3.615,4.012,6.56,4.012,2.949,3.615,2.949
ref_00361,3.497,3.497,3.892,3.892,3.892,4.174,3.497,6.271,3.892,3.892,3.892,3.892,6.624,6.901,3.497,6.624,3.892,3.497,6.603,3.892,4.174,4.174,3.497,6.799,3.497,4.174,3.497,3.892,3.892,4.174,6.301,4.174,4.174,3.892,6.706,3.892,3.497,3.497,3.892
ref_00362,3.581,3.581,3.581,3.977,3.977,3.977,3.977,6.157,3.581,3.581,3.977,2.915,6.812,6.524,3.977,5.858,3.581,2.915,6.445,3.977,3.581,3.581,3.581,6.711,3.977,3.977,3.581,3.581,3.581,3.581,6.12,3.581,3.581,3.581,5.907,2.915,3.977,3.581,3.977
ref_00363,3.583,4.262,4.262,3.583,3.583,3.979,4.262,6.264,3.583,3.583,3.979,3.583,6.713,6.691,3.583,6.6,3.979,3.979,6.297,3.583,3.583,4.262,4.262,6.5,3.583,3.583,3.583,3.979,3.583,4.262,6.713,3.583,3.979,3.583,6.23,3.583,3.583,3.583,3.583
ref_00364,3.383,3.777,3.777,3.777,3.777,3.777,4.059,6.627,3.383,3.383,4.059,3.777,6.528,6.699,3.383,6.734,4.059,3.383,6.463,3.777,3.777,3.383,3.383,6.815,3.777,3.383,3.777,4.059,3.777,3.777,5.953,3.383,4.059,3.777,6.091,3.777,3.777,3.777,3.777
ref_00365,3.655,3.655,3.655,3.655,3.655,3.655,2.987,6.073,3.655,3.655,3.655,3.655,6.233,7.064,4.052,6.521,3.655,2.987,6.492,3.655,3.655,4.052,3.655,6.675,3.655,2.987,3.655,4.052,3.655,4.052,6.463,2.987,3.655,3.655,6.371,4.052,3.655,2.987,3.655
ref_00366,3.796,2.742,4.078,3.796,4.078,3.796,3.402,6.414,3.402,3.402,3.402,4.078,6.261,7.007,3.796,6.665,4.078,3.402,6.702,3.402,4.078,3.402,3.796,6.079,3.402,3.796,3.796,3.796,3.796,3.796,6.527,3.402,3.402,3.796,6.568,3.402,3.796,3.796,3.796
ref_00367,4.054,2.989,3.657,2.989,2.989,3.657,2.989,6.118,4.054,4.054,3.657,4.054,6.465,6.676,4.054,6.235,3.657,3.657,6.198,3.657,2.989,2.989,3.657,6.745,2.989,4.054,3.657,4.054,4.054,3.657,6.494,2.989,2.989,4.054,6.34,3.657,4.054,3.657,3.657
ref_00368,3.484,3.879,3.879,4.162,3.484,3.484,4.162,6.228,3.484,3.879,3.879,3.879,6.611,6.45,3.879,6.545,3.484,3.484,6.693,3.879,2.821,3.879,3.484,6.712,3.879,3.879,3.879,3.484,3.484,4.162,6.693,3.484,3.484,3.484,6.094,3.484,3.879,3.879,3.484
ref_00369,3.501,3.897,3.501,3.501,3.501,3.501,2.838,5.614,3.897,3.897,3.897,3.897,6.54,7.148,3.501,6.492,4.179,4.179,6.67,3.501,3.897,3.897,3.501,6.629,3.501,3.501,3.897,3.897,3.897,3.897,6.67,3.501,3.501,3.501,5.776,3.501,3.897,3.501,3.897
ref_00370,3.751,3.751,3.751,3.751,3.751,4.032,3.357,5.927,3.751,3.751,4.032,4.032,6.344,7.024,4.032,6.542,3.357,4.032,6.241,4.032,4.032,4.032,4.032,6.673,4.252,4.032,3.751,4.032,4.032,4.032,6.501,3.751,3.751,4.032,6.214,3.751,4.032,4.032,3.357
ref_00371,2.98,4.044,3.648,3.648,3.648,2.98,3.648,5.764,3.648,2.98,4.044,3.648,6.736,7.023,2.98,6.262,2.98,2.98,5.875,2.98,4.044,3.648,3.648,6.426,2.98,3.648,2.98,2.98,3.648,3.648,5.975,3.648,2.98,2.98,6.108,3.648,2.98,3.648,2.98
ref_00372,3.364,4.039,3.364,3.364,4.259,4.039,4.039,6.764,3.364,3.757,3.364,3.364,6.375,6.662,3.757,6.398,3.757,3.757,6.588,3.757,3.757,3.757,3.757,6.662,3.364,4.039,3.364,4.039,4.039,3.364,6.444,4.039,3.757,3.757,6.508,4.039,4.039,3.757,3.364
ref_00373,3.607,3.607,3.607,3.607,2.94,3.607,3.607,6.525,4.003,3.607,4.003,3.607,6.576,6.384,3.607,6.471,3.607,3.607,6.22,3.607,3.607,4.003,3.607,6.289,3.607,3.607,4.003,2.94,3.607,2.94,6.414,3.607,4.003,3.607,5.884,2.94,3.607,3.607,4.003
ref_00374,3.603,3.603,3.603,3.603,2.937,2.937,4.0,5.594,3.603,3.603,2.937,4.0,6.734,6.547,3.603,6.143,3.603,4.0,6.285,3.603,3.603,2.937,4.0,6.252,4.0,4.0,3.603,4.0,3.603,4.0,6.252,3.603,3.603,3.603,6.285,3.603,2.937,4.0,4.0
ref_00375,3.633,3.633,3.633,4.03,3.633,3.633,2.966,5.912,3.633,3.633,3.633,3.633,6.552,6.211,2.966,6.47,3.633,3.633,6.349,4.03,3.633,4.03,3.633,6.676,3.633,2.966,4.03,2.966,4.03,3.633,6.316,4.03,3.633,3.633,5.96,3.633,2.966,3.633,3.633
ref_00376,4.062,3.385,4.062,3.78,3.78,3.385,3.78,6.53,3.78,3.78,3.78,3.385,7.041,6.444,3.78,6.126,4.281,3.385,6.323,3.385,3.78,3.78,4.062,6.094,3.78,3.78,4.062,3.78,3.78,3.78,6.397,3.78,3.78,3.78,6.753,4.062,4.062,3.385,3.78
ref_00377,3.045,3.714,3.714,3.714,3.045,3.714,3.045,6.217,3.714,3.045,3.714,3.045,6.635,6.758,3.714,6.494,3.714,3.045,6.524,3.045,3.714,3.045,3.045,6.494,3.045,3.045,4.111,3.714,3.714,3.714,6.043,3.045,3.714,3.714,6.089,3.045,3.714,3.714,3.714
ref_00378,3.556,3.556,3.556,3.556,3.556,3.556,3.556,6.446,3.952,3.556,3.952,3.556,6.573,6.842,2.891,6.269,3.556,3.556,6.332,2.891,3.556,2.891,3.556,6.269,3.952,2.891,3.556,3.556,3.556,2.891,6.094,3.556,3.556,3.556,5.727,2.891,3.556,3.556,2.891
ref_00379,3.506,3.901,3.506,3.901,3.901,3.901,3.901,6.25,3.506,3.506,3.901,3.901,6.634,6.545,3.901,6.218,3.506,3.506,6.281,3.901,3.506,3.506,3.506,6.31,3.506,3.901,3.506,3.901,3.506,3.506,5.781,3.506,3.901,3.506,6.521,3.506,3.506,3.506,3.901
ref_00380,4.08,3.683,3.683,3.015,3.683,3.683,4.08,6.102,4.08,3.015,3.683,3.683,6.794,6.629,3.683,6.224,3.683,4.08,5.963,3.683,4.08,3.683,3.683,6.877,3.683,3.683,3.015,3.683,3.683,3.683,6.298,4.08,3.683,3.015,6.75,4.08,3.683,3.683,3.683
ref_00381,3.735,3.735,4.016,3.341,3.735,3.341,3.341,6.674,4.016,3.735,3.341,3.735,6.724,6.982,4.236,6.602,3.735,3.341,6.277,3.735,4.016,3.341,4.016,6.505,3.735,3.341,3.341,3.341,4.236,3.735,6.277,3.341,3.735,4.016,6.351,4.016,3.341,4.016,3.341
ref_00382,3.681,3.681,3.681,3.681,3.013,3.681,3.681,6.46,3.681,3.681,4.078,4.078,6.725,6.183,3.681,6.547,4.078,4.078,6.43,3.681,3.681,3.681,3.681,6.296,3.681,4.078,3.681,3.681,4.078,3.681,6.652,3.681,3.681,3.681,6.056,3.681,3.681,3.681,3.681
ref_00383,3.352,3.745,3.352,4.027,3.745,3.745,3.352,6.453,3.352,3.745,3.745,3.745,6.338,6.667,3.352,6.631,3.745,3.745,6.613,3.352,3.745,3.745,3.745,6.288,3.745,3.745,2.693,3.745,3.745,3.352,6.288,3.745,3.352,3.352,6.649,4.027,4.027,3.352,3.352
ref_00384,4.27,3.591,3.987,3.591,3.987,3.591,3.987,6.56,3.987,3.591,3.987,3.591,6.273,6.337,3.591,6.168,3.591,3.591,6.427,3.987,3.987,3.987,3.591,6.678,3.591,3.987,3.591,4.27,3.591,3.591,5.964,3.591,3.591,3.987,6.609,3.987,3.591,4.27,3.987
ref_00385,3.569,3.569,3.569,3.965,3.965,4.248,3.569,6.25,3.965,3.569,3.569,2.904,6.432,6.891,2.904,6.315,3.569,3.569,6.586,3.965,3.965,3.569,3.569,6.677,3.569,3.965,3.965,3.569,3.965,3.965,6.78,3.569,3.569,3.965,6.217,3.965,2.904,3.965,3.569
ref_00386,4.024,3.349,4.024,3.743,4.244,3.349,3.743,6.472,3.743,3.743,3.349,4.244,6.311,6.406,4.024,6.664,3.349,4.244,6.024,4.244,3.349,3.743,3.349,6.45,3.743,3.349,4.024,4.024,4.024,4.024,6.406,3.743,4.024,3.743,6.855,4.024,3.743,3.743,3.743
ref_00387,4.21,3.927,3.927,3.927,4.21,3.531,3.927,6.548,3.531,3.927,3.927,3.531,6.722,6.616,3.531,6.681,3.927,3.531,6.394,3.927,3.927,3.927,3.531,6.448,3.531,3.531,3.927,3.531,3.531,4.21,6.394,3.927,3.927,3.531,6.143,3.531,4.21,3.927,3.531
ref_00388,3.412,3.806,4.089,4.089,4.089,4.089,3.806,6.089,3.806,4.089,3.412,3.412,6.243,6.764,3.412,6.861,3.806,3.806,6.351,4.308,3.412,3.412,4.089,6.781,3.806,3.412,4.089,3.412,3.806,3.412,5.824,3.412,4.089,4.089,6.712,3.806,4.308,3.806,3.806
ref_00389,2.989,2.989,2.989,2.989,2.989,2.989,3.657,6.031,3.657,3.657,2.989,3.657,6.34,6.851,2.989,6.405,3.657,3.657,6.576,3.657,2.989,3.657,3.657,6.34,3.657,3.657,4.054,2.989,3.657,2.989,6.235,2.989,2.989,3.657,6.373,2.989,2.989,3.657,3.657
ref_00390,3.9,3.504,4.182,3.9,3.9,3.504,4.182,5.961,4.402,3.9,4.402,4.402,6.589,6.789,3.9,6.446,3.504,3.9,6.842,3.9,3.9,3.9,3.9,6.217,3.9,3.9,4.182,3.504,3.504,4.182,6.217,4.182,4.182,3.9,6.309,4.402,4.182,4.182,3.9
ref_00391,3.541,3.937,3.937,3.937,3.541,3.937,4.22,6.375,3.541,3.541,2.876,3.937,6.732,6.897,3.541,6.317,3.541,3.937,6.558,3.937,3.541,4.22,3.937,6.533,3.541,3.541,3.541,3.937,3.937,3.541,5.957,3.541,3.541,3.541,6.648,3.937,3.541,3.541,3.541
ref_00392,3.878,3.878,3.483,3.483,3.483,3.483,3.483,6.257,3.878,3.483,3.878,3.878,6.854,6.61,3.483,6.344,3.878,4.16,6.588,3.878,3.483,3.483,3.878,6.344,3.878,3.878,3.878,4.16,4.16,4.16,6.802,3.878,3.878,4.16,6.287,3.878,3.878,3.878,3.878
ref_00393,3.36,4.035,3.36,4.035,3.753,3.753,3.753,6.001,3.753,3.753,3.36,3.36,6.675,7.001,4.035,6.271,4.035,3.753,6.675,3.753,4.035,4.035,3.36,6.394,3.36,3.36,3.753,3.36,4.035,3.753,6.727,3.36,3.753,3.753,5.966,3.36,4.035,4.035,3.36
ref_00394,3.834,3.834,3.439,3.439,3.439,3.439,3.834,5.761,3.439,3.834,3.439,3.439,6.685,6.326,3.439,6.607,3.439,3.439,6.565,3.439,3.439,3.439,3.834,6.353,3.439,3.834,3.439,3.439,3.439,3.834,6.586,3.834,3.834,3.439,6.429,3.834,3.439,3.439,3.439
ref_00395,3.777,3.383,3.777,3.777,3.383,3.383,3.777,5.916,3.383,3.777,3.777,3.777,6.568,6.83,3.383,6.528,3.777,3.777,6.815,3.383,3.777,3.383,3.777,6.418,3.383,3.383,3.383,3.777,3.777,3.777,6.783,3.383,3.383,3.383,6.441,3.383,3.777,3.777,3.777
ref_00396,4.01,3.614,3.614,4.01,2.947,3.614,3.614,5.94,4.01,2.947,3.614,3.614,6.031,6.191,3.614,6.074,3.614,3.614,6.262,3.614,3.614,3.614,3.614,6.766,2.947,3.614,3.614,2.947,2.947,3.614,6.656,2.947,2.947,3.614,6.296,3.614,3.614,4.01,3.614
ref_00397,3.595,3.595,3.595,3.991,2.928,2.928,3.991,6.011,3.595,3.595,3.595,3.595,6.564,6.539,3.595,6.402,3.991,3.991,6.171,3.595,2.928,3.991,3.991,6.636,3.595,3.595,2.928,3.595,3.595,3.595,6.372,2.928,3.595,3.595,6.513,3.595,3.991,3.595,3.595
ref_00398,3.723,3.054,3.054,3.723,3.054,3.723,3.723,6.227,3.723,3.723,3.723,3.723,6.473,6.375,3.054,6.563,3.723,3.054,6.099,3.723,3.054,4.121,3.054,6.591,3.723,3.054,3.723,4.121,3.723,3.723,5.717,4.121,3.054,3.723,6.303,3.723,3.054,3.054,3.723
ref_00399,3.849,3.454,3.849,3.849,3.454,3.849,4.131,6.368,4.131,3.454,3.849,3.849,6.286,6.368,3.454,6.165,4.131,4.131,6.904,3.454,4.131,4.131,4.131,6.394,4.131,4.131,3.454,4.131,3.454,3.454,6.681,3.849,3.454,3.849,6.468,3.849,4.131,3.454,3.454
ref_00400,3.745,4.027,4.247,3.352,4.027,3.352,3.745,6.026,3.745,3.352,4.027,4.247,6.941,6.631,4.027,6.914,4.027,3.745,6.474,4.027,4.247,4.027,4.027,6.386,3.352,4.027,4.027,3.352,3.745,3.745,6.338,4.027,3.352,3.352,6.431,4.247,4.027,4.027,3.352
ref_00401,3.673,3.673,3.673,3.673,3.673,3.005,3.005,5.848,3.673,3.005,3.673,4.07,6.693,6.324,3.673,6.453,3.005,3.673,6.511,3.673,3.673,3.673,3.673,6.324,3.673,3.673,4.07,3.673,3.673,3.673,6.324,3.673,3.673,3.005,6.289,3.673,3.673,3.673,4.07
ref_00402,3.968,3.968,3.968,2.907,3.968,3.572,3.968,6.436,3.572,3.572,3.968,3.968,6.803,6.463,3.572,6.49,3.572,3.572,6.349,3.968,3.572,4.251,3.968,6.287,2.907,3.968,3.572,3.572,3.572,3.572,6.379,3.572,3.572,3.968,6.149,3.968,2.907,3.572,3.572
ref_00403,3.48,3.875,3.875,4.157,3.875,3.875,3.875,6.585,3.48,3.875,3.875,3.48,6.394,6.446,4.157,6.745,4.157,3.48,6.607,3.875,3.875,4.157,3.48,6.125,4.157,3.875,3.875,3.875,3.875,3.875,6.883,3.875,4.157,3.48,6.312,3.875,3.875,4.157,4.157
ref_00404,3.345,3.739,3.345,3.739,3.345,4.02,3.739,6.255,3.739,3.739,2.686,4.02,6.379,6.76,3.345,6.625,3.739,3.345,6.643,4.02,4.02,4.02,3.345,6.643,3.345,3.345,4.02,3.345,2.686,3.739,6.084,3.739,3.739,3.739,6.509,3.739,3.345,3.739,3.345
ref_00405,3.85,3.456,3.456,3.456,3.85,3.456,3.456,6.623,3.456,3.456,3.85,3.85,6.421,6.56,3.85,6.396,3.456,3.85,6.229,3.456,4.133,3.456,3.85,7.008,4.133,4.133,3.85,4.133,4.133,3.85,6.683,3.85,3.456,3.85,6.739,3.456,4.133,3.85,3.456
ref_00406,4.093,4.093,3.416,3.811,3.416,3.811,3.811,6.024,3.811,4.093,3.811,3.811,6.452,6.498,3.811,6.642,3.811,3.416,6.623,3.416,4.093,3.811,3.416,6.642,3.811,3.811,3.416,3.811,3.416,4.093,6.475,3.811,3.416,3.811,6.247,3.416,3.416,3.416,3.416
ref_00407,4.156,3.873,2.815,3.873,3.873,3.478,3.873,6.311,3.478,3.478,3.873,4.156,6.898,6.444,2.815,6.584,3.478,3.873,5.801,3.478,3.478,3.478,3.873,6.493,3.873,3.478,3.478,3.478,3.478,4.156,6.311,3.478,3.873,3.478,6.647,4.156,3.478,3.873,4.156
ref_00408,3.024,3.692,3.024,3.692,4.089,3.692,3.692,5.867,3.024,3.692,3.692,4.089,6.689,6.343,3.692,6.067,3.692,3.692,6.377,3.692,3.692,3.024,4.089,6.736,3.692,3.692,3.692,3.024,3.692,3.692,6.586,3.692,3.692,3.692,6.195,4.089,4.089,3.692,3.692
ref_00409,3.834,3.439,3.834,3.834,3.439,3.834,3.439,5.894,3.834,3.439,4.116,3.834,6.181,6.949,4.116,6.353,3.834,3.439,6.607,3.834,3.439,3.834,3.834,6.963,3.439,3.439,4.116,3.834,3.439,3.439,6.429,3.439,4.116,3.834,6.404,3.834,3.834,4.116,3.834
ref_00410,2.927,3.593,3.593,3.989,3.593,3.593,2.927,6.537,3.593,2.927,3.593,3.989,6.702,7.149,3.593,6.37,3.593,3.593,6.37,3.593,2.927,3.989,3.593,6.132,3.989,3.593,4.272,3.989,3.593,3.593,5.919,3.989,3.593,3.989,6.4,3.989,3.989,3.593,3.989
ref_00411,3.879,4.162,3.879,3.484,3.879,4.162,3.879,6.196,3.484,3.879,3.484,3.879,6.317,6.59,4.382,6.196,3.484,3.879,6.228,3.879,3.484,3.879,3.484,6.838,3.879,3.879,3.879,4.162,3.879,3.484,6.196,3.879,3.879,3.484,6.425,3.484,3.879,3.879,3.879
ref_00412,3.922,3.526,4.205,3.922,3.526,3.922,3.922,6.025,3.526,3.526,3.526,3.526,6.494,7.024,3.922,6.332,3.922,3.526,6.589,3.922,3.922,3.922,3.526,6.102,4.205,3.526,3.922,3.526,3.526,3.922,6.416,3.922,3.526,3.922,6.469,3.922,3.922,3.922,3.922
ref_00413,3.619,4.015,4.015,4.015,3.619,4.015,3.619,6.268,4.015,4.299,2.952,3.619,6.589,6.538,3.619,6.268,4.015,2.952,6.268,3.619,3.619,4.015,2.952,6.538,4.015,3.619,4.015,4.015,3.619,3.619,6.564,3.619,4.015,4.015,6.484,3.619,2.952,3.619,4.015
ref_00414,3.405,3.405,3.799,4.081,4.081,3.799,3.799,6.114,3.799,3.799,4.301,3.799,6.53,6.913,4.081,6.235,3.799,3.405,6.53,3.799,3.405,3.405,3.405,6.611,3.799,4.081,4.081,4.081,3.405,3.405,6.206,4.081,3.405,3.799,6.899,3.799,3.405,3.799,3.405
ref_00415,3.522,3.522,3.522,3.917,2.858,3.522,3.522,6.202,3.917,2.858,3.917,2.858,6.927,6.411,2.858,6.561,3.522,3.522,6.411,3.917,3.522,3.522,3.917,6.438,3.917,3.522,3.917,3.917,3.917,3.522,6.489,3.917,3.917,3.522,6.384,3.522,3.522,2.858,3.917
ref_00416,4.084,3.408,3.802,3.408,3.408,3.802,3.408,6.633,3.802,3.802,4.084,3.802,6.671,7.113,3.802,6.346,3.408,3.802,6.209,3.408,3.802,3.802,3.802,6.346,3.408,3.802,4.084,3.408,3.408,3.802,6.671,3.802,3.408,3.408,6.809,4.084,4.084,4.084,3.408
ref_00417,3.792,4.074,4.074,3.792,3.792,3.792,3.792,6.434,3.792,3.398,3.398,3.792,6.783,6.962,3.398,6.074,3.398,3.398,6.41,3.792,3.792,4.074,4.074,6.584,4.074,3.398,4.074,4.074,3.792,3.792,6.139,3.792,4.074,3.792,6.846,3.398,3.792,3.792,4.074
ref_00418,4.048,3.766,3.766,3.372,4.048,3.766,4.267,6.309,3.766,3.766,3.372,4.048,7.039,6.634,3.372,6.283,3.766,3.372,6.474,4.048,3.766,4.048,3.766,6.596,3.766,3.766,3.766,3.372,3.766,3.372,6.739,3.766,3.372,4.048,6.557,3.766,4.048,4.048,3.766
ref_00419,3.406,3.406,3.801,3.801,3.801,3.406,3.406,5.94,3.406,4.083,3.801,3.801,6.613,6.688,3.406,6.593,3.801,3.801,6.147,3.801,4.083,3.406,3.406,6.741,3.406,3.406,3.801,3.801,3.406,3.801,6.613,3.801,3.801,4.083,6.147,3.801,4.083,3.406,3.801
ref_00420,3.801,4.083,3.801,3.406,3.801,4.083,4.303,5.901,3.801,3.406,4.303,3.406,7.062,6.419,4.083,6.116,4.303,4.303,6.319,3.801,3.801,3.801,3.406,6.488,4.083,3.801,3.801,3.801,4.083,3.801,5.94,3.801,3.801,4.303,6.824,4.083,4.083,3.801,4.083
ref_00421,3.561,2.896,3.561,3.957,4.24,3.561,3.561,5.837,3.561,3.561,3.561,3.561,6.578,6.529,3.561,6.752,3.957,3.561,6.711,3.561,3.561,3.561,3.957,6.424,3.561,3.561,3.561,3.561,3.957,3.957,6.624,3.957,2.896,3.957,6.06,3.561,2.896,3.561,3.957
ref_00422,3.797,3.797,3.797,3.797,3.797,3.797,3.797,6.302,3.126,3.797,3.797,3.797,6.889,6.261,3.126,6.609,3.797,3.797,6.261,3.126,3.797,3.126,3.797,6.219,3.126,3.126,4.195,4.195,3.797,4.195,6.45,3.797,3.126,3.797,6.45,3.797,3.797,3.797,3.797
ref_00423,3.572,3.572,2.907,3.572,3.968,3.968,2.907,5.898,3.572,3.968,3.572,3.968,6.408,6.744,3.572,6.566,3.572,3.572,6.149,3.968,3.572,3.572,3.572,6.072,3.572,3.572,2.907,3.572,3.572,3.968,6.031,3.968,3.572,3.572,6.318,3.968,3.968,3.968,3.572
ref_00424,3.436,3.831,3.831,3.436,3.436,3.436,2.775,6.376,3.831,3.831,4.113,2.775,6.583,6.541,3.436,6.473,3.831,3.831,6.682,3.831,3.831,3.831,3.831,6.604,3.831,4.113,3.831,3.436,4.113,3.436,6.562,3.436,3.436,3.831,5.849,3.831,3.831,3.831,3.436
ref_00425,3.486,3.881,4.163,3.881,3.486,4.163,3.486,6.096,3.486,3.881,3.881,3.486,7.025,6.374,3.486,6.401,3.486,3.881,6.806,3.486,3.881,3.881,3.881,6.229,3.486,4.163,4.163,3.486,3.881,3.881,6.57,3.486,3.486,4.383,6.57,3.881,3.881,3.486,3.486
ref_00426,3.404,3.798,3.404,3.798,3.404,3.798,3.404,6.528,3.798,3.798,2.743,3.798,5.815,6.926,3.404,6.685,3.404,4.08,6.392,3.404,3.798,3.798,3.404,6.867,3.404,4.08,3.404,3.798,3.404,3.404,6.289,3.404,3.404,3.404,6.342,4.08,3.404,3.404,3.404
ref_00427,3.809,3.809,3.809,4.091,4.311,4.091,4.091,6.301,3.415,3.415,3.809,4.091,6.561,7.143,4.091,6.187,3.809,3.809,6.354,4.091,4.311,3.809,3.809,6.697,4.091,3.809,4.091,3.809,3.809,3.809,6.124,4.091,3.809,3.809,6.561,3.809,3.415,3.415,3.415
ref_00428,3.085,3.085,3.755,3.085,3.755,3.755,3.755,6.037,3.085,3.755,3.755,3.755,6.085,6.623,3.085,6.441,3.755,3.755,6.408,3.755,3.085,3.085,3.755,6.336,3.755,3.085,3.755,3.755,3.755,3.085,6.336,3.755,3.085,3.085,6.336,3.755,3.085,4.153,3.085
ref_00429,3.753,3.083,3.753,3.753,3.083,3.753,3.083,6.13,3.753,3.083,3.753,3.083,6.439,6.472,3.083,6.13,3.753,3.083,6.649,3.753,3.753,3.083,3.753,6.13,3.083,3.083,3.753,3.753,3.083,3.753,6.701,3.753,3.753,3.753,5.93,3.753,3.753,3.753,3.753
ref_00430,4.226,4.226,3.943,3.548,3.943,3.548,3.943,6.516,3.943,4.226,4.226,3.548,6.228,6.738,3.548,6.677,3.943,3.548,6.353,2.883,3.548,3.943,4.226,6.382,3.943,3.548,3.548,3.943,3.943,3.943,6.718,3.548,3.943,3.548,6.797,3.548,3.548,3.548,3.943
ref_00431,3.827,3.432,3.827,3.432,3.827,3.432,3.827,6.041,4.109,3.432,3.827,3.827,6.319,6.492,3.827,6.234,3.827,4.109,6.421,3.827,4.109,3.432,4.109,6.818,3.827,3.432,3.827,4.109,3.827,3.827,6.234,4.109,3.432,3.827,6.109,3.827,3.827,3.827,3.432
ref_00432,3.824,4.106,4.106,3.824,4.106,3.429,4.106,6.106,4.106,4.106,3.429,3.429,6.073,7.17,3.824,6.555,4.106,4.106,6.489,3.429,3.429,4.106,4.106,6.847,3.824,3.429,3.824,3.824,4.106,3.824,6.26,4.106,4.106,3.824,6.288,3.824,3.824,3.824,3.824
ref_00433,3.909,3.909,3.909,4.192,3.514,4.192,3.514,6.258,3.909,3.514,3.514,3.514,6.455,6.62,3.514,6.376,3.514,3.909,6.598,3.909,3.514,3.909,4.192,6.481,4.192,3.514,3.909,4.192,3.514,3.514,6.743,3.514,3.909,4.192,6.289,3.909,4.192,4.192,3.909
ref_00434,4.134,3.457,3.852,3.852,3.852,3.852,3.457,6.625,2.795,3.852,3.457,3.852,6.54,6.844,3.457,6.289,3.457,3.852,6.604,3.457,3.852,3.852,3.852,6.471,3.852,3.852,3.852,3.852,3.457,3.852,6.517,3.457,3.852,3.852,6.371,3.457,3.457,3.457,3.852
ref_00435,3.821,3.821,3.821,3.821,3.821,3.821,3.821,5.674,4.219,3.821,3.149,3.149,6.868,6.243,3.149,6.541,3.149,3.149,5.941,3.821,3.821,3.149,3.149,6.633,3.821,3.149,3.149,3.149,3.149,3.149,6.403,3.821,3.149,3.821,5.817,4.219,3.821,3.821,3.821
ref_00436,3.653,2.986,3.653,2.986,4.05,3.653,3.653,6.027,3.653,3.653,3.653,3.653,6.785,6.401,3.653,6.432,4.05,4.05,6.462,4.05,4.05,3.653,3.653,6.624,4.05,3.653,3.653,2.986,4.05,3.653,5.827,4.05,3.653,4.05,5.932,4.05,4.05,4.05,3.653
ref_00437,4.063,3.781,3.387,3.387,3.781,3.781,3.387,5.497,3.781,3.387,3.781,3.781,6.738,6.467,3.781,6.467,3.781,3.387,6.158,3.781,4.063,3.387,3.781,6.668,3.387,3.781,3.387,3.781,3.781,3.387,6.788,3.781,4.063,3.781,6.422,3.781,3.387,3.781,3.387
ref_00438,4.113,3.716,3.046,3.046,3.716,3.716,3.716,6.332,4.113,3.046,3.716,3.716,6.827,6.911,3.716,6.401,3.716,4.113,5.996,3.716,4.113,3.716,3.046,6.61,3.716,3.046,3.046,4.113,3.716,3.716,6.219,3.046,3.716,3.046,5.834,3.046,3.716,3.046,3.716
ref_00439,3.376,3.77,4.052,4.052,3.77,3.376,4.052,6.287,3.77,4.052,4.052,3.376,6.966,6.839,4.052,6.387,3.376,4.052,6.434,2.716,3.376,3.77,3.77,6.657,4.052,3.77,4.052,3.77,3.376,3.77,6.62,3.77,3.376,4.052,5.946,3.77,3.376,3.77,3.77
ref_00440,6.563,3.942,3.268,4.341,3.942,4.341,3.268,3.942,3.268,3.942,3.268,3.942,3.268,3.942,4.341,3.942,3.942,6.275,3.942,3.942,5.871,3.268,3.942,4.341,3.268,3.942,3.942,4.341,6.894,3.268,3.942,3.268,6.366,3.942,3.942,6.227,3.942,4.341,6.175
ref_00441,5.987,3.614,3.614,3.614,3.614,3.614,3.614,2.947,3.614,3.614,3.614,3.614,3.614,3.614,3.614,3.614,3.614,6.391,4.01,4.293,6.361,3.614,4.01,4.01,3.614,4.01,4.01,3.614,6.45,3.614,3.614,3.614,6.786,4.01,3.614,6.478,4.01,3.614,6.391
ref_00442,6.367,3.189,3.189,3.861,3.861,3.189,3.189,3.861,3.189,3.189,3.861,3.861,3.861,3.189,3.861,3.189,3.189,6.367,3.189,3.861,5.982,3.189,3.861,3.189,3.861,3.189,3.861,3.189,6.515,3.861,3.861,3.189,6.644,3.861,4.259,6.515,3.189,3.189,6.444
ref_00443,6.671,3.584,4.263,3.98,3.98,3.584,3.584,3.98,4.263,2.918,3.584,3.98,3.584,3.584,3.98,3.584,4.263,5.862,3.98,3.584,5.91,3.584,2.918,3.584,3.98,3.584,3.98,3.584,6.776,2.918,3.98,3.584,6.553,3.584,3.98,6.232,3.98,3.584,6.553
ref_00444,6.668,3.772,4.17,4.17,3.772,4.17,3.772,3.772,4.17,4.17,3.772,3.772,4.17,3.772,4.17,4.17,4.17,6.668,3.772,4.17,6.315,4.17,3.772,4.17,4.17,4.17,4.17,4.17,6.72,3.772,4.17,4.17,6.523,4.453,4.17,6.553,4.17,3.772,6.424
ref_00445,6.711,4.22,4.22,3.937,3.541,4.22,3.541,3.541,3.541,3.541,3.541,4.22,3.541,3.937,3.541,3.541,4.22,6.188,3.541,3.937,6.458,3.541,4.22,3.541,3.937,4.44,4.22,3.937,6.188,4.22,3.541,3.541,6.431,3.937,3.541,7.137,3.937,3.541,6.431
ref_00446,6.199,3.426,4.323,3.821,4.103,3.821,3.821,4.103,3.821,3.821,3.426,4.323,3.426,4.103,3.426,3.426,3.821,6.339,3.821,3.426,5.922,3.821,3.821,3.426,4.103,4.103,4.103,4.103,6.964,3.426,3.426,4.323,7.07,4.103,4.103,6.86,3.426,3.821,6.136
ref_00447,5.998,3.002,3.67,3.002,4.067,3.67,3.67,3.002,3.67,3.67,3.67,3.67,3.67,3.67,3.67,3.67,3.67,6.479,3.002,3.002,6.044,3.002,3.67,3.67,3.67,3.67,3.67,3.002,5.844,3.67,3.67,3.67,6.903,3.002,3.67,6.69,4.067,3.67,6.285
ref_00448,6.254,3.16,4.23,3.832,3.16,3.832,3.832,3.16,3.832,3.832,3.16,3.832,3.832,3.16,3.832,3.16,3.16,6.297,3.832,3.832,5.759,3.16,3.832,3.16,3.16,3.16,3.832,3.16,6.064,3.832,3.16,3.16,6.781,3.832,3.832,6.451,3.16,3.16,6.519
ref_00449,6.512,4.174,3.892,4.174,4.174,3.892,3.497,4.174,3.497,3.892,3.497,4.174,3.892,3.497,3.892,3.892,3.497,6.301,3.892,3.892,6.301,3.497,4.174,4.174,3.497,4.174,3.892,3.892,7.077,3.892,3.497,3.497,6.512,4.174,3.497,6.781,3.892,3.497,6.33
ref_00450,6.236,3.588,3.588,3.588,3.588,3.588,3.588,3.588,3.588,3.984,3.984,3.984,3.588,3.588,3.588,3.984,3.588,6.201,3.588,4.267,5.643,3.588,3.588,3.984,3.984,3.984,3.588,3.588,6.718,3.588,3.588,4.267,6.838,3.588,3.984,6.875,3.984,2.922,6.629
ref_00451,6.396,3.929,3.929,3.929,3.929,3.929,3.929,3.256,3.256,4.328,3.256,3.929,3.929,3.256,3.929,3.929,3.929,6.585,3.929,3.929,5.927,4.328,3.929,3.929,3.929,3.256,3.929,3.929,6.052,3.929,3.929,3.929,6.585,3.256,3.929,6.396,3.929,3.256,6.476
ref_00452,6.377,3.515,3.515,4.193,3.911,3.515,3.911,3.515,3.911,4.193,3.515,3.515,3.515,4.193,3.515,3.911,3.515,6.228,3.515,2.851,6.26,3.911,3.911,3.911,3.911,3.515,3.515,3.515,6.664,3.911,3.911,4.193,7.162,3.515,3.515,6.126,3.515,4.193,6.622
ref_00453,5.9,3.11,3.78,3.78,3.11,3.78,3.78,3.78,3.78,3.11,3.78,3.11,3.78,3.78,3.78,4.178,3.78,6.467,3.78,3.78,6.011,3.78,3.78,3.78,3.78,3.78,3.78,3.78,6.5,4.178,4.178,3.78,6.362,3.78,3.78,6.803,3.78,4.178,6.398
ref_00454,6.374,4.266,4.266,4.266,3.868,3.868,3.868,3.868,3.868,4.266,3.868,3.868,3.868,3.195,3.868,3.868,3.868,6.247,3.868,3.868,5.989,3.868,3.868,3.195,3.868,4.266,3.868,3.195,6.1,3.868,3.868,3.195,6.983,3.868,3.868,6.766,3.868,3.868,6.247
ref_00455,5.957,4.358,4.074,4.358,4.074,3.677,3.677,4.074,3.677,4.074,3.677,3.677,4.074,3.677,4.074,3.677,3.677,6.394,4.358,3.677,5.527,4.358,4.074,3.677,4.074,4.074,3.677,4.074,6.394,3.677,3.677,4.074,7.02,4.074,3.677,6.328,4.074,4.074,6.394
ref_00456,6.002,4.402,4.119,4.119,4.402,3.721,3.721,4.119,3.721,4.119,3.721,4.119,4.402,4.119,4.119,3.052,4.119,6.051,3.052,4.119,5.84,4.402,3.721,3.721,3.721,4.119,3.721,3.721,6.766,3.721,4.119,3.721,6.502,4.119,3.721,6.532,3.721,4.402,6.264
ref_00457,6.804,3.484,3.484,4.162,3.879,3.484,4.162,4.162,3.484,3.879,3.484,3.484,3.484,3.879,3.484,4.162,4.162,6.058,3.484,3.484,5.759,3.484,3.484,4.162,3.484,3.484,3.484,3.879,6.523,4.382,3.879,3.484,7.13,4.162,3.879,6.372,3.484,4.162,6.523
ref_00458,6.379,4.059,4.059,3.662,4.343,4.343,3.662,4.059,3.662,4.059,4.059,3.662,4.059,4.343,3.662,4.059,4.059,6.471,4.343,4.059,6.555,4.343,4.059,4.059,4.343,3.662,4.059,4.059,6.203,4.343,4.059,4.059,6.277,3.662,4.343,7.207,4.059,4.343,6.312
ref_00459,6.376,4.308,3.806,3.806,3.806,4.308,3.806,3.806,4.089,3.806,3.806,3.806,4.089,3.806,3.412,4.089,3.806,6.425,3.806,3.806,6.515,4.089,3.412,4.089,3.412,4.308,3.806,4.089,6.797,4.089,3.806,4.089,6.618,4.089,3.412,6.599,3.806,3.412,6.214
ref_00460,6.284,3.453,3.453,3.847,3.847,3.453,3.847,3.847,4.35,4.13,4.13,4.13,3.453,4.35,3.847,4.13,3.847,5.949,3.453,3.847,6.025,3.453,3.847,3.847,3.847,4.13,3.453,4.13,6.641,3.453,3.847,4.13,7.005,3.453,3.453,6.789,3.847,3.453,6.699
ref_00461,6.608,4.285,3.214,3.214,3.886,3.886,3.886,3.886,3.886,3.886,3.214,3.886,3.214,3.214,3.886,4.285,4.285,6.352,3.886,3.214,5.815,3.886,4.285,3.886,3.886,3.886,4.285,3.886,6.64,3.214,3.886,3.886,6.67,3.886,4.285,6.432,4.285,4.285,6.008
ref_00462,5.9,3.672,3.004,3.672,4.069,4.069,4.069,3.672,3.672,3.004,3.672,3.672,3.672,3.672,4.069,4.069,3.672,6.565,3.672,3.672,6.174,4.069,3.672,3.672,3.004,3.672,3.672,3.004,6.0,3.672,4.069,4.069,6.886,3.672,3.672,6.388,3.672,3.672,6.322
ref_00463,6.246,4.101,3.035,3.704,3.704,3.704,3.704,3.704,3.704,3.035,3.035,3.704,4.101,3.704,3.704,3.704,3.704,6.079,3.704,3.035,5.984,3.704,4.101,3.704,4.101,3.704,3.704,4.101,6.625,3.704,3.704,3.704,6.543,3.035,3.704,5.984,3.704,3.704,6.771
ref_00464,6.308,4.099,4.099,4.318,4.099,3.816,3.816,3.422,3.422,4.318,4.099,4.318,3.816,4.099,3.422,3.422,3.816,6.774,4.099,3.816,6.435,3.816,3.422,3.816,4.099,3.816,4.099,3.816,6.526,4.318,4.318,4.099,6.916,4.099,3.816,6.253,4.099,4.099,6.132
ref_00465,6.366,3.504,3.9,3.9,3.504,4.182,4.182,3.504,3.9,3.504,3.9,3.504,3.504,3.9,3.9,3.504,3.504,6.589,3.504,3.504,6.471,4.182,4.182,3.504,3.9,3.9,3.504,3.9,6.543,3.9,3.504,3.9,6.94,3.504,3.9,6.752,3.504,4.182,6.446
ref_00466,5.978,3.856,3.184,4.255,3.856,3.856,3.184,3.856,3.856,3.856,3.856,3.856,3.856,4.255,3.856,3.184,4.255,6.188,3.856,3.856,6.188,3.856,4.255,3.856,3.856,3.184,3.856,4.255,6.14,3.184,3.184,3.184,6.754,3.184,3.184,6.64,3.184,3.856,6.035
ref_00467,5.925,3.511,3.906,3.906,4.189,4.189,3.511,4.189,3.511,4.189,3.906,4.189,3.906,3.511,3.906,4.189,3.906,6.573,3.511,4.189,5.968,3.906,3.906,3.906,4.189,3.511,4.189,3.906,6.796,4.189,3.906,3.511,7.105,4.189,3.511,6.452,3.511,3.511,6.899
ref_00468,6.141,3.601,3.998,4.281,3.601,3.998,3.998,4.501,4.281,4.501,3.601,3.601,3.998,3.601,4.281,3.601,3.998,6.316,4.281,3.601,6.409,3.998,3.601,3.601,3.998,3.601,3.601,3.998,6.379,3.998,3.601,3.998,6.284,4.281,3.601,7.101,4.281,3.998,6.019
ref_00469,6.293,3.045,3.714,3.714,3.714,3.714,3.714,3.714,3.714,3.714,4.111,4.111,3.714,4.111,4.111,3.045,3.714,6.494,4.111,3.714,5.707,4.111,3.045,3.714,4.111,3.714,3.714,3.045,6.608,4.111,4.111,3.714,6.494,4.111,3.714,6.967,3.714,3.714,6.089
ref_00470,6.063,3.603,3.603,3.603,3.603,3.603,3.603,3.603,4.283,3.603,4.0,3.603,4.0,4.0,4.0,3.603,3.603,5.776,4.0,3.603,6.285,4.0,3.603,3.603,4.0,3.603,4.0,4.0,6.467,3.603,3.603,4.0,6.668,3.603,3.603,7.117,4.0,4.0,6.41
ref_00471,6.493,4.156,3.873,4.156,3.478,3.478,4.156,4.156,3.478,3.478,4.376,3.478,3.873,3.873,4.376,4.156,4.156,6.815,4.156,3.873,6.444,3.873,3.478,3.873,4.156,3.873,3.873,4.156,6.419,4.156,3.873,3.478,6.19,3.478,3.478,6.311,3.873,3.873,6.706
ref_00472,6.299,3.834,3.162,3.162,3.834,4.232,4.232,3.162,3.162,3.834,3.162,3.834,3.834,3.162,3.834,3.162,4.232,6.256,3.834,4.232,5.894,4.232,3.834,3.834,3.834,3.834,3.834,4.232,6.881,3.162,3.834,3.834,6.417,3.162,3.834,6.809,4.232,3.834,6.166
ref_00473,6.199,4.265,4.265,3.982,3.586,3.586,3.982,3.982,3.586,3.982,3.586,4.265,4.265,4.485,3.586,3.982,3.586,5.912,3.982,3.982,5.641,4.265,4.265,4.265,4.265,3.982,4.485,3.982,6.163,3.982,3.982,3.586,6.817,3.586,3.982,6.909,4.265,3.982,6.627
ref_00474,6.297,4.328,4.044,3.648,4.044,3.648,4.044,3.648,3.648,4.044,4.328,4.328,3.648,3.648,3.648,4.044,4.044,6.297,3.648,3.648,6.022,4.044,3.648,3.648,3.648,3.648,4.044,4.044,6.426,3.648,4.044,4.044,6.667,4.328,4.328,6.54,4.044,4.328,6.022
ref_00475,5.942,3.766,3.766,3.766,3.766,3.095,3.095,4.163,3.095,3.766,3.095,4.163,3.095,3.095,4.163,3.766,4.163,6.187,3.766,3.766,6.187,3.095,4.163,4.163,3.766,4.163,4.163,4.163,6.485,3.766,3.766,3.766,6.229,3.095,3.766,6.347,3.766,3.766,6.229
ref_00476,6.191,3.814,3.814,3.419,3.419,4.096,3.814,3.814,4.316,3.419,3.419,3.814,4.096,4.096,3.419,3.419,3.814,6.096,3.814,3.814,6.096,3.419,3.814,3.419,3.814,4.316,3.814,3.419,7.024,3.814,3.814,4.316,6.868,3.814,4.096,7.148,3.814,3.814,6.221
ref_00477,6.279,3.856,3.856,3.184,3.184,3.856,3.856,3.856,3.184,3.856,3.856,4.255,3.856,3.856,3.184,3.856,3.184,6.188,3.184,3.856,6.363,3.856,3.184,3.856,3.184,3.856,3.856,3.856,6.727,3.856,4.255,3.184,6.188,3.856,4.255,6.545,3.184,3.856,6.67
ref_00478,6.332,3.716,3.716,3.716,3.716,3.716,3.046,3.716,3.716,3.716,3.046,3.716,3.716,3.716,3.716,3.716,3.716,5.996,3.046,3.046,5.773,3.046,3.716,3.046,3.716,3.046,3.716,4.113,6.367,3.716,3.046,3.716,6.827,3.716,3.716,6.806,3.716,3.716,6.295
ref_00479,6.242,4.097,3.7,3.7,4.097,4.097,3.031,3.7,3.7,3.031,3.7,3.7,4.097,3.7,3.7,3.7,3.7,5.758,3.7,4.097,5.929,4.097,3.7,3.7,4.381,3.7,4.097,4.097,6.449,3.7,4.097,4.097,6.697,4.097,3.7,7.043,4.097,4.097,6.351
ref_00480,6.404,3.787,3.787,3.787,3.116,3.787,3.116,3.787,3.116,3.787,3.787,4.184,3.116,3.116,3.787,3.787,4.184,6.25,3.787,3.787,5.639,3.787,3.787,3.787,3.787,3.787,3.116,3.787,6.627,3.787,3.787,4.184,6.735,3.787,3.787,6.25,3.787,3.116,6.069
ref_00481,6.863,4.137,3.46,3.855,3.855,3.46,3.855,3.46,4.137,3.855,3.855,4.137,3.855,4.357,3.46,4.137,4.137,6.628,4.137,4.137,6.648,3.855,4.137,3.46,3.46,4.137,4.137,3.855,6.83,3.855,3.46,3.46,6.374,3.46,3.855,6.32,4.357,4.137,6.521
ref_00482,6.387,3.948,3.948,3.948,3.948,4.231,3.552,4.231,3.552,3.948,3.552,3.552,3.552,3.552,3.948,3.552,3.552,6.569,3.552,4.231,6.266,3.552,3.552,3.948,3.552,3.552,3.552,4.231,6.329,3.948,3.948,3.948,6.443,4.231,3.948,6.743,3.948,3.552,6.2
ref_00483,5.895,3.225,3.898,3.225,3.225,3.225,3.225,3.225,3.225,3.898,4.297,3.225,3.898,3.898,3.225,3.898,3.898,6.182,3.898,3.898,5.826,3.898,3.898,3.898,3.225,3.898,3.898,3.898,6.231,3.225,3.898,3.898,6.682,3.898,3.225,6.182,3.898,3.898,6.182
ref_00484,6.306,3.169,4.239,3.841,4.239,3.841,3.169,3.841,3.841,3.169,3.169,3.841,3.169,3.841,3.841,4.239,3.169,6.346,3.841,3.841,6.423,3.841,3.169,3.841,3.169,3.841,3.841,3.841,5.962,3.841,3.841,3.169,6.624,3.841,3.841,7.039,3.841,3.841,6.306
ref_00485,6.742,3.987,3.591,4.27,3.987,3.987,3.987,3.987,3.591,3.987,4.27,4.27,3.591,3.591,3.591,3.591,4.27,6.763,3.591,3.987,5.964,3.987,4.27,4.27,3.987,3.987,3.591,3.987,6.609,3.987,3.591,3.987,6.585,3.987,4.27,6.632,3.591,3.591,6.168
ref_00486,6.09,3.76,4.441,3.76,3.76,3.76,3.76,4.157,4.157,4.157,4.157,3.76,3.76,3.76,3.76,3.089,4.157,5.99,3.76,4.157,5.99,4.157,4.157,3.76,3.76,4.157,4.157,3.76,6.34,3.76,4.157,3.76,6.758,3.76,4.157,6.733,3.76,3.76,5.99
ref_00487,6.51,4.097,3.7,3.7,3.7,3.7,4.097,3.7,4.097,3.7,3.7,4.097,3.7,3.031,3.7,3.7,3.7,6.316,4.097,3.7,6.029,4.097,4.097,3.7,4.097,3.7,3.7,3.7,6.567,3.7,3.7,4.097,6.417,3.7,4.381,6.539,3.7,3.7,6.075
ref_00488,5.955,3.778,3.108,3.108,3.108,3.778,3.778,4.176,3.108,3.108,3.778,3.778,3.778,3.778,3.778,3.778,3.778,5.955,3.108,3.778,5.955,3.108,3.778,3.778,4.176,3.778,3.778,3.778,6.242,3.108,3.108,3.778,6.497,3.778,3.108,6.56,3.778,3.108,6.283
ref_00489,5.919,4.037,4.037,4.037,4.037,3.64,4.037,3.64,4.037,4.037,4.037,3.64,4.037,3.64,3.64,3.64,3.64,6.101,4.037,2.973,6.356,3.64,4.037,3.64,4.037,4.037,2.973,4.037,6.611,3.64,4.32,3.64,6.506,3.64,3.64,6.728,4.037,4.32,6.834
ref_00490,6.369,4.241,4.241,3.562,4.461,4.461,3.958,4.241,4.241,4.241,3.562,4.241,3.562,3.958,3.958,3.958,3.958,6.773,4.461,3.562,6.21,4.241,3.958,3.958,4.241,4.461,3.958,4.241,6.603,4.461,3.958,3.958,6.244,4.241,3.958,7.223,3.958,3.562,6.276
ref_00491,6.014,3.836,3.836,3.836,3.836,3.164,3.164,3.164,3.836,3.164,3.836,3.836,3.836,3.164,3.164,3.164,3.836,6.014,3.164,3.164,6.168,3.164,3.836,3.836,3.836,3.836,3.836,3.164,5.897,3.164,4.235,3.164,6.342,3.836,3.836,6.811,3.836,3.164,6.301
ref_00492,6.615,4.253,4.253,3.97,3.574,3.97,4.253,3.97,3.97,3.574,4.253,3.574,4.253,4.253,3.97,3.97,3.97,6.32,4.253,3.574,6.033,3.97,3.97,3.97,3.574,4.253,3.97,3.574,6.518,3.97,3.97,3.97,6.948,3.97,3.574,6.725,3.97,3.574,5.99
ref_00493,6.422,4.168,3.77,3.77,4.451,4.168,4.168,4.168,3.77,4.168,3.77,3.77,3.77,3.77,4.451,4.168,3.77,6.456,3.77,4.168,6.387,3.77,3.77,3.77,3.77,4.168,3.77,4.168,6.233,4.168,4.168,4.168,6.387,3.77,4.168,6.743,3.77,3.77,6.233
ref_00494,6.188,3.725,3.056,3.725,3.056,3.056,3.725,3.725,3.056,4.123,3.725,3.725,3.725,3.056,3.725,4.123,4.123,6.506,3.725,3.725,6.377,3.056,3.725,4.123,3.725,4.123,3.725,3.725,6.229,3.056,3.725,3.725,6.593,3.056,3.725,6.62,3.725,3.725,5.844
ref_00495,6.014,2.973,3.64,4.037,2.973,4.037,3.64,3.64,3.64,4.037,4.037,3.64,4.32,3.64,3.64,3.64,3.64,6.683,2.973,4.037,5.814,3.64,3.64,3.64,3.64,4.037,4.037,4.037,6.419,3.64,4.037,2.973,6.947,3.64,4.037,6.854,4.037,4.037,6.449
ref_00496,6.424,3.102,3.772,4.17,4.17,3.772,3.772,3.772,3.772,3.102,3.772,4.17,3.772,3.772,3.772,3.772,3.772,6.149,3.772,4.17,6.315,3.772,3.102,3.772,3.772,3.102,4.17,3.102,6.553,3.102,3.772,3.772,6.193,3.772,3.102,6.523,3.772,3.102,5.891
ref_00497,5.846,3.787,4.184,3.787,3.787,3.787,3.787,4.184,4.184,3.787,3.787,3.787,3.787,3.787,3.787,4.184,3.787,6.017,3.787,3.787,5.906,3.787,3.787,3.116,4.184,3.116,3.787,4.184,6.473,4.184,3.787,3.787,7.023,4.184,3.787,6.943,3.787,3.787,6.506
ref_00498,5.793,4.072,3.675,3.007,3.675,3.675,3.675,3.675,3.007,3.675,3.675,3.675,4.072,3.675,4.072,3.675,3.675,6.647,3.675,3.007,6.254,3.007,3.675,3.675,3.675,3.675,3.007,4.072,6.359,4.072,4.072,3.675,7.084,3.675,3.675,6.291,4.072,3.675,6.094
ref_00499,6.535,3.642,4.039,4.039,3.642,3.642,4.039,3.642,4.039,3.642,3.642,4.039,3.642,4.039,4.039,3.642,3.642,5.97,4.039,4.039,6.292,3.642,4.039,4.039,4.322,4.039,3.642,3.642,6.587,4.039,3.642,3.642,6.183,2.975,3.642,7.098,4.039,3.642,6.144
ref_00500,5.893,3.963,3.963,3.963,3.567,3.567,4.246,3.963,4.246,4.246,3.567,3.567,3.963,3.963,3.963,3.963,3.567,6.431,3.963,3.567,6.344,3.567,3.963,3.963,4.246,3.963,3.567,3.567,6.215,3.963,3.567,4.246,6.907,3.963,3.567,7.051,3.963,3.963,6.249
ref_00501,6.18,3.717,3.717,3.717,3.048,3.717,4.398,4.115,3.717,3.717,4.115,3.717,3.717,3.717,4.115,4.115,3.717,6.467,3.048,4.115,6.221,3.048,4.115,3.048,3.717,3.048,3.717,4.115,6.557,4.115,4.115,3.717,6.971,3.717,4.115,6.612,3.717,3.717,5.998
ref_00502,6.361,3.677,3.677,4.358,3.677,4.074,3.677,4.074,3.677,4.358,4.074,4.074,3.677,3.009,3.677,3.677,4.074,6.394,4.074,4.358,6.219,3.677,3.677,4.358,3.677,3.677,4.074,3.677,6.361,3.677,3.677,3.677,6.697,3.677,3.677,6.911,3.677,3.677,6.457
ref_00503,6.559,3.137,3.808,3.808,3.808,3.137,3.137,3.808,3.137,3.808,3.808,3.808,3.808,3.137,3.808,3.137,3.808,6.313,3.808,3.137,5.661,3.137,3.808,3.137,3.808,3.808,3.808,3.808,6.139,3.808,3.137,3.137,6.677,3.137,3.808,6.139,3.808,3.137,5.735
ref_00504,6.719,4.095,4.095,3.029,3.698,4.379,3.029,3.698,4.095,3.698,3.698,3.029,4.095,4.095,4.095,4.095,3.698,6.24,3.698,3.698,5.623,4.095,4.095,4.095,4.095,3.698,3.698,3.698,6.201,3.698,3.029,4.095,7.229,4.095,4.095,6.695,3.029,3.698,6.314
ref_00505,6.47,3.751,4.149,3.751,3.751,3.751,4.149,3.751,3.081,4.149,3.751,3.751,3.751,3.751,4.149,3.751,3.751,6.502,4.149,3.081,5.603,3.751,3.751,3.751,3.751,3.751,3.751,4.149,6.619,3.751,3.751,3.751,6.699,3.751,4.149,6.294,4.149,4.149,5.871
ref_00506,6.049,4.166,3.768,3.768,3.768,3.768,3.768,4.166,3.768,3.768,4.166,3.768,3.097,3.768,3.768,3.768,4.166,6.349,3.768,4.166,5.762,3.768,3.768,4.166,3.768,4.166,3.768,3.768,6.923,4.166,3.768,3.768,6.189,3.768,3.768,6.549,3.768,3.768,6.349
ref_00507,6.18,3.717,4.115,3.048,3.717,4.398,4.115,3.717,4.115,4.115,3.717,4.115,4.115,4.115,3.717,4.115,4.115,6.297,4.115,3.048,6.467,4.115,3.048,3.717,3.717,4.115,4.115,4.398,6.557,3.717,4.115,3.717,6.715,3.717,3.717,6.715,4.115,4.398,6.762
ref_00508,5.901,3.841,3.841,3.841,3.841,3.169,3.169,3.169,3.169,3.841,3.169,3.841,4.239,3.841,3.841,4.239,4.239,6.561,3.169,4.239,5.433,3.841,3.841,4.239,3.841,3.841,3.841,3.841,6.219,3.169,3.841,3.841,6.124,4.239,3.841,6.738,3.169,4.239,6.346
ref_00509,6.253,3.92,3.246,3.246,3.92,3.92,4.318,3.246,3.92,3.92,3.246,3.92,3.92,3.246,3.92,3.246,3.246,6.204,3.92,3.92,6.299,3.246,3.92,3.246,4.318,3.246,3.92,3.246,6.609,3.92,3.92,3.92,6.299,3.92,3.92,6.818,3.246,3.92,6.427
ref_00510,6.327,3.917,3.522,3.917,4.2,3.917,4.2,4.2,3.522,3.917,3.522,4.2,3.917,4.2,3.522,4.2,3.522,6.628,3.917,3.522,6.297,3.522,4.2,3.917,3.522,3.917,3.522,3.522,6.168,3.522,3.917,4.42,6.86,3.522,3.917,6.584,4.2,3.917,6.65
ref_00511,6.577,3.683,4.08,3.683,4.08,3.015,3.683,3.683,3.683,3.683,3.683,4.08,4.08,3.683,3.683,4.08,3.683,6.837,3.683,3.683,5.8,3.683,3.683,4.08,4.08,4.08,4.08,4.08,6.333,3.683,4.08,4.363,6.857,4.08,4.08,6.727,3.683,4.08,6.185
ref_00512,6.087,4.306,3.234,4.306,4.306,3.908,4.306,3.908,4.306,3.908,3.908,3.234,3.234,3.908,3.908,4.306,3.908,6.374,3.234,3.908,6.454,3.908,4.306,3.908,3.908,3.908,3.908,3.908,6.492,4.306,3.908,3.908,6.629,3.234,4.306,6.374,3.908,3.908,5.969
ref_00513,6.86,3.368,3.368,4.043,3.368,4.043,4.043,4.043,4.043,3.368,4.043,3.368,3.368,3.368,3.368,3.368,4.043,6.107,4.043,3.368,5.639,3.368,3.368,3.368,4.043,3.368,3.368,3.368,6.168,4.043,4.043,4.043,6.168,3.368,4.043,6.997,4.043,4.043,6.168
ref_00514,6.106,3.823,3.823,3.152,3.823,3.823,4.221,3.823,3.823,3.823,3.152,3.152,3.152,3.823,3.823,3.152,3.823,5.883,3.823,4.221,6.001,3.823,3.152,3.823,3.152,3.152,3.823,3.823,6.328,3.152,3.152,3.823,6.664,3.152,3.823,6.51,4.221,3.152,6.245
ref_00515,6.281,3.816,3.816,3.145,3.145,3.145,3.816,3.145,4.215,3.816,4.215,3.816,3.816,3.816,3.816,4.215,4.215,6.399,4.215,4.215,6.435,3.816,3.816,3.145,3.816,3.816,4.215,3.145,6.435,4.215,4.215,3.145,6.322,4.215,4.215,6.194,3.816,4.215,6.568
ref_00516,6.721,3.833,3.833,4.115,3.438,3.438,4.115,4.115,3.833,4.115,4.115,3.438,3.833,3.833,4.115,3.833,3.438,5.973,3.438,3.833,6.24,3.833,3.833,3.833,3.833,4.115,3.833,3.833,5.85,3.833,3.833,3.833,6.351,3.833,3.833,6.976,3.438,3.833,6.498
ref_00517,6.334,4.456,3.953,3.953,4.236,4.236,3.953,4.236,3.557,3.953,3.953,4.236,3.953,3.953,4.236,4.236,4.236,6.238,3.557,3.557,6.17,3.953,3.557,3.953,3.953,3.953,3.557,3.557,6.42,3.953,3.557,3.953,6.665,3.953,3.953,6.914,4.236,3.953,6.334
ref_00518,6.635,3.664,3.664,3.664,3.664,4.061,3.664,3.664,4.061,2.996,3.664,4.061,3.664,3.664,2.996,4.061,3.664,6.279,4.061,3.664,6.243,3.664,3.664,3.664,3.664,4.061,4.061,3.664,6.038,2.996,3.664,3.664,6.775,4.061,3.664,6.243,4.061,3.664,6.243
ref_00519,6.329,3.948,3.552,3.948,4.231,3.948,3.552,3.948,3.948,4.231,3.948,3.948,3.552,3.552,3.948,3.552,4.231,6.051,4.231,3.948,6.298,3.552,3.948,4.231,3.948,3.948,4.231,3.948,6.638,4.451,3.552,3.552,6.703,4.231,4.231,6.682,4.451,4.231,6.469
ref_00520,6.211,3.67,4.067,4.067,4.067,4.067,4.067,4.35,4.067,4.067,4.35,3.67,4.067,3.67,4.067,4.067,4.35,6.884,3.67,3.67,6.479,4.35,4.067,3.67,3.67,3.67,3.002,4.35,6.32,4.067,4.35,3.67,6.616,4.35,3.67,6.713,4.35,4.35,6.249
ref_00521,6.172,3.841,3.841,4.239,3.841,3.841,3.169,3.169,3.169,3.841,3.841,3.841,4.239,3.169,3.169,3.169,3.841,6.219,3.169,3.841,5.614,3.841,3.841,3.841,3.169,4.239,3.841,3.841,6.346,3.169,3.841,3.841,6.765,3.169,3.841,6.765,4.239,3.169,6.219
ref_00522,6.414,4.003,4.003,2.94,4.003,3.607,3.607,4.003,4.003,4.003,4.003,3.607,4.003,3.607,4.003,4.003,3.607,6.146,4.003,3.607,6.353,3.607,4.003,4.003,3.607,4.003,4.286,3.607,6.551,4.003,3.607,3.607,6.255,4.003,2.94,6.498,4.286,3.607,6.289
ref_00523,6.19,4.33,3.649,4.046,3.649,3.649,4.33,4.33,4.046,4.33,4.33,4.55,4.33,4.33,4.33,4.046,4.33,6.715,3.649,4.046,6.264,3.649,4.046,4.046,4.046,4.046,4.046,3.649,6.228,4.046,4.046,4.33,6.487,4.046,3.649,6.62,3.649,4.33,5.928
ref_00524,6.144,4.176,3.893,3.893,3.893,4.396,3.498,3.498,3.893,3.498,3.498,3.498,3.893,3.893,3.893,3.893,3.893,6.109,3.498,4.176,6.439,3.893,3.893,4.176,4.176,3.893,3.893,4.176,6.359,3.498,3.498,3.893,7.119,3.893,3.498,6.783,4.176,4.176,6.359
ref_00525,5.838,4.061,3.664,4.061,4.061,3.664,4.061,3.664,3.664,3.664,4.061,4.061,4.344,4.061,3.664,3.664,3.664,6.279,4.061,2.996,5.992,4.061,4.344,3.664,4.061,4.061,3.664,3.664,6.443,4.061,3.664,3.664,7.073,4.061,4.061,6.753,4.061,4.061,6.205
ref_00526,6.322,3.037,4.103,4.103,3.706,4.103,4.387,3.706,4.103,4.387,4.103,4.103,4.103,4.103,4.103,3.706,3.706,6.081,4.387,4.103,6.322,4.103,3.706,4.103,4.387,4.103,3.706,3.706,6.486,4.103,4.103,4.103,6.423,3.706,3.706,6.627,3.706,3.706,6.455
ref_00527,6.352,4.206,3.808,3.808,4.206,3.808,3.808,3.137,4.206,4.206,3.808,3.808,3.808,3.808,3.808,4.206,3.808,5.985,3.808,3.808,6.09,4.206,3.808,3.808,3.808,3.808,4.206,4.206,6.23,4.206,4.206,3.808,6.39,3.808,4.206,7.044,4.206,3.808,6.39
ref_00528,5.889,4.168,3.099,3.099,3.77,3.099,3.77,3.77,3.77,3.77,3.099,3.77,4.168,4.168,3.77,3.77,4.168,6.0,3.099,3.099,5.889,4.168,3.099,3.099,4.168,3.77,3.77,3.099,6.551,3.77,3.77,3.77,6.351,3.099,3.77,6.839,3.77,4.168,6.551
ref_00529,6.305,3.725,3.725,4.123,4.123,3.725,3.725,3.725,3.056,4.123,3.725,4.123,3.056,4.123,3.725,3.725,3.725,5.901,3.725,3.725,6.229,3.725,3.725,4.123,3.056,3.056,3.725,3.725,6.698,3.725,4.123,3.725,6.342,3.725,3.056,6.411,3.725,3.725,5.955
ref_00530,5.636,3.712,3.712,3.712,3.043,3.712,3.712,3.712,3.712,3.712,3.712,3.712,3.712,3.043,3.712,4.109,3.712,6.363,4.109,3.712,6.087,3.712,3.712,3.043,4.109,3.712,3.043,3.043,6.633,3.712,3.043,4.109,6.429,3.712,3.712,6.733,3.043,3.043,6.328
ref_00531,5.681,3.827,3.827,3.156,3.156,3.827,3.827,3.156,3.156,3.156,3.827,3.156,3.827,3.827,3.827,3.827,3.827,6.446,3.827,4.226,5.681,3.827,3.827,3.827,4.226,3.156,3.827,3.156,5.948,3.156,3.827,3.827,6.446,3.827,3.827,6.333,3.827,3.827,6.005
ref_00532,6.623,3.085,4.153,3.755,3.755,4.153,3.755,3.755,3.755,3.755,3.755,3.755,3.085,4.153,4.153,4.153,3.085,6.037,3.085,3.755,6.336,3.755,4.153,3.755,3.755,4.153,4.153,3.085,6.299,3.755,4.153,3.085,6.441,3.755,3.755,6.753,3.755,4.153,5.986
ref_00533,5.912,3.982,3.586,3.586,3.982,3.586,3.982,3.586,3.982,3.982,3.982,3.586,3.586,3.586,3.586,3.982,3.586,6.604,3.586,4.265,5.958,3.586,3.586,3.586,3.586,3.586,3.586,2.92,6.422,3.586,3.586,3.982,7.04,3.586,4.265,7.009,3.586,3.982,5.758
ref_00534,6.853,3.83,4.112,3.83,3.435,4.112,3.83,3.83,3.83,3.435,3.83,4.112,4.112,3.83,3.83,3.435,4.112,6.472,4.332,3.435,6.177,4.112,3.83,3.435,4.112,3.435,4.112,3.435,6.662,3.435,3.83,4.112,6.93,4.112,3.435,6.788,4.112,3.83,6.177
ref_00535,6.47,3.751,3.751,4.149,3.081,3.751,3.751,3.751,3.751,3.751,3.081,3.751,4.149,3.081,3.751,3.751,3.081,5.928,4.149,3.751,6.081,4.149,4.149,3.751,3.751,3.751,3.081,3.751,5.981,3.751,3.751,4.149,6.673,3.751,3.751,6.647,3.751,3.751,5.81
ref_00536,6.61,3.615,4.012,4.012,4.295,4.295,4.295,3.615,4.012,4.012,3.615,3.615,3.615,4.012,3.615,4.295,4.012,5.942,4.295,4.295,5.989,4.295,3.615,4.012,3.615,4.295,4.012,3.615,6.703,4.295,4.012,3.615,6.298,3.615,4.012,6.903,3.615,4.295,6.788
ref_00537,6.379,4.311,4.028,4.028,3.631,3.631,3.631,3.631,4.028,4.028,4.311,4.028,4.311,3.631,4.028,3.631,3.631,6.65,4.028,4.311,6.439,3.631,3.631,4.028,3.631,4.311,4.028,4.311,6.524,3.631,3.631,3.631,7.132,3.631,3.631,6.674,4.311,3.631,6.576
ref_00538,5.852,4.131,3.733,3.733,4.131,4.131,3.733,3.733,3.733,4.414,4.131,4.131,4.414,3.733,4.131,4.131,3.733,6.601,3.733,4.131,5.909,3.733,3.733,3.733,3.733,3.733,4.131,4.131,6.276,3.733,4.131,4.131,6.846,4.131,3.733,7.191,4.131,3.733,5.909
ref_00539,6.261,3.487,3.487,3.882,3.882,4.385,3.882,3.882,3.487,3.882,3.882,3.882,4.165,3.487,4.165,4.165,3.882,6.453,3.882,3.882,6.348,3.882,3.487,3.882,4.165,4.165,4.385,3.487,6.696,3.487,3.487,3.882,6.954,3.882,4.385,6.097,3.882,4.165,6.261
ref_00540,6.733,3.562,3.958,4.241,4.241,3.562,4.241,3.958,4.241,3.958,4.241,4.241,4.241,3.562,4.241,3.562,4.241,6.101,3.562,3.958,6.555,4.241,3.958,3.562,3.562,3.958,3.958,3.958,6.812,3.562,3.562,3.958,6.952,3.958,3.958,6.648,3.958,3.958,5.978
ref_00541,5.898,3.968,4.251,3.968,4.251,3.572,3.572,3.968,4.251,3.572,4.251,3.968,3.572,3.572,4.251,3.968,3.572,6.49,3.572,3.572,6.636,3.968,4.251,4.251,4.251,3.968,4.251,3.572,6.659,3.968,3.968,3.968,6.877,3.968,3.968,6.436,3.572,3.572,6.031
ref_00542,6.241,3.819,4.217,3.819,4.217,3.147,3.819,4.217,4.217,3.147,3.147,3.819,3.819,3.147,3.147,3.147,3.819,6.539,3.819,3.819,5.505,3.819,3.819,3.819,4.217,3.819,3.147,3.819,6.324,3.819,3.819,3.147,6.842,3.819,3.819,6.283,3.819,3.147,6.196
ref_00543,6.294,3.975,3.579,3.975,2.914,3.975,3.975,3.975,3.975,3.975,3.975,2.914,3.975,3.579,3.975,3.975,3.579,6.47,4.258,3.975,5.951,3.975,3.579,4.258,3.975,3.975,4.258,3.975,6.294,3.579,3.579,3.975,6.791,3.975,3.579,6.953,3.975,3.975,5.951
ref_00544,6.34,3.771,3.377,3.377,3.771,3.771,3.377,3.771,3.771,3.377,3.771,4.053,3.771,3.771,3.377,3.377,4.273,5.871,4.273,3.377,6.117,3.771,4.053,4.053,3.771,4.273,4.053,4.273,6.501,4.273,3.771,4.053,6.941,3.771,4.273,6.994,3.771,3.771,6.365
ref_00545,6.675,4.445,4.224,3.942,3.942,3.546,3.546,3.942,3.942,3.546,3.546,3.942,3.942,3.942,3.942,4.224,4.224,6.716,3.942,3.546,6.291,4.224,3.546,4.224,3.942,3.942,3.546,4.224,6.538,3.546,3.546,3.546,6.795,3.546,3.942,6.352,3.942,3.942,6.193
ref_00546,6.346,3.458,4.136,3.853,3.853,4.136,3.853,3.458,4.136,3.458,4.136,4.356,3.853,3.853,3.853,3.458,4.136,6.627,3.853,4.136,5.781,4.356,4.356,3.853,3.853,4.136,4.136,4.136,6.399,3.458,3.853,3.853,6.795,3.458,3.458,7.091,3.458,4.136,6.137
ref_00547,6.411,3.917,3.917,3.522,3.917,3.917,3.522,4.2,3.917,3.522,3.917,3.522,3.917,4.2,3.522,3.917,3.917,6.411,3.522,3.917,5.575,3.917,3.917,3.522,3.522,3.522,3.917,3.917,6.843,3.522,3.917,3.522,6.877,3.917,3.522,6.732,4.2,3.917,6.384
ref_00548,6.445,3.666,3.666,4.063,4.063,3.666,4.063,4.063,4.063,3.666,4.063,3.666,3.666,4.063,4.063,4.063,3.666,6.732,3.666,4.063,6.383,3.666,3.666,3.666,4.063,3.666,3.666,4.063,6.755,4.063,4.063,4.063,6.991,4.063,4.063,6.475,3.666,4.346,6.445
ref_00549,6.591,3.947,3.947,3.551,4.229,4.229,3.947,3.551,3.551,3.947,3.551,3.947,3.551,3.551,4.229,3.947,3.551,6.127,3.551,3.551,5.967,3.551,3.551,4.229,4.229,3.947,3.947,3.947,6.636,3.551,3.947,4.229,6.414,4.229,3.551,6.819,3.947,3.551,6.163
ref_00550,6.603,3.882,3.209,3.882,3.882,3.882,3.882,3.882,3.882,3.209,3.209,3.882,4.28,4.28,4.28,3.882,3.209,6.724,3.882,3.209,5.879,3.882,3.882,3.209,3.882,3.882,3.882,3.882,6.603,4.28,4.28,3.882,6.388,4.28,4.28,6.166,3.882,3.882,6.427
ref_00551,6.079,3.66,3.66,4.057,3.66,3.66,4.057,3.66,3.66,3.66,4.341,3.66,3.66,3.66,2.993,3.66,3.66,6.344,4.057,3.66,6.079,3.66,3.66,3.66,3.66,4.057,3.66,2.993,6.469,4.057,4.057,3.66,6.344,4.057,2.993,6.377,3.66,4.057,6.656
ref_00552,6.448,3.124,3.795,3.124,3.795,3.795,3.124,4.193,4.193,3.795,3.795,3.795,4.193,3.795,3.124,3.795,3.795,6.217,4.193,3.795,6.413,3.124,3.124,3.795,3.795,3.795,3.795,3.124,6.3,3.795,3.795,3.124,6.026,3.124,3.795,6.818,4.193,3.795,6.026
ref_00553,6.285,3.67,4.067,3.67,3.67,3.67,3.67,3.67,3.67,3.67,4.067,4.067,3.67,3.67,3.67,3.67,4.067,6.131,3.67,4.067,5.998,3.67,3.67,4.067,3.67,4.067,4.067,4.067,6.249,4.067,3.67,3.67,6.903,3.67,4.067,6.903,4.067,3.67,5.727
ref_00554,6.266,4.2,2.858,3.522,3.522,3.917,3.917,3.522,3.522,3.522,3.917,3.522,3.917,3.917,3.522,3.522,3.917,6.732,3.917,3.522,6.202,3.522,3.522,3.522,3.522,3.917,4.2,3.917,6.692,3.522,3.522,3.522,6.561,3.522,3.917,6.438,3.917,3.917,5.892
ref_00555,6.058,4.08,3.683,4.363,3.683,4.08,4.08,4.363,4.08,4.363,3.683,4.08,3.683,4.08,4.08,4.08,4.363,6.333,4.08,4.08,6.367,3.683,4.363,3.683,4.363,4.363,4.08,3.683,6.935,4.08,3.683,3.683,6.333,3.683,4.363,7.269,4.363,4.363,6.144
ref_00556,6.53,3.719,4.117,3.719,3.719,3.719,4.117,3.719,3.05,4.117,4.117,3.05,3.05,3.719,3.719,3.719,3.719,5.895,3.719,3.719,5.644,3.719,3.719,3.719,3.719,3.719,3.719,3.719,6.405,4.117,3.719,3.05,6.299,3.719,3.719,6.371,3.719,3.719,6.587
ref_00557,6.119,3.743,3.074,3.743,3.074,3.074,3.743,4.141,3.743,3.743,3.743,3.074,4.141,3.743,3.743,3.743,3.074,5.919,3.743,3.743,5.669,4.141,3.074,4.141,3.743,3.743,3.743,3.743,6.493,3.743,3.743,4.141,6.493,3.743,3.074,6.324,3.074,3.743,5.802
ref_00558,6.336,3.719,4.117,3.719,4.117,3.719,3.719,3.05,3.719,3.719,3.719,4.117,4.117,3.719,3.05,4.117,4.117,6.405,4.117,4.117,6.336,3.719,3.719,3.719,3.719,3.719,3.05,3.719,6.587,3.05,3.719,3.719,6.53,4.117,3.719,6.095,3.05,3.719,6.587
ref_00559,6.182,3.503,3.898,3.503,3.503,3.898,3.898,3.898,3.898,3.898,4.181,3.503,4.181,3.503,3.503,3.898,3.503,6.518,3.898,2.839,5.917,3.503,3.503,4.181,3.898,3.898,2.839,3.503,6.75,3.898,3.503,3.503,6.469,3.898,3.503,6.692,3.503,3.898,6.587
ref_00560,6.264,4.157,4.157,3.76,3.76,3.76,4.157,4.157,3.76,4.157,3.089,3.089,3.76,3.76,4.157,3.76,4.157,5.99,3.76,3.089,6.303,3.76,3.76,3.76,3.76,3.76,3.76,3.76,6.34,4.157,4.157,3.76,6.758,3.76,3.76,6.733,4.157,4.157,6.628
ref_00561,6.556,4.008,4.008,4.291,4.008,4.008,3.612,4.291,3.612,3.612,3.612,3.612,3.612,4.008,3.612,4.291,4.008,6.784,4.008,3.612,6.476,4.008,4.008,4.008,3.612,4.291,3.612,4.008,6.327,3.612,4.291,4.008,6.448,3.612,4.291,6.419,4.008,4.008,5.728
ref_00562,6.583,3.743,3.743,3.743,4.141,4.141,4.141,4.141,4.141,3.074,3.743,3.743,4.141,4.141,4.141,3.743,4.425,6.164,3.743,4.425,5.737,3.743,4.141,3.743,4.425,3.743,3.074,4.141,6.36,4.141,4.141,4.141,7.034,3.743,4.141,7.016,3.743,3.743,6.978
ref_00563,6.481,4.269,3.589,4.269,3.589,3.986,3.589,3.589,3.589,3.986,3.589,3.589,3.986,4.269,3.589,3.589,4.269,6.533,3.589,3.589,6.049,3.986,3.986,3.589,3.589,2.923,3.589,3.986,6.336,3.986,3.589,3.589,6.336,4.269,4.269,6.895,3.986,3.589,6.271
ref_00564,6.25,3.998,3.998,4.281,3.998,4.281,3.998,3.998,3.601,3.998,3.998,3.998,3.998,3.601,4.281,3.601,3.998,6.732,3.601,4.281,6.102,4.281,3.998,3.601,4.281,4.281,3.601,3.601,6.316,3.998,3.601,3.998,6.689,4.281,3.601,6.925,3.998,3.601,6.141
ref_00565,6.626,3.655,3.655,2.987,3.655,4.335,3.655,3.655,4.052,4.052,3.655,4.052,4.052,3.655,3.655,4.052,3.655,6.403,3.655,4.052,6.157,4.052,4.052,4.052,4.052,3.655,4.335,4.052,6.434,4.335,4.335,3.655,6.521,4.335,4.335,6.521,4.052,4.052,6.403
ref_00566,6.176,3.755,3.755,4.153,3.755,4.153,4.153,3.755,4.153,3.755,3.755,3.755,3.755,3.755,4.153,3.755,3.085,6.595,3.755,3.755,6.506,3.085,3.755,3.755,3.755,3.755,4.153,4.153,6.037,3.755,4.153,4.437,6.595,3.755,3.755,6.595,4.153,3.755,6.132
ref_00567,6.337,3.832,3.832,3.832,4.23,4.23,3.832,3.832,3.16,4.23,4.23,3.832,3.832,4.23,4.23,3.832,4.23,6.21,4.23,3.16,6.297,3.832,3.832,4.23,3.832,3.832,4.23,4.23,6.519,3.832,3.832,4.23,6.254,3.832,3.832,6.615,3.832,3.832,6.486
ref_00568,6.455,3.706,3.706,3.706,3.706,4.103,3.706,4.103,3.706,4.103,4.103,3.706,4.103,4.103,3.706,3.706,3.706,6.285,3.706,4.387,5.881,3.706,3.037,3.037,3.706,4.103,3.706,4.103,6.6,3.706,3.706,4.103,6.486,3.706,3.706,7.032,4.103,4.103,5.935
ref_00569,6.516,3.85,3.456,3.85,3.85,3.85,3.456,3.456,4.133,3.456,4.133,3.85,3.456,4.353,3.85,4.133,3.85,6.259,3.85,4.133,6.134,3.85,3.85,3.85,4.353,4.133,4.133,3.85,6.792,3.85,3.85,3.456,6.809,3.85,3.85,7.138,3.85,3.456,6.229
ref_00570,6.379,4.195,3.797,3.797,3.797,3.797,3.797,4.195,3.797,3.797,3.126,3.797,3.797,3.797,3.797,3.797,3.126,6.174,4.195,3.797,5.724,3.126,4.195,3.797,3.797,3.126,3.797,3.797,6.771,3.797,4.195,3.126,6.128,3.797,3.126,6.638,3.126,3.797,6.174
ref_00571,5.977,4.145,3.747,4.145,3.747,3.747,3.747,4.145,4.429,4.145,4.145,3.747,4.145,3.747,3.747,4.145,3.747,6.498,3.747,3.747,5.923,4.145,4.145,4.429,3.747,4.145,3.747,4.145,6.168,4.145,4.145,3.077,6.72,4.145,4.429,6.745,4.145,4.429,5.977
ref_00572,6.889,4.111,4.111,4.394,3.714,4.111,4.111,4.111,4.111,3.714,4.394,3.714,3.714,4.111,3.714,3.714,3.714,5.943,4.394,3.714,6.133,3.714,4.111,3.714,3.714,3.714,3.714,3.714,6.399,3.714,4.394,3.714,6.711,3.714,3.714,6.758,3.714,3.714,6.431
ref_00573,6.082,3.583,3.979,3.979,3.979,3.583,3.583,3.979,3.979,3.583,3.583,3.979,3.979,3.583,3.583,3.583,3.979,6.297,3.583,3.583,6.418,3.583,4.262,3.979,4.262,3.979,2.917,3.583,6.159,3.979,4.262,3.979,7.005,3.583,3.583,6.359,3.583,3.583,6.669
ref_00574,6.576,4.054,3.657,3.657,4.054,3.657,3.657,3.657,4.054,3.657,3.657,4.054,4.337,4.054,4.054,3.657,3.657,6.272,4.337,4.054,6.307,3.657,3.657,2.989,4.054,4.054,3.657,3.657,6.075,3.657,3.657,4.054,6.652,4.337,4.054,7.097,2.989,3.657,6.272
ref_00575,6.119,3.743,3.743,3.743,3.743,3.743,3.743,4.141,3.743,3.743,3.743,3.743,4.141,3.743,3.743,3.743,3.743,6.462,3.743,3.743,6.36,4.141,4.141,3.743,4.141,3.743,3.743,4.141,5.802,3.743,3.743,4.141,6.856,4.141,3.743,7.016,3.743,3.743,6.206
ref_00576,6.314,3.261,4.333,3.261,3.934,3.261,3.934,4.333,3.934,4.333,3.934,3.934,3.934,3.934,4.333,4.333,3.261,6.114,3.934,3.934,6.057,3.934,3.261,3.934,3.934,3.934,3.261,3.934,6.59,3.934,3.261,4.333,6.59,3.934,3.934,6.401,3.934,3.934,6.401
ref_00577,6.337,3.844,3.844,3.45,3.844,3.844,3.844,3.844,3.844,3.45,3.45,4.127,4.127,3.844,3.844,3.844,3.45,5.818,4.127,3.844,6.022,3.45,3.844,3.45,3.844,3.45,3.45,3.844,6.638,4.127,3.844,3.844,6.974,3.45,4.127,6.363,3.45,3.45,6.532
ref_00578,6.31,4.184,3.901,4.184,3.506,4.404,3.901,3.506,3.901,3.901,4.184,4.184,3.901,3.901,3.506,3.506,3.506,6.395,4.184,3.506,6.545,4.184,3.901,3.901,3.901,3.506,3.506,3.901,6.612,3.901,3.506,3.506,6.545,3.901,3.506,6.861,3.901,4.184,6.772
ref_00579,5.763,3.646,4.043,3.646,2.978,4.326,3.646,3.646,4.043,3.646,4.043,4.043,4.043,3.646,3.646,3.646,4.043,6.26,4.043,3.646,6.26,4.043,2.978,3.646,4.043,3.646,3.646,3.646,6.511,3.646,4.043,3.646,6.839,4.043,3.646,6.565,3.646,4.043,6.454
ref_00580,6.666,3.912,3.912,3.912,3.239,3.912,3.912,3.239,3.239,3.912,3.239,3.239,3.912,3.912,3.912,3.912,3.239,6.42,3.912,3.239,5.91,3.912,3.912,3.912,3.912,3.912,3.912,3.912,6.146,3.912,3.912,3.912,6.727,3.912,3.239,6.496,3.239,3.912,5.974
ref_00581,6.12,3.977,3.977,3.977,3.977,3.581,4.26,3.581,3.977,3.977,3.977,3.581,4.26,3.581,3.581,4.26,3.977,6.645,3.977,3.977,6.55,3.977,4.26,3.977,3.977,3.977,3.977,3.581,6.327,4.26,4.26,4.26,6.524,4.26,3.977,6.472,3.581,4.26,6.229
ref_00582,6.064,3.646,4.043,4.326,3.646,4.043,3.646,3.646,3.646,4.043,3.646,2.978,3.646,3.646,3.646,4.043,3.646,6.147,4.043,4.043,6.224,4.043,3.646,3.646,4.043,3.646,3.646,3.646,5.925,3.646,4.043,4.043,6.26,3.646,3.646,7.021,3.646,4.043,5.763
ref_00583,6.348,3.998,3.998,3.998,3.601,3.998,3.998,3.998,3.601,3.998,3.998,3.601,3.998,3.998,3.601,3.601,3.601,6.596,3.998,3.601,5.774,3.998,3.998,3.601,3.998,3.998,4.281,3.601,6.493,3.998,4.281,4.281,6.643,3.601,3.601,6.52,3.998,3.998,6.493
ref_00584,6.573,4.05,3.653,4.333,4.333,4.05,4.05,4.333,3.653,4.05,4.05,3.653,2.986,3.653,3.653,4.05,3.653,6.232,4.05,4.05,6.114,3.653,4.05,3.653,3.653,3.653,4.05,4.333,6.785,4.05,4.05,3.653,6.649,3.653,3.653,6.599,3.653,4.333,6.599
ref_00585,6.057,4.035,4.035,2.971,2.971,3.639,3.639,4.035,4.035,3.639,4.035,4.035,3.639,3.639,3.639,4.035,4.035,6.558,2.971,4.035,6.288,3.639,2.971,4.035,3.639,3.639,3.639,4.035,6.476,3.639,4.035,3.639,6.749,3.639,3.639,6.727,3.639,3.639,5.966
ref_00586,5.596,3.823,3.823,3.152,3.823,3.823,3.152,3.823,3.823,3.823,3.152,3.152,4.221,3.823,3.152,3.823,3.823,6.575,3.152,3.152,6.055,3.823,3.823,3.823,3.152,3.823,3.823,3.152,6.747,3.823,3.823,3.823,6.693,4.221,3.823,6.368,3.823,3.152,6.201
ref_00587,6.065,4.133,4.133,3.735,3.066,3.735,4.133,3.735,3.735,3.066,3.735,3.735,3.735,3.735,3.066,4.133,4.133,5.854,4.133,3.735,6.352,3.735,3.735,3.735,3.735,3.735,4.133,3.066,6.546,4.133,4.133,3.735,6.848,3.735,3.066,6.757,4.133,3.735,6.111
ref_00588,6.06,4.082,3.685,3.685,4.082,4.082,3.685,3.685,3.685,4.082,4.082,4.365,4.082,3.685,3.685,4.082,3.685,6.705,4.082,4.082,6.369,4.082,3.685,4.082,4.365,3.685,4.082,4.082,7.061,3.685,4.082,4.082,6.187,4.365,3.685,6.681,4.365,3.685,6.464
ref_00589,6.381,3.128,3.799,3.799,4.197,3.799,4.197,3.799,3.799,3.799,3.799,3.128,3.799,4.197,3.799,3.799,3.799,6.381,4.197,3.799,5.859,3.799,3.799,3.799,3.799,3.799,3.799,3.128,6.263,3.799,3.799,3.128,7.016,4.197,3.799,6.343,3.799,3.799,6.13
ref_00590,6.077,4.429,4.145,3.747,4.145,3.747,3.747,4.145,3.747,3.747,3.747,4.145,4.145,4.145,3.747,4.145,4.145,6.558,4.145,4.145,6.328,4.145,4.145,3.747,3.747,4.145,3.747,3.077,6.528,3.747,4.145,4.145,7.074,3.747,3.077,6.615,3.747,4.145,6.364
ref_00591,6.212,3.777,3.777,3.383,3.777,3.777,3.383,3.777,3.383,4.278,3.777,3.383,3.383,3.777,3.777,3.777,4.059,6.485,3.383,4.059,6.24,3.777,3.777,4.059,4.059,3.777,3.383,3.777,6.815,3.777,4.059,3.777,6.485,4.059,3.777,6.682,3.777,3.383,6.154
ref_00592,6.29,3.825,3.154,4.223,3.825,3.825,3.154,3.825,3.825,3.825,3.825,3.825,3.154,3.825,4.223,3.825,3.825,6.247,3.825,3.154,5.417,3.825,4.223,3.825,3.825,3.825,3.154,3.825,6.108,3.825,3.825,3.825,6.775,3.825,3.825,6.638,3.154,3.154,6.667
ref_00593,5.895,3.719,4.117,4.117,4.4,4.117,4.117,3.719,4.4,3.719,4.4,3.719,3.719,4.117,4.117,3.719,3.719,6.262,4.117,3.719,6.299,4.117,4.117,4.4,4.117,4.117,3.719,4.117,6.954,3.719,4.117,4.117,6.717,3.719,4.117,6.469,4.117,3.719,6.139
ref_00594,6.507,3.864,3.469,3.864,3.469,3.864,3.864,4.146,3.864,4.146,3.469,3.864,3.864,3.864,3.864,3.864,3.864,6.18,4.146,3.864,6.18,4.146,4.146,3.469,3.864,3.864,4.146,3.864,7.022,3.864,3.469,3.864,6.357,3.864,3.864,6.658,3.469,4.146,6.697
ref_00595,6.588,4.091,3.694,3.026,3.694,3.026,3.694,3.694,4.375,3.694,4.091,3.694,3.694,4.375,3.694,4.091,3.694,6.197,4.091,4.375,6.31,3.026,3.694,3.694,3.694,3.694,3.694,4.091,5.974,3.694,3.026,3.694,6.615,3.694,3.694,6.738,3.694,3.694,5.974
ref_00596,6.443,3.664,3.664,3.664,4.061,3.664,3.664,3.664,4.061,3.664,3.664,3.664,4.061,4.061,3.664,3.664,3.664,6.125,4.061,2.996,5.781,4.061,4.061,4.061,2.996,4.344,3.664,4.061,6.279,4.061,4.061,4.061,6.166,3.664,4.061,6.817,3.664,3.664,6.707
ref_00597,6.787,4.216,3.538,3.933,4.216,3.538,3.933,4.216,4.216,3.933,4.436,3.933,3.538,4.216,4.216,3.933,3.933,6.688,3.933,3.933,5.953,3.933,4.216,3.933,3.933,3.538,3.933,3.933,6.075,3.933,3.933,4.216,7.12,4.216,4.216,6.623,4.436,3.538,6.149
ref_00598,6.372,4.382,3.879,4.162,3.484,3.484,3.879,3.484,3.879,4.162,4.162,3.484,4.162,3.484,3.879,4.162,3.484,6.372,4.162,3.484,6.611,3.484,3.879,3.879,3.879,3.484,3.484,4.162,6.545,3.484,3.484,4.162,6.425,3.484,4.162,6.872,3.484,4.162,6.196
ref_00599,5.869,3.026,3.694,3.694,3.694,3.026,3.694,4.091,3.694,3.694,3.694,3.694,3.694,3.694,3.026,3.694,3.694,5.545,4.091,4.091,6.197,3.694,3.694,3.694,3.694,3.694,3.694,3.026,6.197,3.694,3.694,3.694,6.848,3.694,3.026,6.666,3.026,4.091,6.412
ref_00600,6.441,3.577,4.257,3.974,3.974,3.577,3.974,3.974,3.577,3.974,4.257,3.974,3.577,3.577,4.257,3.577,4.257,6.546,4.257,3.974,6.664,3.974,3.974,3.974,3.974,3.974,3.974,3.577,6.686,4.257,3.974,3.974,6.441,3.577,3.577,6.571,4.257,4.257,6.571
ref_00601,5.924,3.804,3.804,4.202,3.804,3.132,3.804,3.804,3.804,3.132,4.202,3.804,3.132,3.804,3.804,3.804,3.804,6.268,3.804,3.804,5.924,3.804,3.804,3.804,3.804,3.132,4.202,3.804,6.309,3.804,3.804,3.804,6.673,3.804,3.804,6.616,3.804,3.804,6.268
ref_00602,6.745,3.202,3.875,4.273,4.273,3.875,3.875,3.875,3.875,4.273,3.202,3.202,4.273,3.875,4.273,3.875,4.273,6.298,3.875,3.875,5.729,3.875,3.875,3.202,3.875,3.875,3.875,3.202,6.596,3.202,3.202,3.875,6.529,3.875,3.202,6.875,3.875,3.202,6.381
ref_00603,6.766,3.97,3.97,3.574,3.97,3.574,4.253,3.574,3.97,3.574,3.97,4.253,4.253,3.574,3.97,3.574,4.253,6.843,3.574,4.253,6.033,3.574,3.97,4.253,3.574,3.97,4.253,3.574,6.824,3.574,3.97,3.97,6.256,3.574,3.574,6.704,3.574,3.97,5.8
ref_00604,6.075,3.745,4.143,3.745,3.745,3.745,3.745,3.745,3.745,4.143,3.745,3.745,3.745,3.745,3.745,3.076,3.076,6.585,3.745,3.745,6.208,3.745,4.143,3.745,3.745,4.143,3.745,3.745,6.208,3.745,3.745,3.745,6.791,4.143,3.745,6.961,3.076,3.745,6.556
ref_00605,6.667,3.745,4.247,3.352,3.745,3.352,3.352,4.247,3.352,4.027,4.027,4.027,3.745,3.745,4.247,3.745,3.352,6.474,3.745,4.027,6.091,4.027,4.247,4.247,3.745,4.027,4.027,3.745,6.431,4.027,3.745,4.027,6.928,3.352,3.745,6.026,4.027,3.352,6.288
ref_00606,6.11,4.226,3.827,3.827,3.827,3.156,3.827,4.226,3.827,3.827,4.226,4.226,4.226,3.827,4.226,4.226,3.156,6.669,3.827,3.827,6.333,4.226,3.827,3.156,3.156,4.226,3.827,4.226,6.984,3.156,3.827,3.156,6.64,3.827,3.827,6.697,3.156,4.226,6.292
ref_00607,6.519,4.159,3.876,3.481,3.876,3.481,4.159,4.379,4.159,3.481,3.876,3.876,3.876,3.876,3.876,3.481,3.876,6.055,3.876,3.481,6.422,3.876,3.481,3.876,4.159,4.379,3.481,4.159,6.255,3.481,3.481,3.876,7.006,3.481,3.481,6.992,3.876,3.876,5.978
ref_00608,5.997,3.539,3.539,3.935,4.218,3.539,3.539,3.935,3.935,3.935,3.935,3.935,3.539,3.935,3.539,3.539,3.935,6.482,3.539,3.539,6.115,3.539,3.539,3.539,3.935,3.935,3.539,3.935,6.788,2.875,3.539,3.935,6.73,3.935,3.539,6.75,3.539,2.875,6.253
ref_00609,6.457,3.838,3.838,3.838,3.444,3.444,3.838,4.121,4.121,3.444,3.838,4.121,3.444,3.444,4.121,3.444,3.838,6.548,2.782,3.444,6.357,3.444,4.121,4.121,3.444,3.838,3.444,2.782,6.611,3.444,3.838,3.838,6.331,3.444,3.444,6.814,3.444,3.838,6.275
ref_00610,3.415,4.091,3.809,4.091,4.091,3.809,3.809,4.091,3.809,4.311,6.715,3.415,3.809,6.518,4.091,4.091,4.091,3.415,4.091,3.809,6.952,4.311,4.311,4.311,4.091,5.91,3.415,4.091,6.518,4.311,3.809,3.809,3.809,3.415,3.415,3.809,6.561,3.809,6.832
ref_00611,3.739,4.137,4.137,4.137,4.137,3.739,4.137,3.739,4.137,3.739,6.282,4.137,3.739,6.52,4.137,3.739,4.137,3.739,3.739,3.739,6.356,3.739,3.739,4.137,4.137,6.489,3.739,4.137,6.202,3.739,3.739,4.137,3.739,3.739,4.137,4.137,6.282,3.739,7.182
ref_00612,3.612,4.291,4.008,4.291,4.008,3.612,3.612,3.612,4.008,4.008,6.261,3.612,4.008,6.359,3.612,3.612,3.612,4.008,4.008,4.008,6.261,3.612,4.008,4.291,4.291,5.839,3.612,4.008,6.504,2.945,4.291,4.008,4.291,3.612,2.945,4.008,6.359,3.612,7.155
ref_00613,3.717,4.115,3.717,3.717,3.717,3.717,3.717,3.717,3.717,3.048,5.711,3.717,3.717,5.947,3.717,3.048,3.048,3.717,4.115,3.048,6.467,3.717,3.717,4.115,3.717,6.557,3.717,3.048,6.047,3.717,4.115,3.717,3.048,4.115,3.717,3.048,6.221,4.115,6.893
ref_00614,4.233,3.95,3.554,3.95,3.554,3.554,3.554,3.95,3.554,3.95,6.268,3.554,3.554,6.13,3.554,4.233,4.233,3.95,3.95,3.554,6.33,4.233,3.95,3.95,4.233,6.444,3.95,3.554,6.784,3.554,3.95,3.95,4.233,3.95,3.95,3.554,7.007,3.554,6.547
ref_00615,3.87,3.475,4.153,4.153,3.87,3.87,4.153,3.87,3.475,3.475,6.759,4.153,3.87,5.931,4.153,4.153,4.153,4.153,4.153,3.87,6.644,3.475,4.153,3.87,3.475,6.279,3.475,4.153,6.623,4.153,4.153,4.373,3.475,3.475,4.153,3.87,6.58,3.87,6.812
ref_00616,3.581,3.977,3.581,4.26,4.26,3.977,3.977,4.48,3.977,4.26,6.194,3.581,4.26,6.295,3.977,3.977,4.48,3.977,3.581,3.977,6.667,3.581,3.977,3.581,3.977,6.445,3.581,3.581,6.792,3.977,3.581,3.581,3.977,4.26,3.581,4.26,6.849,3.977,7.05
ref_00617,4.028,3.631,4.028,4.311,3.631,4.028,4.028,4.028,3.631,3.631,6.55,3.631,3.631,6.281,3.631,3.631,3.631,4.028,2.964,3.631,6.468,4.028,4.028,3.631,4.311,6.439,3.631,3.631,6.825,3.631,3.631,4.028,3.631,3.631,3.631,3.631,6.314,3.631,6.626
ref_00618,4.147,3.749,4.147,4.147,4.147,3.749,4.147,3.749,3.079,3.749,5.868,3.749,3.749,6.079,3.749,3.749,3.749,3.749,3.749,3.749,6.905,3.749,3.749,3.079,3.079,6.079,3.749,3.749,6.366,3.079,3.749,3.079,3.749,3.749,3.749,3.749,6.671,3.749,6.671
ref_00619,4.162,3.879,3.879,3.879,4.162,3.879,3.879,3.879,4.382,4.162,6.568,4.162,3.879,6.129,4.162,3.484,3.879,3.484,4.162,3.879,6.399,3.879,3.484,3.879,3.484,6.804,3.879,4.162,6.545,4.162,3.879,3.879,3.484,3.879,3.484,3.879,6.731,4.382,6.372
ref_00620,4.212,4.212,3.143,3.814,3.814,3.143,3.143,4.212,3.814,3.143,5.81,3.143,3.814,6.097,3.814,3.143,3.814,3.814,4.212,3.814,6.433,3.814,3.814,3.814,3.143,5.935,3.143,3.814,6.656,3.814,3.143,4.212,4.212,3.814,3.143,3.814,6.597,3.814,6.738
ref_00621,4.065,3.668,4.065,4.065,4.065,4.065,4.348,3.668,4.065,3.668,6.17,3.668,3.668,6.561,4.065,4.065,4.065,4.065,3.668,4.065,6.283,3.668,3.668,3.668,3.668,6.477,3.668,4.065,6.416,3.668,4.065,4.065,4.065,3.668,4.065,4.065,6.734,3.668,6.993
ref_00622,3.706,3.706,3.706,3.706,3.706,3.706,3.706,3.706,3.706,3.037,5.699,3.706,3.037,6.209,3.706,3.706,3.706,3.706,4.103,3.037,6.035,4.103,3.706,3.037,3.037,6.081,3.706,3.706,6.391,3.706,4.103,4.103,3.037,3.706,3.706,4.103,6.703,3.706,6.486
ref_00623,3.716,3.716,3.716,4.113,4.113,3.716,3.716,4.113,3.046,3.716,6.091,3.716,4.113,5.773,4.113,4.113,4.113,3.716,4.113,3.716,5.945,4.113,4.113,3.716,4.113,6.332,4.113,3.716,7.024,3.716,3.716,4.113,3.716,4.113,4.113,3.716,6.663,4.113,6.61
ref_00624,4.213,3.93,3.93,4.213,3.534,3.534,4.213,3.534,4.213,3.534,6.551,3.534,3.93,6.181,3.93,3.93,3.93,3.534,3.93,3.534,6.663,3.534,3.93,3.534,3.93,5.859,3.534,3.534,6.873,3.93,3.93,3.93,3.534,3.534,3.534,3.93,6.527,4.213,6.856
ref_00625,3.504,3.9,3.504,3.9,3.504,3.9,3.504,3.504,4.182,3.9,6.694,3.504,3.504,6.543,4.402,3.504,3.504,3.504,3.9,4.182,6.496,3.9,3.504,4.182,3.504,6.714,3.9,4.182,6.859,3.9,4.182,3.504,4.182,3.504,4.182,3.9,6.338,3.9,6.366
ref_00626,3.959,3.959,3.959,3.959,3.285,4.178,4.178,3.285,4.178,3.285,6.447,3.285,3.959,6.167,3.959,4.178,3.959,3.959,3.678,3.678,6.598,3.285,3.678,3.678,3.285,6.293,4.178,4.178,6.898,3.959,3.285,3.285,4.178,3.959,3.678,3.678,6.666,4.178,6.682
ref_00627,3.052,3.721,3.721,4.119,4.119,4.119,4.119,3.721,4.119,4.119,6.502,3.721,4.119,6.097,4.119,3.052,4.119,3.721,3.052,3.721,6.051,3.721,3.721,3.721,3.052,6.502,3.721,4.119,6.141,3.721,3.721,3.721,3.721,4.119,3.721,3.721,6.833,3.721,6.532
ref_00628,4.157,3.875,3.875,3.48,3.875,3.875,3.48,4.157,4.157,4.157,5.893,4.377,3.48,6.782,3.875,3.48,4.157,3.875,3.875,3.48,6.817,3.48,3.875,3.48,3.48,6.283,3.875,3.48,7.087,4.157,3.875,3.875,4.157,4.157,3.875,4.157,6.254,3.875,6.394
ref_00629,3.584,3.584,3.584,3.98,3.584,3.98,3.98,3.584,3.98,3.584,6.33,2.918,3.584,6.001,3.584,3.98,3.98,3.98,3.98,3.584,6.361,3.584,3.98,3.584,3.98,6.475,4.263,3.98,6.735,2.918,3.98,3.584,3.98,3.584,3.584,3.98,6.528,3.584,6.671
ref_00630,3.605,4.001,3.605,4.001,4.001,3.605,3.605,2.939,4.001,3.605,6.144,4.001,4.001,6.253,3.605,4.284,4.001,4.001,4.001,4.284,6.253,3.605,3.605,4.001,4.001,6.32,4.001,3.605,6.928,4.001,4.001,4.001,4.001,3.605,4.001,3.605,6.647,4.001,6.623
ref_00631,3.922,4.321,3.249,3.922,3.249,3.922,3.249,3.922,3.249,3.922,6.155,3.922,3.249,6.155,4.321,3.922,3.249,3.249,3.249,3.249,6.611,3.249,3.922,3.922,3.249,5.777,3.922,3.249,6.644,3.249,3.922,3.249,3.249,3.249,3.249,3.922,6.429,3.922,6.346
ref_00632,4.065,4.065,3.668,3.668,3.0,3.668,3.668,3.668,4.065,3.668,6.416,4.065,4.065,6.318,3.668,3.668,3.668,4.065,3.668,3.668,6.975,3.668,3.668,3.668,3.668,6.352,3.668,4.065,6.862,3.668,4.065,4.065,4.065,3.668,4.065,3.668,6.639,3.668,6.385
ref_00633,4.159,3.762,4.159,3.762,4.159,4.159,4.159,4.443,4.159,3.762,6.543,4.159,3.762,5.992,4.159,3.762,3.762,4.159,3.762,3.762,6.414,3.762,4.159,4.159,3.762,6.138,4.159,3.762,6.225,3.762,4.159,4.159,3.762,4.159,4.159,4.159,6.71,4.159,6.343
ref_00634,3.46,4.137,3.46,3.855,3.855,3.855,2.798,3.46,4.137,3.46,5.783,3.855,4.137,5.829,3.46,3.855,3.46,3.855,3.855,4.137,6.796,3.46,3.855,3.855,4.137,6.607,2.798,3.855,6.4,4.137,3.855,4.137,3.46,3.855,3.855,3.46,6.863,3.855,6.926
ref_00635,3.47,3.47,3.47,3.47,3.47,3.47,3.47,3.47,3.47,3.47,6.411,3.47,3.866,5.694,2.808,3.866,3.866,3.866,3.47,3.866,6.639,3.47,3.47,3.866,3.47,6.358,3.47,3.47,6.858,3.47,3.47,3.866,3.47,3.47,3.47,3.47,6.597,3.866,6.461
ref_00636,3.511,3.511,4.189,3.511,2.847,3.906,3.511,3.906,3.511,4.189,6.085,3.511,3.511,5.881,3.906,3.906,3.511,3.906,3.511,3.511,6.7,3.511,3.906,3.906,3.906,6.7,3.511,4.189,6.502,3.906,2.847,4.189,3.906,3.906,3.511,3.906,6.085,3.906,6.285
ref_00637,3.603,3.603,4.283,4.283,4.0,4.283,4.283,4.0,3.603,4.283,5.93,3.603,4.0,6.41,3.603,4.0,3.603,4.0,4.0,4.0,6.439,4.0,4.0,4.0,3.603,6.217,4.283,3.603,6.712,4.283,3.603,3.603,4.0,3.603,3.603,4.0,6.35,4.0,6.35
ref_00638,3.814,3.814,4.212,3.814,3.814,3.814,3.143,4.212,4.212,3.814,5.992,4.212,3.814,6.359,4.212,3.143,3.814,3.814,3.814,3.143,6.146,3.814,4.212,4.212,3.814,5.935,3.814,3.814,6.814,3.814,4.212,3.814,4.212,3.814,4.212,3.814,6.764,3.143,6.146
ref_00639,3.991,3.595,3.595,3.991,3.991,3.595,3.595,3.595,3.595,3.991,6.243,3.595,3.595,6.681,3.991,3.595,3.991,3.595,3.991,3.595,6.513,3.595,3.595,3.991,3.991,6.054,3.991,4.274,6.588,4.274,3.991,2.928,3.595,3.991,3.595,3.595,6.659,3.991,6.9
ref_00640,3.97,4.253,4.253,3.97,3.574,3.574,3.97,3.97,3.97,4.253,6.074,3.97,3.574,6.222,3.97,3.574,3.574,3.574,3.574,3.97,6.351,4.253,3.574,3.574,3.574,6.465,3.97,3.574,6.997,3.97,4.253,3.97,3.574,3.574,3.97,4.253,6.222,3.574,6.785
ref_00641,3.866,4.368,3.47,3.866,4.148,3.866,4.148,3.866,4.148,4.148,6.331,4.368,4.148,6.274,3.866,3.47,3.866,3.866,3.47,3.47,6.597,4.148,4.148,3.866,3.866,6.461,4.148,4.148,6.841,4.148,3.866,3.866,3.47,3.47,3.866,3.866,6.597,3.47,6.717
ref_00642,4.19,3.512,3.908,4.19,3.908,3.908,3.908,3.512,4.19,4.19,6.661,3.908,4.41,6.287,3.908,4.19,3.908,3.908,4.19,4.19,6.833,4.19,3.908,3.512,3.512,6.661,3.512,4.19,6.479,4.19,4.19,3.908,4.19,3.512,3.908,4.19,6.528,3.512,6.454
ref_00643,4.283,4.283,3.603,3.603,3.603,4.0,4.0,3.603,4.0,3.603,6.41,4.0,4.0,6.573,3.603,4.0,4.0,3.603,3.603,4.0,6.217,3.603,2.937,4.283,4.283,6.318,3.603,4.0,6.547,4.0,4.0,3.603,4.283,3.603,4.0,3.603,6.909,4.0,6.734
ref_00644,4.21,3.531,3.927,3.531,3.927,3.927,3.927,3.927,3.927,2.867,6.178,3.531,4.21,6.069,3.927,3.927,3.531,3.927,3.531,3.927,6.594,3.927,3.927,4.21,3.531,6.474,3.927,4.21,6.365,4.21,4.43,3.531,4.21,3.927,3.927,3.531,6.968,4.21,6.741
ref_00645,3.543,3.938,3.938,3.938,3.938,3.938,3.938,3.543,3.543,3.543,6.256,4.221,3.543,6.792,3.543,4.221,3.543,4.221,4.221,3.543,6.847,3.938,3.543,4.221,3.543,6.713,3.543,3.543,6.348,3.938,4.221,4.221,4.221,3.543,3.938,3.543,6.433,4.221,6.559
ref_00646,3.859,3.859,3.859,4.257,3.859,3.859,3.859,4.257,3.859,3.859,6.404,3.186,3.859,6.513,3.859,3.186,3.859,3.859,3.186,3.186,5.786,4.257,3.859,3.859,3.186,5.92,3.186,3.859,6.701,3.186,3.859,3.186,3.186,3.859,3.859,4.257,6.547,3.859,6.478
ref_00647,3.512,3.512,3.512,3.908,3.908,3.908,3.512,3.512,4.19,3.908,6.346,3.512,3.512,6.317,3.908,4.19,3.512,3.908,3.512,3.512,6.597,3.512,3.908,3.908,3.908,6.661,3.908,4.19,7.024,3.908,3.908,3.908,3.908,3.512,3.908,3.512,6.087,3.908,6.619
ref_00648,3.67,4.067,4.35,4.067,3.67,3.67,4.067,3.67,4.067,4.067,6.641,3.67,3.002,5.898,3.67,3.67,3.67,4.067,3.002,3.67,6.536,3.67,4.067,3.002,3.67,6.249,3.67,3.67,6.211,3.67,4.067,3.002,4.067,3.67,3.67,4.067,6.354,3.002,6.844
ref_00649,3.806,3.806,3.806,3.135,3.806,3.806,3.806,3.135,3.135,3.806,6.27,3.806,3.806,5.801,3.135,3.806,3.806,3.135,3.806,4.204,6.27,3.806,3.135,3.135,3.135,6.459,3.806,3.135,5.926,4.204,3.135,3.806,3.806,3.806,3.806,3.806,6.424,3.806,6.829
ref_00650,3.662,2.994,4.059,3.662,3.662,4.059,3.662,3.662,2.994,3.662,6.658,4.059,3.662,6.277,3.662,3.662,4.059,3.662,3.662,3.662,6.729,4.059,4.059,3.662,3.662,6.241,2.994,4.059,6.582,3.662,4.059,3.662,3.662,2.994,2.994,4.059,6.876,3.662,6.441
ref_00651,4.179,4.179,3.897,3.897,4.179,4.399,3.501,3.501,3.897,3.897,6.585,3.897,4.179,6.363,3.501,3.897,4.179,4.179,3.897,3.897,6.335,3.897,3.897,3.501,4.399,6.213,4.179,4.179,6.65,3.897,3.501,3.897,4.179,3.897,3.897,3.501,6.749,3.897,6.856
ref_00652,3.706,4.103,3.706,3.706,3.706,4.103,4.103,3.706,3.706,3.706,5.763,3.706,3.706,6.653,3.706,3.706,3.706,3.706,3.706,3.037,6.168,3.706,3.706,3.706,4.103,5.881,3.706,3.706,6.653,3.037,4.103,3.706,3.706,4.103,4.103,3.706,6.573,4.103,6.901
ref_00653,3.607,4.003,3.607,4.003,4.003,4.003,4.003,4.286,4.286,4.003,6.498,4.003,3.607,6.289,4.003,3.607,4.003,4.003,4.003,4.286,6.414,3.607,4.003,3.607,3.607,6.551,3.607,3.607,7.046,4.003,4.003,4.003,4.003,3.607,2.94,4.003,6.184,4.286,6.876
ref_00654,4.18,4.18,3.782,4.18,4.18,3.782,3.782,3.782,4.18,4.18,6.287,4.18,3.782,6.4,4.18,3.782,4.18,3.782,3.782,4.18,6.246,3.782,3.782,3.782,4.464,6.4,4.18,3.782,6.828,3.782,4.464,3.782,3.782,4.464,3.112,3.782,6.287,4.18,6.4
ref_00655,3.624,3.624,2.957,4.021,4.021,3.624,4.021,3.624,3.624,4.021,6.273,3.624,4.021,6.543,4.021,3.624,4.021,3.624,2.957,2.957,6.461,4.021,4.021,4.021,4.021,6.372,3.624,2.957,6.238,3.624,4.021,3.624,3.624,4.021,4.021,4.021,6.273,3.624,6.461
ref_00656,2.987,3.655,3.655,3.655,3.655,4.052,4.052,3.655,4.052,3.655,6.434,3.655,3.655,5.647,2.987,3.655,3.655,2.987,3.655,3.655,6.339,3.655,4.052,3.655,2.987,6.521,3.655,3.655,6.434,3.655,3.655,2.987,4.052,3.655,3.655,4.052,6.626,3.655,6.403
ref_00657,3.731,4.129,3.731,3.731,3.731,3.731,3.062,3.062,4.412,3.731,6.061,3.731,4.129,6.152,4.412,3.731,4.129,4.129,3.731,3.731,6.776,3.731,4.129,3.731,4.129,5.85,3.731,4.412,6.235,3.062,3.731,4.412,4.129,4.412,4.129,4.129,6.729,3.731,6.865
ref_00658,3.411,3.805,4.087,3.411,3.411,3.805,3.411,3.805,3.805,3.805,6.087,3.805,3.805,6.47,3.411,3.805,4.087,4.087,3.411,3.805,7.041,4.087,4.087,4.087,4.087,6.535,3.805,3.805,6.763,3.805,3.411,4.307,4.087,3.805,4.087,3.805,6.779,3.805,6.728
ref_00659,4.136,3.458,3.458,4.356,4.136,4.136,3.853,3.853,4.136,3.853,6.291,3.853,4.136,6.705,4.136,4.356,3.458,4.136,4.136,4.136,6.76,3.853,3.853,3.853,4.356,6.909,4.136,3.853,6.997,3.853,3.853,3.458,4.136,3.853,4.136,3.853,6.563,3.853,6.778
ref_00660,3.7,3.7,3.7,3.7,3.031,3.7,3.7,3.031,3.7,3.7,6.385,3.7,3.031,6.242,4.097,3.7,3.7,3.031,3.7,4.097,6.162,3.7,3.7,4.097,3.031,6.539,4.097,3.7,6.242,3.7,3.7,3.7,3.031,3.031,3.7,3.7,6.351,3.031,6.672
ref_00661,3.861,3.861,3.861,3.861,3.861,3.861,3.189,3.189,4.259,4.259,6.24,3.861,3.861,5.789,3.861,3.861,4.259,3.861,3.189,3.861,6.976,3.861,3.861,3.861,3.861,6.144,3.189,3.861,6.093,3.861,4.259,3.189,3.861,3.189,3.189,3.861,6.582,3.861,6.549
ref_00662,3.714,4.111,3.714,3.714,3.714,3.714,3.714,3.045,3.714,3.714,6.089,3.714,3.045,6.431,3.714,3.714,3.714,3.714,3.714,3.714,6.399,3.045,3.714,3.714,3.714,5.565,3.714,3.714,6.293,4.111,3.714,3.714,4.111,4.111,3.714,3.714,6.524,3.714,6.463
ref_00663,4.141,3.074,3.743,4.141,3.743,3.743,3.743,3.743,3.743,3.743,6.119,3.743,3.074,6.36,3.074,3.074,3.743,3.074,3.743,3.743,6.741,3.743,3.743,3.743,3.743,6.247,3.743,4.141,6.429,4.141,3.743,3.743,4.141,3.743,3.743,4.141,6.524,4.141,6.665
ref_00664,3.621,3.621,3.621,3.621,3.621,4.017,4.017,3.621,3.621,4.017,6.303,3.621,3.621,6.663,3.621,4.017,4.017,3.621,4.017,2.954,6.615,3.621,4.017,4.017,3.621,6.615,4.017,4.017,6.639,3.621,3.621,3.621,3.621,4.3,3.621,4.017,6.872,2.954,6.663
ref_00665,4.0,4.283,4.0,3.603,3.603,4.283,4.283,3.603,4.0,4.0,6.495,4.283,4.0,6.104,4.503,3.603,3.603,4.0,4.283,4.0,6.467,4.0,4.0,3.603,4.0,6.252,4.0,4.0,6.285,3.603,3.603,4.283,4.283,4.503,4.283,4.0,6.547,4.283,6.285
ref_00666,3.745,3.745,3.076,4.143,4.143,3.745,3.745,3.745,3.745,3.076,6.075,4.143,3.745,5.864,3.076,4.143,3.745,3.745,3.745,3.745,6.791,3.745,3.076,4.143,3.745,6.556,3.745,3.745,6.585,4.143,3.745,3.745,3.076,3.076,3.745,4.143,6.026,3.745,6.208
ref_00667,3.522,4.2,3.522,3.522,4.2,3.522,3.917,3.522,3.917,3.917,6.059,3.917,3.522,6.356,4.2,4.2,4.2,4.2,4.42,3.917,6.607,3.522,3.522,4.2,4.2,6.059,4.2,4.2,6.464,4.2,3.917,3.917,3.917,3.522,3.522,3.917,6.751,4.42,6.843
ref_00668,4.054,4.054,4.337,3.657,3.657,4.054,4.054,4.054,3.657,3.657,6.272,3.657,3.657,6.723,4.054,3.657,3.657,3.657,3.657,3.657,7.016,4.054,4.054,4.054,3.657,6.158,3.657,4.337,6.522,4.337,4.054,4.054,3.657,4.054,4.337,4.054,6.307,4.054,6.83
ref_00669,3.551,3.551,3.551,4.229,3.947,3.947,4.229,3.947,3.947,4.229,6.544,3.551,3.947,6.089,3.947,3.551,3.947,3.947,3.947,3.551,6.924,4.229,3.551,3.551,3.947,6.68,3.551,3.947,6.591,3.551,3.947,4.229,3.947,3.947,3.551,4.229,6.468,3.947,6.636
ref_00670,4.246,3.567,3.567,3.567,3.963,3.567,3.567,4.246,3.963,4.246,6.344,3.963,4.246,5.939,3.567,3.567,3.567,3.963,2.902,3.567,6.854,3.963,4.467,3.963,3.567,6.585,3.567,3.963,6.511,4.246,4.246,3.567,3.963,3.963,3.963,3.963,6.675,4.246,6.854
ref_00671,3.85,3.85,3.85,3.85,3.85,3.178,3.178,3.85,3.85,3.85,6.028,3.85,3.85,6.082,3.178,3.85,3.85,3.85,3.85,3.178,6.082,3.85,3.178,3.85,3.85,6.133,3.85,4.248,6.692,3.178,3.85,3.85,3.85,3.85,4.248,3.85,6.469,3.85,6.986
ref_00672,3.749,4.147,4.147,3.079,3.749,3.749,3.749,3.079,3.749,3.079,6.212,3.749,3.079,6.5,3.749,3.079,3.749,3.079,3.749,4.147,6.818,4.147,3.749,3.749,4.147,5.675,3.749,3.079,6.126,3.749,4.147,3.749,3.749,3.749,3.749,3.749,6.366,4.147,6.985
ref_00673,3.31,3.985,3.703,3.985,3.703,3.31,3.703,3.31,3.985,3.31,5.718,3.703,3.985,6.724,4.204,3.985,4.204,3.31,3.703,3.703,6.8,3.703,3.985,3.703,3.985,6.343,3.985,4.204,6.95,3.703,3.31,3.703,4.204,3.31,3.31,3.985,6.473,3.703,6.708
ref_00674,3.139,3.81,3.81,4.208,3.81,3.139,3.81,3.81,3.81,3.81,6.092,4.208,3.81,5.806,3.81,3.81,4.208,3.81,3.81,4.208,6.315,3.81,3.81,4.208,4.208,5.87,3.139,4.208,6.315,4.208,3.81,3.139,4.208,3.81,4.208,3.139,6.622,4.208,7.066
ref_00675,4.203,4.203,3.92,3.525,4.203,3.92,3.92,3.92,3.525,3.92,6.062,3.92,3.525,6.88,3.525,4.203,3.525,3.525,4.203,3.92,6.387,3.525,3.92,3.525,4.203,6.467,3.92,4.203,6.863,3.92,4.203,3.525,3.92,3.92,3.92,3.92,6.33,4.203,6.828
ref_00676,3.868,3.195,4.266,3.868,4.266,3.868,3.868,3.868,3.868,4.266,6.413,3.868,3.868,6.046,3.868,3.868,4.266,3.195,3.868,3.195,6.818,3.868,3.868,4.266,3.868,5.989,3.195,3.195,6.651,3.868,3.868,3.868,3.868,3.195,3.868,3.868,6.333,3.195,6.522
ref_00677,3.755,4.153,3.085,3.755,4.153,3.755,4.153,3.085,3.755,3.085,5.986,3.755,3.755,6.408,3.755,4.153,3.755,3.085,3.755,3.755,6.777,3.755,3.755,3.755,3.085,5.875,3.755,4.153,6.176,4.153,3.085,3.085,3.755,3.755,4.153,3.755,6.623,4.153,6.971
ref_00678,4.069,3.672,3.672,4.069,3.672,3.672,3.672,4.069,4.069,4.069,6.42,3.672,3.672,5.951,4.352,4.069,3.672,4.069,4.352,4.069,6.322,3.672,4.069,3.672,4.069,6.565,3.672,4.069,6.905,3.672,4.069,3.672,4.069,4.352,3.672,4.069,6.592,3.672,6.51
ref_00679,4.082,4.082,4.082,4.082,4.082,3.016,4.082,3.685,4.082,3.685,6.752,3.016,4.082,6.434,4.082,3.685,3.016,3.685,4.082,4.082,6.838,3.685,4.082,4.365,4.082,6.013,3.685,3.685,6.774,3.685,4.082,3.685,3.685,4.082,3.016,4.082,6.226,4.082,6.3
ref_00680,3.922,4.205,3.922,3.922,3.526,4.205,3.526,3.922,3.526,4.205,6.589,3.922,3.922,5.984,3.922,3.922,3.526,3.526,3.922,3.526,6.469,3.526,4.205,3.526,3.526,6.173,3.922,4.205,7.135,3.526,3.526,3.526,3.526,3.526,3.922,3.922,5.897,3.922,6.882
ref_00681,4.22,3.937,3.937,3.937,3.541,3.541,3.937,4.22,3.541,3.937,6.509,3.937,4.22,6.188,4.22,3.541,3.937,3.541,3.937,3.937,6.347,3.541,3.937,3.541,4.22,5.999,3.541,3.937,7.11,3.937,3.541,3.541,3.937,3.541,3.541,3.541,6.254,4.22,6.947
ref_00682,4.17,3.887,3.887,3.492,3.492,4.17,4.17,3.492,3.492,3.492,6.38,3.492,3.492,6.598,3.492,3.492,4.17,3.887,3.492,3.887,7.031,3.492,3.887,3.492,4.17,6.758,3.492,3.887,6.812,3.887,4.17,3.887,3.492,4.17,3.887,4.17,6.598,3.887,6.507
ref_00683,4.309,3.63,4.026,4.026,3.63,4.026,4.309,4.026,4.309,4.309,6.244,4.026,4.309,7.038,3.63,3.63,4.026,4.026,4.309,4.309,6.377,4.026,3.63,4.026,4.026,6.495,4.309,4.026,6.408,4.309,4.309,3.63,4.026,3.63,4.309,4.309,6.6,4.309,6.761
ref_00684,3.557,3.953,3.953,4.236,3.953,4.236,3.953,3.557,4.236,3.953,6.42,3.953,3.953,6.133,3.953,3.953,4.236,4.236,3.953,3.953,6.133,4.236,4.236,3.557,3.953,6.334,3.557,3.557,6.914,3.953,4.456,3.953,3.953,3.953,3.953,3.557,6.5,4.236,6.768
ref_00685,3.615,4.012,4.012,3.615,2.949,4.012,4.295,3.615,3.615,3.615,6.56,3.615,3.615,6.362,3.615,4.012,4.012,4.295,4.012,2.949,6.585,4.012,3.615,4.012,4.012,6.033,4.012,3.615,7.039,3.615,3.615,3.615,3.615,4.012,3.615,4.012,6.116,3.615,6.808
ref_00686,3.579,3.975,3.975,3.579,3.975,3.579,2.914,3.579,3.579,3.579,6.294,3.975,3.579,6.294,3.579,3.579,3.975,3.975,3.579,3.579,6.261,3.975,2.914,3.975,3.975,6.548,3.579,3.579,6.866,3.579,3.579,3.579,3.579,3.579,3.975,3.579,6.192,3.579,6.884
ref_00687,3.517,3.912,4.195,4.195,4.195,3.912,3.517,3.912,3.517,3.517,6.746,3.517,4.195,6.533,3.517,3.517,3.912,3.912,4.195,4.195,6.905,3.517,3.912,4.195,3.517,6.128,3.517,3.517,6.351,4.195,3.517,3.912,4.195,3.912,4.195,3.912,6.579,3.517,6.579
ref_00688,3.731,3.731,3.062,3.731,3.731,3.062,3.731,3.731,3.731,3.731,5.907,3.731,4.129,6.481,4.129,3.731,3.731,3.062,3.062,3.731,6.417,3.062,4.129,3.062,3.731,6.274,3.062,3.731,6.947,3.731,3.731,3.731,3.731,3.731,3.062,3.731,6.776,3.731,6.844
ref_00689,3.872,3.872,3.872,4.154,4.154,3.872,4.154,4.154,3.872,3.872,6.538,3.872,4.154,6.796,3.872,4.374,3.872,3.477,3.872,4.154,6.538,3.872,3.872,3.477,3.477,6.309,3.477,3.477,6.831,3.872,3.477,3.477,4.154,3.872,3.872,4.154,6.604,4.154,6.28
ref_00690,4.082,3.685,3.685,3.685,3.685,3.685,3.685,4.082,4.082,4.082,6.146,4.082,3.685,6.335,4.082,4.082,3.685,4.082,4.082,4.082,6.705,3.685,3.685,3.685,3.685,6.434,4.082,4.082,6.464,3.685,4.365,3.685,4.082,3.016,3.685,4.365,6.859,4.082,6.838
ref_00691,3.601,3.998,3.601,3.998,3.998,3.998,3.601,3.601,3.998,3.601,6.284,3.998,3.998,6.409,3.998,3.998,3.601,3.998,3.601,3.998,6.493,3.998,3.998,3.601,3.601,6.215,3.601,4.281,6.889,3.601,3.601,3.998,3.998,3.998,3.998,3.601,6.814,4.281,6.284
ref_00692,3.517,3.912,3.912,3.517,4.195,3.912,4.195,3.912,3.912,4.195,6.938,3.912,3.517,6.23,4.195,3.912,4.195,3.517,4.195,3.912,6.624,3.912,3.517,4.195,3.517,5.974,3.912,4.195,7.112,3.517,3.912,4.415,3.912,3.912,4.195,3.517,6.746,3.912,6.379
ref_00693,3.96,3.564,3.564,3.96,3.96,3.96,3.96,3.96,2.899,3.96,6.31,3.564,3.564,5.936,3.564,3.564,3.96,3.564,3.96,3.96,6.399,4.243,4.243,3.96,3.96,6.176,3.96,3.96,6.715,3.96,3.564,3.96,3.96,3.96,3.564,3.96,6.735,3.564,6.775
ref_00694,3.911,3.515,3.911,3.515,3.911,3.515,3.911,3.911,3.515,3.911,6.482,3.911,3.515,6.643,3.515,2.851,3.911,3.515,3.515,3.515,6.685,3.911,3.515,3.911,3.515,5.791,3.911,3.515,6.195,3.515,3.515,3.911,3.911,3.515,3.911,3.515,6.685,3.911,6.6
ref_00695,3.601,4.281,3.601,4.281,3.998,3.998,3.601,3.998,4.281,3.998,6.141,3.998,3.998,6.732,4.281,3.998,3.998,3.601,3.998,3.998,6.814,3.998,2.935,3.601,4.281,6.061,3.998,3.601,6.493,3.601,3.601,3.601,3.998,3.601,3.601,3.601,6.215,3.601,6.753
ref_00696,4.266,3.37,3.37,4.046,3.37,4.046,4.046,4.046,4.046,3.37,6.308,3.764,3.764,6.282,3.37,3.37,4.046,4.266,4.266,3.37,6.308,4.266,3.764,4.266,4.046,6.614,3.764,4.046,6.494,4.046,3.37,3.764,4.046,4.046,4.046,4.046,6.848,4.046,6.556
ref_00697,3.797,3.797,4.195,3.797,3.797,3.797,3.797,3.797,3.797,3.797,6.128,3.797,3.126,6.302,3.126,3.797,3.126,3.797,3.797,3.797,6.128,3.797,3.797,3.797,3.126,5.792,3.797,3.126,6.579,3.797,3.797,4.195,3.797,3.797,3.126,3.126,6.341,3.797,6.796
ref_00698,3.712,3.043,3.712,3.712,3.043,3.712,3.712,3.712,3.712,4.109,6.174,3.712,3.712,6.254,4.109,3.043,3.712,3.712,3.043,3.712,6.684,4.109,4.109,4.109,3.712,6.174,3.712,3.712,6.907,3.712,3.712,3.712,3.712,3.712,3.712,3.712,6.733,3.712,6.291
ref_00699,3.651,4.331,3.651,4.048,4.048,3.651,3.651,3.651,4.048,3.651,5.768,3.651,3.651,6.622,3.651,4.048,3.651,3.651,3.651,4.048,6.694,4.048,3.651,3.651,4.048,6.025,4.048,3.651,6.845,4.048,4.048,3.651,3.651,2.984,3.651,3.651,6.368,4.331,6.335
ref_00700,4.094,3.812,4.094,3.418,4.094,3.812,3.812,4.094,4.094,3.418,6.277,3.418,4.094,6.564,3.812,4.094,3.418,3.812,3.812,4.094,6.644,4.314,4.314,3.812,3.812,6.681,3.812,3.418,6.7,3.812,4.094,4.094,3.418,3.812,4.094,3.812,6.584,4.314,7.049
ref_00701,3.882,3.882,3.487,3.882,3.487,2.824,3.487,3.882,3.882,3.487,6.636,4.165,3.882,6.024,4.165,3.882,3.882,3.882,4.165,3.487,6.891,3.487,3.882,3.882,3.882,5.944,3.882,3.487,6.526,4.165,3.487,3.882,3.487,4.165,3.487,3.487,6.376,3.487,6.983
ref_00702,3.608,4.005,3.608,4.005,3.608,3.608,4.005,4.005,4.005,4.005,6.578,4.288,3.608,6.257,3.608,4.005,4.005,2.942,4.005,3.608,6.673,4.005,3.608,2.942,3.608,5.935,3.608,3.608,6.355,3.608,3.608,4.005,4.005,4.005,4.005,2.942,6.222,4.005,6.821
ref_00703,3.69,3.69,4.088,3.022,3.022,3.022,4.088,3.69,4.088,3.69,6.734,4.088,3.69,6.47,4.088,3.69,3.69,3.022,3.69,3.69,6.152,4.088,4.088,3.022,3.022,6.375,3.69,3.69,5.97,3.69,4.088,3.69,4.088,3.69,4.088,3.69,6.5,3.69,6.5
ref_00704,3.962,3.962,3.566,3.962,3.566,4.465,3.566,4.245,3.566,3.566,6.456,4.245,4.245,6.065,3.962,3.962,3.962,3.962,3.962,3.962,6.777,3.566,3.566,4.245,3.566,6.583,3.566,4.245,6.429,3.566,3.962,3.962,4.245,4.245,3.566,3.962,6.922,4.245,6.695
ref_00705,4.133,3.85,4.133,3.85,3.85,4.133,3.85,4.353,4.133,3.85,6.288,4.133,4.133,6.134,4.133,3.85,4.133,4.133,4.133,4.133,6.874,4.133,4.133,3.85,3.456,6.166,3.85,4.133,6.663,3.85,3.456,3.456,3.85,3.85,3.85,4.133,6.874,3.456,7.126
ref_00706,3.18,3.852,3.852,3.852,4.25,3.852,4.25,3.852,4.25,3.852,6.471,3.852,4.25,6.749,3.852,3.18,3.852,3.852,3.18,3.852,6.54,4.25,4.25,3.852,3.18,5.973,3.18,3.852,6.435,3.852,3.852,3.852,3.18,3.852,3.852,3.852,6.506,3.852,6.54
ref_00707,4.143,3.745,3.745,3.745,4.143,4.143,4.143,3.745,3.745,3.745,6.166,3.745,4.143,6.326,3.745,3.745,3.745,3.745,4.143,3.745,6.667,3.745,4.143,3.745,4.143,6.249,3.745,3.745,6.693,3.076,3.745,3.745,3.745,3.745,3.745,3.745,6.326,4.143,6.693
ref_00708,3.942,4.445,3.546,3.942,4.224,3.546,3.546,3.546,3.546,3.942,6.653,4.224,3.942,6.084,3.546,4.445,3.546,3.942,4.224,3.942,6.489,3.942,3.546,3.942,3.546,6.696,3.942,4.224,6.158,3.942,3.546,3.546,3.942,3.546,3.546,3.942,6.631,3.942,6.832
ref_00709,3.263,3.937,3.263,3.937,3.937,3.263,3.263,3.937,3.263,3.937,6.521,3.937,3.937,6.444,3.937,4.336,3.937,3.937,3.937,3.263,6.558,3.937,3.937,3.937,4.336,6.17,4.336,3.937,6.059,3.937,3.937,3.937,3.263,3.937,3.937,3.263,5.935,3.263,6.78
ref_00710,3.18,3.18,3.852,3.852,3.852,3.852,3.852,3.18,3.852,3.18,6.084,3.18,3.852,5.913,3.852,3.18,3.852,3.18,3.852,3.852,6.358,3.852,3.852,3.18,3.852,6.435,3.852,3.852,6.876,3.852,3.18,3.852,3.852,3.852,3.852,3.852,6.54,3.852,6.397
ref_00711,3.704,3.035,3.704,3.035,3.704,3.704,4.101,3.035,3.704,4.101,5.822,3.704,3.704,6.355,3.704,3.704,3.035,3.704,3.704,3.704,6.207,3.704,3.704,3.704,3.704,6.355,3.704,3.704,6.543,3.704,3.035,3.704,3.704,3.704,4.101,3.704,6.166,3.035,6.283
ref_00712,3.737,3.737,3.737,3.737,3.737,3.068,3.068,4.135,3.737,3.737,6.113,3.737,3.737,6.2,3.737,3.068,4.135,3.737,3.068,3.737,6.158,3.737,3.068,3.737,3.737,6.2,3.737,3.737,6.423,3.737,3.737,3.737,3.737,3.068,3.737,3.068,6.423,3.737,6.871
ref_00713,3.957,3.561,4.24,4.24,3.561,3.561,3.561,3.957,2.896,3.561,6.06,3.957,3.561,6.137,3.957,3.957,3.561,4.24,3.561,2.896,6.669,3.561,3.561,3.957,3.957,6.208,3.957,3.957,6.752,3.957,3.561,3.957,3.561,3.957,3.957,3.957,6.752,3.561,6.865
ref_00714,4.221,3.938,4.441,3.938,4.221,3.543,3.543,3.938,4.221,3.938,6.864,4.221,3.938,5.867,4.221,3.938,3.543,3.938,4.221,3.543,6.51,3.938,3.543,3.938,4.221,6.001,3.543,3.938,6.932,3.938,4.221,3.938,3.543,3.938,4.221,3.938,6.882,3.543,6.223
ref_00715,3.861,4.143,4.143,4.143,3.466,3.861,3.466,4.363,4.143,4.363,6.593,3.861,3.861,6.406,3.861,3.466,3.861,3.466,3.861,4.363,6.731,3.861,4.363,3.861,3.861,5.922,3.861,3.861,6.901,4.143,3.861,3.466,3.861,3.861,3.861,3.466,6.406,3.861,6.634
ref_00716,4.065,3.668,3.0,4.065,3.668,3.668,3.668,4.065,4.065,3.0,6.17,3.668,4.065,6.416,3.668,3.668,4.065,3.668,3.668,3.668,6.821,4.065,4.065,4.065,4.065,5.996,4.065,3.668,6.506,3.0,4.065,4.065,3.668,3.668,3.668,3.668,6.416,3.0,6.614
ref_00717,3.955,3.955,3.559,4.238,3.559,3.559,3.955,3.955,3.559,3.559,6.135,4.238,3.955,5.836,3.559,3.559,3.559,4.238,3.955,3.559,6.058,3.955,3.955,3.559,3.559,6.6,3.955,3.559,6.576,3.955,3.955,3.955,3.955,4.238,3.559,3.559,6.365,3.559,7.128
ref_00718,3.801,3.13,3.13,3.801,3.13,3.801,3.13,3.801,3.801,3.801,6.383,3.13,3.801,5.797,3.801,3.801,3.13,3.13,3.801,4.199,6.032,3.801,3.801,3.801,3.801,6.179,3.801,4.199,6.642,3.801,3.13,3.13,3.13,3.801,3.801,3.13,6.584,3.13,6.179
ref_00719,3.615,4.295,4.012,3.615,4.012,3.615,3.615,3.615,3.615,4.012,5.942,4.012,4.515,6.767,4.012,3.615,3.615,4.295,3.615,4.012,6.746,4.012,4.012,3.615,4.012,6.033,4.295,4.012,6.56,4.012,4.012,4.295,4.012,4.012,3.615,4.295,6.61,4.012,6.866
ref_00720,4.163,3.881,3.881,4.163,3.881,3.486,3.486,4.163,3.881,3.881,6.401,3.881,3.486,6.524,2.823,3.881,3.881,4.163,3.486,4.163,6.57,3.486,4.163,3.881,3.881,6.26,3.881,4.163,7.025,3.486,3.486,3.486,3.881,4.163,4.163,4.163,6.695,3.486,6.197
ref_00721,3.778,3.108,3.778,3.778,3.778,3.108,3.108,3.108,3.108,3.778,6.06,3.778,3.108,5.898,4.176,3.778,3.778,3.108,3.778,3.108,6.701,4.176,3.778,3.778,3.778,6.009,3.108,3.778,6.497,3.778,3.778,3.108,3.108,3.778,3.108,3.778,6.752,3.778,6.359
ref_00722,3.858,4.14,3.858,4.14,3.463,3.858,4.14,3.463,3.858,3.463,6.266,3.858,4.14,6.206,4.14,3.463,3.463,4.14,4.14,4.14,6.403,4.14,3.463,3.858,4.36,6.477,4.14,3.858,6.69,3.858,3.463,3.463,3.858,3.858,4.14,4.14,6.71,3.858,7.133
ref_00723,4.365,3.467,3.862,3.862,3.862,3.467,3.467,3.862,4.365,4.145,6.3,3.862,4.145,5.964,3.862,3.862,3.467,4.145,4.145,3.862,6.21,4.145,3.862,3.862,4.145,6.594,3.467,3.467,6.21,4.145,3.862,3.862,3.862,3.862,3.862,3.467,6.978,3.467,7.174
ref_00724,3.927,3.927,4.326,3.253,3.927,3.927,3.927,3.927,3.927,3.927,6.351,3.253,4.326,6.26,3.927,3.253,3.253,3.927,3.927,3.927,6.307,3.927,3.927,3.927,4.326,6.26,3.927,3.927,6.212,3.927,3.927,3.927,3.927,3.253,3.927,3.927,6.16,3.927,6.548
ref_00725,3.739,3.07,3.07,3.739,3.07,3.739,3.739,3.739,3.739,3.07,5.798,4.137,3.739,6.458,3.739,3.07,3.739,3.07,3.739,3.739,6.761,3.739,4.137,3.07,3.739,5.798,3.739,3.739,6.16,4.137,3.739,3.739,3.07,3.07,3.739,3.739,6.52,3.739,6.579
ref_00726,3.549,3.945,3.549,3.945,3.549,3.945,2.884,3.945,3.549,3.549,6.263,3.549,3.549,6.612,3.945,3.549,3.945,3.945,3.945,3.549,6.779,3.945,3.945,3.945,3.945,6.517,3.549,3.945,6.412,3.549,3.945,3.549,2.884,3.549,3.945,2.884,6.612,3.549,6.72
ref_00727,3.938,3.543,3.543,3.543,3.543,4.221,3.938,3.938,3.938,3.938,6.377,3.938,4.221,6.041,3.543,3.543,4.221,3.543,3.543,3.938,6.864,4.221,3.543,3.543,3.938,6.583,4.221,4.221,6.405,3.938,3.938,3.938,3.543,3.543,4.221,3.938,6.792,4.221,6.915
ref_00728,3.852,3.457,4.134,3.852,3.457,4.134,3.852,3.852,3.457,4.134,6.844,4.134,4.134,5.992,3.852,3.457,3.852,3.457,3.457,4.134,6.625,4.134,4.354,3.457,3.852,6.495,4.354,4.134,6.922,4.134,3.852,3.457,3.457,3.457,3.852,3.457,6.135,3.457,6.922
ref_00729,3.076,3.745,3.745,3.745,4.143,4.143,3.076,3.745,3.745,3.745,6.362,3.745,3.745,6.288,3.745,3.076,3.076,3.745,3.745,4.143,6.075,3.745,3.745,3.745,3.076,5.517,3.745,3.745,6.121,3.745,3.745,3.076,4.143,3.745,3.745,3.745,6.767,3.745,6.814
ref_00730,3.943,4.226,3.943,4.226,3.943,3.548,3.943,3.943,3.548,3.548,6.006,3.548,3.943,6.194,3.548,3.943,3.943,3.548,4.226,3.548,6.54,3.943,3.943,3.943,3.943,6.698,3.548,3.943,7.06,3.943,3.548,3.943,3.548,3.943,3.548,3.943,6.852,3.943,6.323
ref_00731,3.853,4.136,4.136,3.853,3.458,3.853,4.136,4.136,3.458,3.853,6.939,3.853,4.136,6.232,4.136,3.458,3.853,4.136,3.458,3.853,6.399,4.356,4.136,3.458,3.458,6.319,4.136,4.136,6.778,4.136,3.853,4.136,3.853,3.853,3.853,3.458,6.346,3.458,7.091
ref_00732,3.795,4.077,4.077,4.077,3.401,3.795,3.795,4.077,3.401,4.077,6.077,3.401,3.795,6.482,3.401,3.795,4.077,3.795,3.795,4.077,6.752,4.077,4.077,3.401,3.795,6.389,3.401,4.297,7.057,4.297,3.795,3.795,3.401,3.795,4.077,4.077,6.849,3.401,6.951
ref_00733,4.27,3.987,3.987,4.27,3.987,3.591,3.987,4.27,3.987,4.27,6.368,3.591,4.27,6.306,4.27,3.987,3.591,4.27,3.591,3.987,6.783,4.27,3.987,3.987,3.591,6.509,4.27,4.491,6.535,4.27,4.27,3.987,3.987,3.591,4.27,4.27,6.204,3.591,6.427
ref_00734,3.952,3.952,3.952,3.556,3.556,3.556,4.235,3.556,4.235,3.556,6.391,3.556,3.952,6.664,3.556,3.556,3.556,3.556,3.952,4.235,6.596,3.556,3.952,3.952,2.891,6.747,3.556,3.952,6.619,3.556,3.952,4.235,3.556,3.952,3.556,3.556,6.549,3.952,6.391
ref_00735,3.49,3.886,4.168,3.49,3.886,4.168,3.49,3.49,3.49,3.886,6.323,3.886,3.49,6.265,2.827,3.886,3.886,3.49,3.49,3.886,6.552,3.49,3.886,3.49,3.886,6.481,2.827,3.49,6.91,4.168,3.886,3.886,3.49,3.886,3.49,4.168,6.596,3.49,6.379
ref_00736,3.782,3.782,3.782,3.112,4.18,3.112,3.782,3.112,3.112,3.782,6.502,3.112,3.112,6.326,3.782,3.112,4.18,3.782,3.782,3.112,6.435,3.782,3.782,3.782,3.782,6.364,3.782,4.18,6.594,3.782,3.782,3.782,3.112,3.782,3.782,3.112,6.756,3.112,6.469
ref_00737,4.179,3.897,3.897,3.897,3.897,3.501,3.897,3.501,3.897,3.897,6.245,3.501,4.179,6.786,4.179,3.897,3.897,4.179,3.501,3.501,6.804,3.501,4.399,3.897,3.501,6.038,3.501,4.179,6.804,4.179,3.897,3.501,4.179,3.897,3.897,3.897,6.607,3.897,6.492
ref_00738,3.903,3.507,3.507,4.185,4.185,3.507,4.185,4.185,4.185,3.903,6.656,3.903,4.185,6.546,4.185,3.507,3.903,3.507,3.507,3.507,6.792,3.507,3.507,3.507,4.185,6.153,3.507,3.903,6.774,4.406,3.903,3.903,3.507,3.903,4.185,4.185,6.282,4.185,6.635
ref_00739,3.793,3.122,3.122,3.793,3.793,3.793,4.191,4.191,3.793,3.793,6.48,4.191,3.793,6.575,4.191,4.191,4.191,3.793,3.122,3.122,6.214,3.793,3.793,3.793,3.793,6.075,3.122,3.793,6.928,3.793,3.793,3.793,3.793,3.793,3.793,3.793,6.575,3.793,6.575
ref_00740,3.76,3.76,4.042,4.042,4.042,3.76,4.262,4.042,3.366,3.366,6.7,4.262,4.042,6.571,4.262,4.262,4.042,3.76,4.042,4.262,6.137,3.76,3.76,3.76,4.042,5.86,3.366,3.366,6.329,3.366,3.366,4.262,3.76,4.262,3.76,4.042,6.983,3.76,6.665
ref_00741,3.677,3.677,3.677,4.074,3.009,4.074,4.074,3.677,3.677,4.358,6.005,3.677,3.677,6.571,4.074,3.009,4.074,4.358,4.074,3.677,6.361,4.074,4.074,3.677,3.677,6.292,4.074,3.677,6.486,3.677,4.074,4.074,4.074,4.358,3.677,4.074,6.571,4.074,6.788
ref_00742,4.245,3.566,3.962,3.566,3.566,3.566,3.566,2.9,4.245,3.566,6.559,3.962,3.566,6.456,3.566,3.962,3.962,3.962,3.566,3.962,6.311,3.962,3.962,3.566,3.566,6.247,3.962,3.566,6.401,3.962,3.962,3.962,3.962,3.962,4.245,3.566,6.559,3.566,7.034
ref_00743,4.179,3.897,3.897,4.179,3.897,3.897,4.179,3.897,3.897,4.179,6.39,4.179,4.399,5.871,3.897,3.897,3.501,3.897,4.179,4.179,6.786,4.179,3.897,3.501,3.501,6.585,3.897,3.897,6.417,4.179,3.897,3.897,4.179,4.179,4.399,4.399,6.749,3.897,7.209
ref_00744,3.766,3.095,4.163,3.766,3.766,3.766,3.766,3.766,3.095,3.095,6.27,3.095,3.766,6.187,3.095,3.766,3.766,3.095,3.766,3.766,6.688,4.163,4.163,3.766,3.766,6.142,3.766,3.766,6.661,3.766,3.766,3.766,3.766,4.163,3.766,3.766,5.942,3.766,6.577
ref_00745,3.651,3.651,3.651,4.331,3.651,3.651,4.048,3.651,3.651,4.048,6.489,3.651,4.048,6.43,3.651,4.048,4.048,3.651,4.331,3.651,6.489,3.651,3.651,3.651,3.651,6.368,4.048,3.651,7.076,3.651,3.651,4.048,3.651,3.651,3.651,4.331,6.884,3.651,6.544
ref_00746,3.737,3.737,3.737,3.737,3.068,3.068,4.135,4.135,3.737,3.737,6.018,3.737,3.737,6.318,4.135,3.737,3.737,3.737,3.737,3.737,6.71,3.068,3.737,3.737,3.068,6.354,3.737,3.737,6.828,3.737,3.737,3.737,3.737,3.737,3.737,3.737,6.735,3.068,6.577
ref_00747,3.544,3.94,3.94,3.544,3.544,2.88,4.223,3.94,3.94,3.544,6.607,3.94,3.94,6.32,4.443,3.94,4.223,3.94,4.223,3.94,6.461,4.223,3.94,3.544,4.223,5.916,3.94,4.223,6.607,3.94,3.94,3.94,3.544,4.223,3.94,3.94,6.461,3.94,7.205
ref_00748,3.967,3.571,3.967,4.25,3.967,3.571,3.967,3.967,3.571,4.25,6.406,3.967,3.967,6.347,3.571,4.25,3.571,3.571,4.25,3.967,6.347,4.25,4.25,3.967,4.25,6.218,3.571,4.25,6.539,3.967,3.967,3.571,3.571,3.571,3.967,3.571,6.762,3.967,7.113
ref_00749,3.979,4.262,3.979,3.979,3.979,3.979,3.979,4.262,3.583,4.262,6.647,3.583,3.583,5.86,3.583,4.262,3.979,3.979,4.262,3.583,6.418,3.979,4.262,3.583,3.979,6.446,3.979,4.262,6.754,3.583,3.979,4.262,3.979,3.583,3.979,3.979,6.446,3.583,6.833
ref_00750,3.12,3.791,3.791,3.12,3.791,4.189,3.791,3.12,3.12,3.791,6.121,3.791,3.791,6.212,3.12,4.189,4.189,3.791,3.791,3.791,6.073,4.189,3.791,3.791,3.791,6.66,3.791,4.189,6.714,3.12,3.12,3.791,3.791,3.12,3.12,4.189,6.687,4.189,6.073
ref_00751,3.887,4.17,4.17,4.17,3.492,3.492,4.17,3.492,3.887,3.492,6.598,3.887,3.492,6.066,3.492,3.887,3.887,3.887,4.39,3.887,6.846,3.492,3.887,4.17,3.887,6.235,4.17,4.17,7.151,3.887,3.887,3.492,3.887,4.17,4.17,4.17,6.661,3.492,6.296
ref_00752,3.093,3.764,3.764,3.764,3.764,3.764,3.093,3.764,3.764,3.093,6.045,3.093,3.764,6.416,3.764,3.093,3.764,3.093,3.093,3.764,6.381,3.093,3.093,3.093,3.093,6.45,3.764,3.764,6.14,3.764,3.093,3.764,3.764,3.093,3.764,3.764,6.345,3.764,6.659
ref_00753,3.593,3.593,3.593,3.989,3.989,3.593,3.593,4.272,3.593,3.593,6.052,2.927,3.989,5.765,3.989,3.593,4.272,3.989,3.593,3.593,6.484,3.593,3.593,3.989,3.989,6.511,3.989,3.593,6.702,3.989,3.989,3.593,3.989,3.989,3.593,3.593,6.68,3.593,6.634
ref_00754,3.712,4.109,3.712,4.109,3.712,3.712,3.712,3.712,4.392,4.109,6.254,3.712,4.109,6.551,3.712,3.712,3.712,4.392,3.712,4.109,6.131,3.712,3.712,4.109,4.109,6.328,3.712,3.712,6.397,3.712,3.712,3.712,3.043,3.712,3.712,3.712,6.866,3.712,6.579
ref_00755,4.089,3.692,3.024,4.089,3.692,3.692,4.089,3.692,3.692,4.089,6.195,3.024,3.692,6.441,3.692,3.692,3.692,3.692,4.089,3.692,6.559,4.089,3.692,3.024,3.692,6.377,3.692,4.089,6.887,3.692,3.692,3.692,4.089,4.089,3.692,4.089,6.272,3.692,6.613
ref_00756,4.001,4.001,3.605,3.605,4.001,3.605,3.605,4.001,3.605,3.605,6.412,4.001,3.605,6.065,3.605,2.939,3.605,4.001,4.001,4.001,6.218,3.605,4.001,2.939,3.605,6.065,4.001,4.284,6.996,3.605,2.939,2.939,4.001,3.605,3.605,4.001,6.928,4.001,7.075
ref_00757,4.035,4.035,3.639,4.318,3.639,4.035,4.035,4.035,4.035,3.639,6.288,4.539,3.639,6.14,4.318,4.035,4.035,4.035,3.639,3.639,6.354,3.639,3.639,4.035,4.035,6.927,3.639,4.035,7.078,3.639,4.318,4.035,4.035,4.035,4.035,3.639,6.584,4.318,6.386
ref_00758,3.831,4.333,3.831,3.831,3.831,3.436,4.113,3.831,4.113,3.436,6.239,4.113,3.436,6.789,3.831,3.831,3.831,4.333,4.113,4.113,6.562,3.831,3.831,4.113,3.436,6.45,3.831,4.113,6.624,4.113,4.113,3.436,3.831,3.831,3.831,4.113,6.663,4.113,6.916
ref_00759,3.66,4.057,4.057,4.057,4.057,3.66,3.66,3.66,4.057,4.057,6.31,4.057,4.057,6.239,4.057,2.993,4.341,3.66,3.66,3.66,6.793,3.66,4.057,3.66,4.057,6.201,4.057,3.66,6.606,4.057,3.66,4.057,4.057,4.057,4.057,2.993,6.121,4.341,7.036
ref_00760,4.265,3.982,3.586,3.982,3.586,3.586,3.982,3.586,3.982,4.265,6.045,3.982,3.586,6.45,3.982,3.982,3.982,3.982,4.265,3.982,6.393,3.982,2.92,3.982,3.982,6.53,4.265,4.265,6.199,4.265,3.982,3.586,3.586,3.586,3.586,3.982,6.943,3.982,6.993
ref_00761,3.975,3.579,4.258,3.579,3.579,3.975,3.579,3.579,4.258,2.914,6.227,3.975,3.975,6.751,3.975,3.975,3.975,4.258,3.975,3.579,6.415,3.579,3.579,3.579,3.975,6.156,3.975,3.579,6.986,3.579,2.914,3.579,4.258,3.975,3.975,3.975,6.919,3.579,7.002
ref_00762,3.784,3.114,3.114,3.784,4.182,3.114,3.784,3.114,3.784,3.784,6.366,3.114,3.784,6.206,3.784,3.784,3.114,3.784,3.784,3.114,6.807,3.114,3.784,3.114,3.784,6.289,3.114,3.114,6.566,3.784,3.784,3.784,3.114,4.182,4.182,3.784,5.904,3.114,6.68
ref_00763,3.548,3.943,3.548,3.943,3.943,3.548,3.943,3.548,3.548,3.943,6.516,4.226,3.943,5.872,3.548,3.943,3.943,3.548,4.226,3.548,6.006,3.943,3.943,2.883,3.943,5.719,3.943,3.548,6.738,3.943,3.943,3.548,3.548,2.883,3.943,3.548,6.323,3.548,6.54
ref_00764,3.728,3.334,4.01,3.728,3.728,4.01,3.334,4.01,3.728,4.229,6.344,4.01,3.728,6.435,3.334,4.01,4.01,4.01,3.728,4.01,6.897,3.728,4.01,4.01,3.728,6.391,3.728,3.728,7.025,4.01,3.334,4.01,3.728,3.728,3.334,3.334,6.478,3.334,6.684
ref_00765,4.243,3.564,3.96,3.564,3.96,3.96,3.564,3.564,3.564,3.96,6.34,3.564,3.564,5.936,4.243,3.564,4.243,3.564,3.96,3.564,6.102,3.96,3.564,3.96,4.243,5.936,3.96,3.96,6.605,4.243,3.564,4.243,4.243,4.243,3.96,3.564,6.427,3.96,6.886
ref_00766,3.749,3.749,3.749,3.749,3.079,3.749,3.749,3.079,3.079,3.749,5.808,3.079,4.147,5.925,3.079,3.749,3.749,3.749,3.749,3.749,6.401,3.749,4.147,3.749,3.749,6.212,3.749,3.749,6.747,3.079,3.749,3.079,3.749,3.749,3.749,3.079,5.979,3.749,6.5
ref_00767,3.996,3.996,3.6,3.996,3.6,2.934,3.996,3.996,3.6,3.996,6.213,2.934,3.996,6.594,3.6,3.996,3.996,3.6,3.6,3.6,6.213,4.279,3.996,3.996,3.996,6.1,3.6,3.996,6.957,3.6,3.6,3.996,3.6,3.6,3.996,3.6,6.346,3.996,6.315
ref_00768,3.891,3.891,3.891,3.891,3.218,3.891,3.218,3.891,3.891,3.891,6.398,3.891,3.218,6.175,3.218,3.218,3.218,3.218,3.891,3.218,6.58,3.891,4.29,3.218,3.891,5.579,3.891,3.891,6.867,3.891,3.891,4.29,3.891,3.218,3.891,3.891,6.437,3.218,6.175
ref_00769,3.622,4.019,4.019,3.622,3.622,4.019,4.019,3.622,4.019,4.019,6.271,4.302,4.019,5.996,3.622,3.622,3.622,4.019,3.622,3.622,6.162,4.019,3.622,3.622,3.622,6.271,4.019,3.622,6.2,4.019,2.956,3.622,3.622,3.622,4.019,3.622,5.996,3.622,6.911
ref_00770,3.729,3.729,3.729,4.127,3.729,3.729,3.729,3.729,4.127,4.127,6.01,4.127,4.127,5.959,3.729,3.06,3.06,4.127,3.729,4.127,6.569,3.729,3.729,3.729,3.729,6.479,3.729,3.729,6.751,4.127,4.127,3.729,3.729,3.06,3.729,3.729,6.597,3.06,6.651
ref_00771,3.162,3.162,3.834,3.162,3.162,3.162,3.834,3.834,3.834,3.162,6.704,3.834,3.834,6.522,3.834,3.162,3.162,3.834,3.834,4.232,6.784,4.232,4.232,3.834,3.834,6.117,4.232,4.232,6.617,3.162,3.162,3.162,3.834,3.834,3.834,3.834,5.894,3.162,6.731
ref_00772,4.084,3.687,3.687,4.084,3.687,3.687,4.084,3.687,4.084,4.367,6.58,3.687,4.084,6.189,3.687,3.687,4.084,4.084,4.367,4.084,6.337,4.084,3.687,4.084,3.687,6.607,3.687,3.687,6.525,3.687,4.367,4.084,4.084,4.367,3.687,3.018,6.061,4.084,6.819
ref_00773,3.933,3.538,3.933,3.538,4.216,3.538,4.216,3.538,3.538,4.216,6.113,3.538,3.538,6.251,3.933,3.538,4.216,3.933,4.216,3.538,6.505,3.933,3.933,3.933,4.216,6.805,3.933,3.933,6.075,3.538,3.538,4.436,4.216,4.216,4.216,3.933,6.343,4.216,6.841
ref_00774,3.895,3.5,3.5,3.895,3.5,3.895,3.895,3.895,4.178,4.178,6.538,3.5,3.5,6.179,3.895,3.5,3.5,4.178,3.5,4.178,6.606,3.895,3.5,3.5,3.5,6.415,3.895,3.895,6.212,3.5,2.836,3.895,3.5,3.895,3.895,4.178,6.709,3.895,6.951
ref_00775,3.029,3.698,4.095,3.698,3.698,3.698,3.698,3.698,3.698,3.698,6.349,3.698,3.029,6.383,3.698,4.095,3.698,3.698,3.698,4.095,6.349,3.698,3.698,3.698,3.029,6.508,3.029,3.698,6.565,3.698,3.698,3.029,4.095,3.698,3.698,3.698,6.592,3.698,6.695
ref_00776,3.045,3.045,4.111,3.714,3.714,4.111,3.714,3.714,3.045,3.714,6.365,4.111,3.714,6.661,4.111,3.714,3.714,3.714,3.714,3.045,6.608,3.714,4.111,4.111,4.111,6.089,3.714,3.714,6.553,3.714,3.045,3.045,4.111,4.111,4.111,3.714,6.293,3.045,6.661
ref_00777,3.856,3.856,3.856,3.856,4.255,4.255,4.255,3.184,3.856,3.856,6.545,3.856,3.856,5.917,3.184,3.856,3.856,4.255,3.856,4.255,6.511,3.856,4.255,3.856,3.856,6.545,3.856,3.856,6.089,4.255,3.184,3.184,3.184,3.184,3.856,3.856,6.14,3.184,6.781
ref_00778,3.852,4.134,4.134,3.852,4.134,3.457,3.457,4.134,4.134,3.852,6.562,3.852,3.852,6.604,3.457,3.852,3.852,3.457,3.852,4.134,5.913,4.354,3.852,3.457,4.134,6.23,3.852,3.852,6.892,4.134,3.457,3.457,3.852,4.134,3.852,3.852,6.562,3.852,6.844
ref_00779,3.9,3.9,3.504,3.9,3.504,3.504,3.9,3.9,3.504,3.504,6.309,3.504,3.504,6.217,3.9,2.841,3.504,3.504,3.504,3.504,6.611,3.504,3.504,3.504,3.9,6.041,3.504,3.504,6.674,3.504,3.504,3.504,3.9,3.504,3.504,3.504,6.496,3.9,6.566
ref_00780,3.617,4.297,4.014,4.014,4.014,4.297,4.014,4.014,4.297,4.297,6.157,4.297,3.617,6.231,4.014,3.617,4.014,3.617,3.617,4.014,6.333,3.617,4.297,4.014,4.014,6.682,3.617,3.617,6.992,4.297,4.014,3.617,3.617,4.014,4.014,3.617,6.077,3.617,6.536
ref_00781,3.559,2.894,3.559,3.955,3.559,3.559,3.559,3.559,3.955,3.955,5.674,3.955,3.559,6.24,3.559,3.559,3.955,3.559,3.559,3.559,6.335,3.955,3.559,3.559,3.559,6.552,3.559,3.559,6.789,4.238,4.238,3.955,3.559,3.955,3.955,3.559,6.73,3.955,6.135
ref_00782,3.141,3.812,3.812,3.812,3.812,3.812,3.812,4.21,3.812,3.812,6.43,4.21,4.21,6.564,3.141,3.812,3.812,3.812,3.812,3.141,6.095,3.141,3.141,4.21,3.812,6.234,4.21,3.141,6.143,3.812,3.812,3.812,3.812,3.141,3.812,3.812,6.466,3.812,6.143
ref_00783,4.127,3.729,3.729,4.127,3.06,3.729,3.06,3.729,4.127,4.127,6.31,3.729,3.729,6.149,4.127,3.06,3.729,3.06,4.127,4.127,6.51,3.729,4.127,3.729,3.729,6.415,3.06,4.127,6.884,4.127,3.06,3.729,3.729,3.06,3.729,3.729,5.959,4.127,6.797
ref_00784,3.225,3.898,3.898,3.225,3.898,3.898,3.898,4.297,3.225,3.898,6.553,3.225,3.898,6.077,3.225,4.297,3.898,4.297,3.898,3.225,6.482,3.898,3.898,3.898,3.225,5.96,3.225,3.898,6.182,3.225,3.898,3.898,3.898,3.225,3.898,3.225,6.62,3.898,6.131
ref_00785,4.279,3.996,3.996,3.6,3.996,3.996,3.6,3.996,3.996,4.279,6.544,3.996,3.996,6.751,3.996,3.6,3.6,3.6,3.6,3.996,6.544,3.996,3.6,3.6,4.279,6.569,3.996,3.996,6.709,4.279,3.996,3.996,4.279,3.996,3.996,3.6,6.059,4.279,6.213
ref_00786,3.696,3.028,3.696,4.093,3.696,3.696,4.093,3.696,4.093,4.093,6.717,4.093,4.093,6.59,3.696,3.696,4.093,4.093,4.093,3.696,6.199,3.696,3.028,4.093,4.093,5.925,3.696,3.028,6.59,3.696,4.093,3.696,3.696,4.093,4.093,3.028,6.535,3.696,6.506
ref_00787,3.07,4.137,3.739,3.07,3.739,3.739,3.739,4.137,3.739,3.739,6.115,4.137,3.739,6.579,3.739,3.739,4.137,3.739,4.137,4.137,6.069,4.137,3.07,3.739,3.739,6.52,4.137,4.137,6.687,4.137,3.739,3.739,3.739,3.739,3.739,4.137,6.607,3.739,6.712
ref_00788,3.852,4.134,3.852,4.134,3.457,3.457,3.852,3.852,3.457,3.457,6.345,3.852,3.457,5.913,3.852,3.852,4.134,3.852,3.457,3.457,6.317,3.457,3.457,3.457,3.457,6.447,3.457,3.852,6.583,3.457,3.457,4.354,3.852,3.852,3.852,3.457,6.722,4.134,7.076
ref_00789,3.784,3.114,4.182,3.784,3.784,3.784,4.182,3.114,3.114,3.114,6.206,3.784,3.784,5.904,3.784,3.114,3.784,3.784,3.784,3.114,6.289,3.784,3.114,3.784,3.114,6.328,3.784,3.114,6.437,3.784,3.784,3.784,3.114,3.784,3.114,3.784,5.961,3.784,5.961
ref_00790,3.903,4.185,4.406,3.507,3.903,4.185,4.185,3.903,3.903,3.507,6.499,3.903,3.903,5.922,3.507,3.507,3.903,4.185,4.185,3.507,6.697,4.185,4.185,3.507,3.903,6.635,3.903,3.507,6.312,3.903,3.507,3.507,3.903,3.903,3.507,3.507,6.656,3.507,6.989
ref_00791,4.195,3.517,3.517,4.415,3.517,3.517,3.912,3.912,3.912,4.195,6.459,3.912,3.517,6.784,3.517,3.517,3.912,3.517,3.517,3.912,6.459,3.517,3.517,4.195,3.912,6.556,4.195,3.912,6.855,4.195,3.517,4.195,3.912,4.415,3.517,4.195,6.509,4.195,6.292
ref_00792,4.391,3.041,4.391,4.107,3.71,4.107,4.107,3.71,3.71,3.71,6.395,4.107,3.71,6.731,4.107,3.71,3.71,3.71,4.107,4.107,6.172,3.71,3.71,3.71,4.107,6.731,4.107,3.71,6.289,3.71,3.041,4.107,4.107,3.71,3.041,3.71,6.085,3.71,7.0
ref_00793,3.534,3.93,3.93,3.93,3.534,3.93,3.534,3.534,3.93,4.213,5.992,3.534,3.93,6.369,3.93,4.213,3.93,3.93,3.534,3.93,6.527,3.93,3.534,3.534,3.93,6.551,3.93,3.534,6.369,4.213,3.93,3.93,3.534,3.93,3.93,3.93,6.82,3.93,6.574
ref_00794,4.109,3.827,3.432,4.109,3.827,3.432,4.109,3.432,3.827,3.827,6.076,3.827,4.109,6.733,4.109,3.432,4.109,3.827,4.109,4.109,6.768,3.827,3.827,3.432,4.109,5.844,3.827,4.329,6.941,3.827,4.329,4.329,3.827,4.329,4.329,3.432,6.536,3.827,6.881
ref_00795,3.698,3.698,3.698,3.029,3.698,4.095,4.095,3.698,3.698,3.698,6.383,3.698,4.095,6.349,3.698,3.698,3.029,4.095,3.698,3.698,6.478,4.095,3.698,4.095,3.698,6.278,3.029,3.698,6.831,4.095,3.698,3.698,3.698,4.095,4.095,4.095,6.16,3.029,6.742
ref_00796,4.272,3.593,4.272,3.989,3.593,3.989,2.927,4.272,3.989,3.989,5.765,3.989,3.593,6.457,3.989,3.989,3.989,3.989,4.272,4.272,6.634,4.272,3.593,3.989,3.989,6.206,3.989,3.593,6.429,3.989,3.593,3.593,3.989,4.272,3.593,4.272,6.765,3.593,6.241
ref_00797,3.882,3.882,3.882,3.487,3.882,3.882,3.487,3.487,3.882,3.882,6.166,3.487,3.882,6.571,3.487,3.882,3.882,4.165,3.882,3.487,6.199,4.165,4.165,3.882,3.882,6.291,3.487,4.165,6.954,3.487,4.165,3.882,3.882,3.882,3.882,3.487,6.428,3.487,6.875
ref_00798,3.71,4.107,3.71,3.71,3.041,3.71,4.107,3.71,3.71,4.391,6.326,4.107,3.71,6.49,3.71,3.041,3.71,4.391,4.107,4.107,6.361,4.107,4.107,3.71,3.71,5.703,3.71,3.71,6.821,3.71,4.107,3.71,3.71,4.107,3.71,4.107,6.821,3.71,6.213
ref_00799,4.115,3.717,3.717,3.717,3.048,3.717,3.717,3.717,3.717,3.717,5.998,3.048,3.048,6.047,3.717,3.048,3.048,3.717,3.048,3.048,6.137,3.717,3.717,3.717,3.717,6.18,3.048,3.717,6.69,3.048,3.048,3.048,3.717,3.048,3.717,4.115,6.715,3.717,6.435
ref_00800,4.237,3.167,3.167,4.237,4.237,3.838,3.167,3.838,3.838,3.838,5.766,3.167,4.237,6.383,4.237,4.237,4.237,3.838,4.237,3.167,6.621,3.838,3.838,3.838,3.167,6.421,3.838,3.167,6.261,3.167,4.237,3.838,3.838,4.237,3.838,3.838,6.383,3.838,6.886
ref_00801,3.391,3.785,4.287,3.785,4.067,3.785,4.067,3.785,3.785,4.067,6.221,3.785,4.067,6.449,4.067,3.391,4.287,3.391,4.067,3.785,6.808,3.785,3.785,4.067,3.785,6.329,3.785,3.785,6.69,4.067,3.391,4.287,4.067,3.785,4.067,3.391,6.303,4.067,6.839
ref_00802,4.191,3.793,3.793,3.793,4.191,3.793,3.122,3.793,3.793,3.793,6.17,3.793,3.793,6.024,3.122,3.122,4.191,3.793,3.793,3.793,6.298,3.122,4.191,3.122,3.793,6.024,3.793,3.122,6.862,3.793,3.793,3.122,3.793,3.793,4.191,3.793,6.839,4.191,6.862
ref_00803,4.028,2.964,3.631,4.028,4.028,3.631,3.631,4.028,3.631,2.964,6.468,3.631,4.028,6.209,3.631,4.028,4.028,4.028,4.028,2.964,6.763,3.631,3.631,4.028,3.631,6.281,4.028,4.028,6.439,4.028,4.028,3.631,2.964,2.964,3.631,3.631,6.281,4.028,6.697
ref_00804,3.757,3.087,3.757,3.757,3.757,3.757,4.155,3.087,3.757,3.087,6.039,3.757,3.757,6.508,3.757,3.757,3.087,3.757,3.757,3.757,6.088,3.757,4.155,3.757,3.087,6.568,3.757,3.757,6.178,3.757,3.757,3.757,3.757,3.757,3.757,3.757,6.803,3.757,6.892
ref_00805,3.856,3.856,3.856,3.184,3.856,3.856,3.856,3.856,3.856,3.856,6.235,3.184,3.184,6.035,3.184,3.856,3.856,3.856,3.856,3.856,6.439,3.856,3.856,3.856,4.255,6.188,3.856,3.184,6.577,3.856,3.856,3.184,3.184,3.184,3.856,3.856,6.322,3.856,6.927
ref_00806,3.987,3.591,4.27,3.987,4.27,3.987,4.27,4.27,3.591,4.27,6.509,4.27,4.27,5.964,3.987,3.987,4.491,3.591,4.491,3.987,6.678,4.27,3.987,3.591,3.591,6.609,4.27,4.27,6.535,3.987,3.987,3.591,3.591,4.27,4.27,3.987,6.05,3.987,6.878
ref_00807,3.514,4.192,3.514,3.514,3.909,3.514,3.909,3.909,3.514,4.192,6.642,4.192,4.192,6.289,4.192,3.514,4.192,3.514,3.514,3.909,6.051,4.192,4.192,3.514,3.909,6.088,3.514,3.909,6.95,3.909,3.514,3.514,3.909,3.909,3.514,3.909,6.43,3.909,6.553
ref_00808,3.673,4.354,4.07,3.005,4.354,3.673,3.673,4.07,3.673,4.07,6.453,4.07,3.673,6.482,3.673,3.673,4.07,4.07,4.354,4.07,6.945,3.673,4.07,3.673,3.673,6.002,4.07,4.07,6.784,3.673,4.07,4.354,4.07,3.673,3.673,3.673,6.358,4.07,6.806
ref_00809,4.149,3.751,4.149,4.149,3.751,4.149,4.149,4.149,3.751,3.751,6.591,3.751,3.081,5.677,3.751,4.149,3.751,4.149,4.149,3.751,6.532,3.081,3.081,4.149,3.751,5.81,3.751,3.751,7.078,3.751,4.149,3.751,3.751,4.149,3.751,3.751,6.47,3.751,6.294
ref_00810,3.986,3.986,3.986,4.269,4.269,3.589,4.269,4.269,3.589,3.986,6.202,3.986,4.269,5.962,3.986,3.589,3.589,4.269,3.589,3.589,6.761,3.986,3.986,3.986,3.589,6.912,3.589,4.489,6.761,3.986,4.269,3.986,4.269,3.589,3.986,3.589,6.631,3.986,6.396
ref_00811,3.503,3.898,3.898,4.181,3.503,3.898,4.181,4.181,3.898,3.898,6.215,3.898,4.181,6.077,3.503,3.898,3.503,3.503,3.898,3.503,6.63,3.503,3.503,3.898,4.181,6.444,3.503,3.503,6.63,3.503,3.503,3.503,4.181,4.181,3.898,4.181,6.364,4.181,6.712
ref_00812,4.05,3.653,4.05,4.05,3.653,3.653,3.653,3.653,3.653,3.653,5.827,2.986,4.05,6.027,3.653,3.653,4.05,4.05,4.05,3.653,6.232,4.05,4.05,4.05,3.653,6.573,2.986,4.05,6.886,3.653,4.05,2.986,4.05,3.653,3.653,3.653,6.401,3.653,6.673
ref_00813,3.83,3.83,3.83,3.83,3.158,4.228,3.83,3.83,3.83,3.83,5.757,3.158,3.158,6.55,3.83,3.83,3.83,3.83,3.83,3.83,6.582,3.158,3.158,3.158,3.158,6.374,3.158,3.158,6.753,3.158,3.158,3.83,3.158,3.158,4.228,3.158,6.161,3.83,6.753
ref_00814,4.059,3.662,4.059,3.662,3.662,4.059,3.662,3.662,2.994,3.662,6.123,4.059,3.662,6.5,4.059,4.059,3.662,3.662,4.059,4.059,6.633,3.662,2.994,4.059,3.662,6.411,4.059,4.059,6.751,2.994,3.662,4.059,4.343,3.662,3.662,3.662,6.277,3.662,6.528
ref_00815,3.881,3.486,3.881,4.163,3.486,4.163,3.881,4.163,4.163,4.383,6.477,3.486,4.163,6.165,3.486,4.383,4.163,3.881,3.881,3.881,6.906,3.881,3.881,3.881,3.486,5.855,4.163,3.881,6.823,3.486,4.163,4.163,4.163,3.486,3.881,3.881,6.675,3.486,6.634
ref_00816,4.427,4.027,4.027,4.027,3.352,4.027,3.352,4.027,4.027,4.027,6.872,4.027,4.427,6.151,4.027,3.352,4.427,4.027,4.027,3.352,6.575,4.027,4.027,3.352,3.352,6.496,4.027,4.027,6.262,4.027,3.352,4.027,4.027,4.027,4.027,4.027,6.313,4.427,6.313
ref_00817,3.781,3.781,3.781,3.781,4.283,3.781,4.063,3.387,3.387,3.387,6.511,3.781,4.063,6.422,3.387,4.283,4.063,4.063,3.781,3.781,6.158,3.781,4.063,3.781,3.781,6.467,4.283,3.781,7.114,4.063,3.387,4.063,3.387,4.063,4.063,4.063,6.532,4.063,6.299
ref_00818,3.411,3.411,3.805,3.805,3.805,4.307,3.411,4.307,4.087,4.087,6.556,3.411,4.087,6.636,3.805,3.805,3.805,4.087,4.087,4.087,6.535,3.805,3.805,4.087,3.805,6.423,4.087,3.411,6.597,3.805,3.805,4.087,4.087,3.411,3.805,4.087,6.674,4.087,6.89
ref_00819,3.979,4.262,3.583,4.262,3.979,3.583,3.583,3.979,4.262,3.583,6.87,4.262,3.583,6.082,3.979,3.979,3.583,3.979,3.583,4.262,6.329,3.583,3.979,3.979,3.583,5.809,3.583,3.979,6.389,3.979,3.979,4.262,3.979,3.583,4.262,3.583,6.734,3.583,6.418
ref_00820,3.639,3.639,4.035,4.035,2.971,4.318,4.035,4.318,3.639,3.639,6.322,3.639,3.639,6.704,3.639,2.971,3.639,2.971,3.639,4.035,6.217,3.639,3.639,4.035,4.035,6.14,4.035,2.971,6.812,3.639,3.639,3.639,2.971,3.639,3.639,4.035,6.584,3.639,7.031
ref_00821,4.174,3.892,4.174,3.497,3.892,3.497,3.892,3.892,4.394,3.497,6.412,4.394,3.892,6.817,3.892,4.174,4.174,3.892,3.497,4.174,6.488,3.892,3.892,4.174,3.497,6.385,3.892,4.174,6.624,4.174,4.174,4.174,3.892,3.497,4.174,3.892,6.301,4.174,6.781
ref_00822,4.251,3.968,3.968,4.251,4.251,3.968,3.968,4.251,3.968,3.572,6.859,4.251,4.251,6.318,3.968,3.968,3.968,4.251,3.968,3.968,6.318,4.251,4.251,4.251,3.572,6.254,3.968,3.572,6.929,3.968,3.572,3.968,4.251,4.251,3.968,3.572,6.149,3.572,6.436
ref_00823,3.511,4.189,3.511,4.189,3.511,3.511,3.906,3.906,3.511,4.189,6.831,4.189,3.906,6.4,3.906,3.511,3.511,3.906,4.189,3.906,6.7,4.189,3.511,3.906,3.906,6.502,3.511,4.189,6.452,3.906,3.511,3.511,3.906,3.906,3.906,4.189,6.502,3.906,6.899
ref_00824,3.96,3.96,3.96,3.564,4.243,3.96,3.96,4.243,4.243,3.564,6.34,4.243,3.96,6.176,4.243,3.564,3.96,4.243,4.243,3.564,6.245,3.96,3.564,4.243,3.564,5.936,3.96,3.96,7.063,3.564,4.243,3.96,3.96,3.564,3.96,3.564,6.557,3.564,6.245
ref_00825,3.615,4.012,4.012,4.012,4.012,3.615,3.615,4.012,4.295,4.012,6.331,4.012,4.012,5.893,4.012,4.012,3.615,3.615,4.295,3.615,6.116,4.295,3.615,4.012,3.615,6.331,3.615,4.012,7.172,3.615,4.012,3.615,4.295,3.615,3.615,3.615,6.423,4.012,6.657
ref_00826,3.958,3.958,3.562,2.897,3.562,3.958,3.958,3.958,3.958,3.562,6.339,3.958,3.958,6.48,3.562,3.562,4.241,4.241,3.958,3.562,6.867,2.897,3.958,3.958,3.562,6.692,3.562,3.958,7.075,3.562,3.958,3.562,3.562,3.562,3.562,4.241,6.397,3.562,6.175
ref_00827,3.104,3.774,4.172,3.104,3.104,3.774,3.774,3.774,3.774,3.104,6.005,3.774,3.774,5.894,3.104,3.104,3.104,3.774,3.774,3.774,6.238,3.774,3.774,3.774,3.774,5.833,3.774,3.774,6.104,4.172,3.774,3.774,3.774,3.774,3.104,3.104,6.238,3.774,6.887
ref_00828,4.243,3.564,3.96,3.564,4.243,3.96,3.96,3.96,4.463,3.564,6.65,3.564,3.96,6.814,3.564,3.96,3.96,4.463,3.96,3.564,7.174,3.96,3.96,4.463,4.243,6.427,4.463,3.96,6.735,3.564,3.564,3.96,4.243,3.96,3.96,3.564,6.507,3.96,6.34
ref_00829,3.435,4.112,3.435,3.83,3.435,4.112,4.112,3.435,3.83,3.83,6.495,3.83,4.112,6.495,4.112,3.435,3.435,4.112,3.435,3.83,6.294,4.112,4.112,3.83,4.112,6.539,4.112,4.112,6.662,4.112,3.83,4.112,3.83,3.83,3.435,3.83,6.973,3.435,6.582
ref_00830,3.259,3.933,3.652,2.604,6.218,3.259,3.259,3.259,3.259,5.24,5.995,2.604,6.242,3.652,6.357,3.652,6.218,3.652,3.652,3.652,6.335,3.259,3.259,3.259,5.788,3.652,6.29,3.259,6.46,6.085,6.026,3.259,3.259,3.259,3.652,3.652,5.622,3.652,6.589
ref_00831,3.532,3.141,3.141,3.532,6.337,3.812,3.141,3.141,3.141,5.543,6.143,3.812,6.297,3.141,6.915,3.141,5.774,3.141,3.141,3.532,6.722,3.141,3.141,3.141,5.626,3.141,6.043,3.532,6.516,6.256,6.167,3.812,3.532,3.141,3.141,3.141,5.903,3.532,6.043
ref_00832,3.456,2.793,3.456,2.793,5.443,2.793,3.456,3.456,3.456,5.443,6.229,3.456,5.678,3.456,6.493,3.456,5.678,3.85,3.456,3.456,6.065,3.456,3.456,3.456,5.778,3.85,5.567,3.456,6.1,6.166,6.259,2.793,3.456,3.456,3.456,3.456,6.198,3.456,5.911
ref_00833,3.731,3.062,3.95,3.452,6.194,3.062,3.452,3.731,3.452,5.583,6.13,3.062,6.293,3.731,5.961,3.452,5.725,3.452,3.452,3.452,6.822,3.731,3.452,3.95,6.348,3.062,5.879,3.062,6.33,5.85,6.433,3.452,3.062,3.452,3.452,3.95,6.33,3.731,6.599
ref_00834,3.074,3.074,3.463,3.074,5.669,3.074,3.463,3.463,3.743,5.947,6.429,3.463,6.119,3.074,6.611,3.743,5.595,3.463,3.463,3.463,6.691,3.463,3.074,3.074,6.206,3.463,5.802,3.463,6.611,5.973,5.802,3.074,3.074,3.463,3.074,3.463,5.77,3.463,6.247
ref_00835,3.447,3.726,3.057,3.447,6.444,3.726,3.057,3.447,3.447,5.753,5.902,3.057,5.845,3.057,6.007,3.447,6.007,3.447,3.057,3.447,6.686,3.447,3.447,3.726,6.102,3.057,6.23,3.057,5.902,6.056,6.36,3.726,3.447,3.057,3.057,3.726,6.594,3.057,6.805
ref_00836,3.216,3.216,3.608,3.216,6.435,3.608,3.216,3.889,3.608,5.95,6.221,3.216,5.781,3.608,6.312,3.608,5.482,3.216,3.216,3.216,6.76,3.216,3.216,3.216,6.011,3.216,6.375,3.216,5.95,6.29,6.312,3.216,3.216,3.608,3.216,3.216,6.544,3.216,6.039
ref_00837,3.482,3.482,2.443,3.091,5.992,3.482,3.091,3.091,3.482,5.447,6.324,3.762,5.965,3.091,6.225,3.482,6.305,3.091,2.443,3.482,5.851,3.762,3.091,3.762,5.851,3.762,6.068,3.482,6.671,6.324,5.614,3.091,3.762,3.482,3.482,3.482,6.092,3.091,6.71
ref_00838,3.505,3.115,3.115,3.115,5.813,3.785,3.115,3.505,3.505,6.185,6.626,3.115,6.329,3.115,6.163,2.465,5.676,3.115,3.115,3.505,6.772,3.505,3.785,3.785,6.348,3.505,5.905,3.505,5.747,6.042,5.813,3.505,3.505,3.505,3.115,3.505,6.249,3.785,6.042
ref_00839,3.418,3.418,3.915,3.418,5.977,3.418,3.418,3.418,3.697,5.622,6.22,3.028,6.295,3.028,6.618,3.028,5.872,3.028,3.418,3.697,6.258,3.697,3.697,3.028,5.509,3.028,6.591,3.028,6.477,6.331,6.138,3.028,3.697,3.028,3.418,3.418,6.591,3.028,6.239
ref_00840,3.373,3.373,2.714,3.373,5.644,3.373,3.373,3.373,2.714,5.358,6.538,3.373,6.408,2.714,6.475,2.714,5.906,2.714,3.373,3.373,5.98,2.714,3.373,2.714,5.422,3.767,5.784,2.714,6.672,6.081,5.739,3.373,3.373,3.373,3.373,3.373,6.202,2.714,6.408
ref_00841,3.473,3.752,3.473,3.752,5.872,3.082,3.082,3.752,3.082,6.369,6.563,3.473,5.842,3.752,6.295,3.473,5.982,3.473,3.082,3.082,6.276,3.752,3.752,3.082,5.678,3.473,5.929,3.082,6.151,5.956,5.982,3.082,3.473,3.473,3.752,3.082,6.634,3.082,6.369
ref_00842,3.195,3.195,3.587,3.195,6.333,3.195,3.195,3.195,2.542,6.046,6.291,3.587,6.413,3.195,6.176,3.195,5.759,3.195,3.587,3.195,5.897,3.195,3.587,3.195,5.831,3.587,6.291,3.587,6.394,6.487,6.151,3.587,3.195,3.868,3.587,3.195,6.354,3.195,5.864
ref_00843,3.816,2.761,2.761,3.816,6.099,2.761,2.761,2.761,3.422,5.79,6.335,2.761,5.994,3.422,6.099,3.422,5.876,2.761,3.422,3.422,5.743,3.422,2.761,2.761,6.065,3.422,5.59,3.422,6.568,6.132,5.644,3.422,2.761,2.761,3.422,3.422,5.743,3.816,6.526
ref_00844,3.504,3.504,3.504,2.841,6.002,3.504,2.841,2.841,2.841,5.961,6.589,2.841,5.919,3.504,6.653,3.504,5.779,2.841,3.504,3.9,6.42,2.841,2.841,3.504,6.217,3.504,6.15,3.504,6.366,6.041,5.493,3.504,2.841,3.9,3.504,3.9,6.115,2.841,6.248
ref_00845,3.345,3.739,2.686,3.345,6.379,3.345,3.345,3.739,3.739,5.838,5.838,2.686,5.838,3.345,6.66,2.686,5.51,3.345,3.345,3.345,5.877,3.739,3.345,3.739,5.755,3.345,6.424,3.345,6.529,6.379,5.838,3.345,2.686,2.686,3.345,3.739,6.355,3.345,6.744
ref_00846,3.861,3.861,3.861,2.804,5.789,3.466,3.466,3.466,3.466,5.879,6.354,3.466,5.689,3.466,6.209,2.804,6.076,2.804,3.466,2.804,5.963,3.466,3.466,3.466,6.24,3.466,6.456,3.861,6.076,5.963,5.689,2.804,2.804,3.466,3.466,3.466,5.789,2.804,6.456
ref_00847,3.402,3.681,3.402,3.681,6.43,3.013,3.402,3.899,3.681,5.909,6.1,3.402,6.296,3.681,6.77,3.013,5.531,3.681,3.402,3.402,6.331,3.402,3.402,3.013,5.706,3.899,6.519,3.402,6.627,5.769,5.961,3.402,3.402,3.681,3.402,3.681,6.241,3.681,6.77
ref_00848,3.273,3.665,3.273,3.273,6.18,3.273,3.273,3.273,3.273,5.945,6.206,3.273,6.098,3.273,6.531,2.617,5.763,3.273,3.665,3.273,6.127,3.665,2.617,3.665,5.68,3.665,6.009,3.273,6.18,5.876,5.68,3.273,3.273,3.273,3.273,2.617,6.04,3.665,6.55
ref_00849,3.175,3.567,3.567,3.175,5.701,3.567,3.175,3.175,3.175,6.105,5.844,3.175,6.6,3.567,6.292,3.175,6.105,2.523,3.567,3.175,6.745,3.567,3.567,3.175,6.313,3.567,5.662,3.567,6.226,6.203,6.248,3.847,3.847,3.175,3.175,3.847,5.939,3.175,6.179
ref_00850,3.645,3.645,3.645,3.366,6.294,3.366,3.366,3.645,2.978,5.328,5.701,3.366,5.603,3.366,6.878,3.645,5.972,3.645,3.645,3.645,6.699,3.366,2.978,3.366,6.453,2.978,5.924,2.978,6.063,6.126,6.361,3.366,3.645,3.863,3.366,3.366,6.524,3.645,5.819
ref_00851,3.635,2.968,3.356,2.968,6.213,3.635,2.968,3.635,2.968,5.751,6.367,3.356,6.58,3.356,6.5,3.356,6.074,3.356,3.356,3.853,6.194,2.968,2.968,3.635,5.722,3.356,6.284,3.356,6.968,6.095,5.836,2.968,3.635,3.356,3.853,3.356,5.888,3.635,6.318
ref_00852,2.695,3.354,3.354,2.695,6.154,3.354,2.695,3.748,3.354,6.183,5.924,2.695,6.265,2.695,6.652,3.354,5.574,3.354,2.695,3.354,5.995,3.354,3.354,3.354,5.886,2.695,5.886,3.354,6.316,5.674,6.183,3.354,3.748,3.354,3.354,3.354,6.519,3.354,6.094
ref_00853,3.241,3.634,3.241,3.634,6.148,3.241,3.241,2.587,2.587,5.346,6.037,3.241,5.945,3.241,6.224,3.241,6.066,3.241,3.241,3.241,6.224,3.241,3.634,3.241,6.271,3.634,6.148,3.241,6.224,6.294,5.977,3.241,3.241,3.634,3.634,3.634,6.499,3.241,6.248
ref_00854,3.392,3.787,3.392,3.392,6.25,2.732,3.392,3.392,3.392,5.926,6.133,3.392,5.664,2.732,6.069,3.392,5.559,2.732,2.732,2.732,6.428,3.392,3.392,3.392,6.356,3.787,6.069,2.732,6.356,5.664,6.25,3.392,2.732,3.392,3.392,3.392,6.304,3.787,6.356
ref_00855,3.013,3.402,3.013,3.681,6.183,3.402,3.013,3.681,3.402,5.674,6.533,3.013,6.348,3.681,6.475,3.402,6.222,3.402,3.013,3.681,6.445,3.013,3.681,3.013,5.883,3.402,5.674,3.681,6.382,6.314,5.909,3.402,3.402,3.013,3.402,3.402,5.706,3.402,6.505
ref_00856,3.617,3.617,3.617,3.617,5.79,3.225,3.225,3.225,2.571,6.277,6.131,3.225,6.322,3.617,6.157,3.617,5.54,3.617,3.225,3.898,6.604,3.617,3.898,2.571,6.02,3.225,6.518,2.571,6.712,5.895,6.254,3.225,3.617,2.571,3.225,3.225,6.182,3.225,6.104
ref_00857,3.675,3.675,3.282,3.675,5.812,3.282,3.282,3.282,3.675,6.337,6.727,3.675,6.504,3.675,6.137,3.675,5.812,3.282,3.282,3.675,5.955,2.626,3.957,3.282,5.732,2.626,6.019,3.675,6.019,5.988,5.85,3.282,3.282,3.282,3.675,3.282,5.773,3.675,6.896
ref_00858,3.202,3.202,3.202,3.202,5.803,3.202,3.594,3.202,3.875,5.306,6.458,3.202,5.871,3.594,6.612,2.549,5.936,3.202,2.549,3.202,6.053,3.202,3.594,3.594,6.381,3.202,6.158,3.202,6.658,5.904,5.803,3.202,3.202,3.202,3.202,3.202,6.025,3.202,5.967
ref_00859,3.493,3.493,2.83,3.493,6.237,3.493,2.83,2.83,3.493,6.173,6.409,2.83,6.139,2.83,6.382,2.83,6.03,3.493,3.493,3.493,6.104,3.493,3.493,3.493,6.327,2.83,5.663,3.889,5.991,6.068,5.95,3.493,3.493,3.493,2.83,2.83,6.205,2.83,5.717
ref_00860,3.262,3.262,3.262,3.654,6.36,3.654,3.262,3.262,3.262,6.028,6.143,3.654,5.711,3.262,5.998,3.262,5.865,3.654,3.262,3.936,6.245,3.262,3.262,3.654,6.269,3.654,6.169,3.262,6.195,5.998,6.169,3.262,3.654,3.262,3.654,3.654,6.538,3.262,6.463
ref_00861,3.834,3.439,2.778,3.834,5.808,2.778,2.778,3.439,3.834,5.608,6.212,3.439,5.661,2.778,6.048,3.439,6.242,2.778,3.834,3.439,5.761,2.778,3.439,2.778,6.404,3.439,6.404,3.439,6.15,5.761,6.353,3.439,2.778,3.439,3.439,2.778,6.544,3.439,5.808
ref_00862,3.285,2.629,3.678,3.285,6.269,2.629,3.678,2.629,3.678,5.391,5.889,3.285,5.957,3.678,6.506,3.285,5.448,3.285,2.629,3.285,6.167,3.285,3.285,3.285,6.426,3.285,6.022,3.285,6.562,6.022,6.022,3.285,3.285,3.285,3.285,3.285,6.052,3.285,6.167
ref_00863,3.738,3.458,3.069,3.069,6.281,3.458,3.458,3.458,3.458,5.468,6.473,3.458,5.797,3.069,6.686,3.738,6.281,3.069,3.069,3.458,6.407,3.738,3.458,3.458,5.914,3.069,6.281,3.458,6.337,6.137,6.319,3.458,3.458,3.069,3.458,3.458,6.068,3.458,6.424
ref_00864,2.491,3.142,3.142,3.142,5.963,3.533,3.533,3.533,3.813,6.318,5.934,3.142,6.257,3.533,6.75,3.142,5.873,3.533,3.813,3.142,6.872,3.533,3.142,3.813,5.809,3.533,5.775,3.142,6.045,5.934,5.873,3.533,3.533,3.142,3.533,3.142,6.144,3.142,6.318
ref_00865,3.432,3.432,3.432,3.432,6.174,2.771,2.771,3.432,3.827,5.844,6.004,2.771,6.579,3.432,6.397,3.432,6.041,3.432,2.771,2.771,5.967,3.827,3.432,3.827,6.205,2.771,5.6,3.432,6.715,5.419,5.754,3.827,3.432,3.432,3.432,3.432,6.205,3.432,6.174
ref_00866,3.362,3.756,3.756,3.756,6.037,3.362,2.703,3.362,3.756,5.347,5.856,3.362,5.895,3.756,6.102,2.703,5.682,3.756,3.362,3.362,6.273,3.756,3.756,3.362,6.442,3.362,5.682,2.703,6.762,5.969,5.471,2.703,3.362,3.756,3.362,3.756,5.728,2.703,5.932
ref_00867,3.588,3.588,3.196,3.196,6.292,3.869,3.196,3.196,3.588,5.601,6.047,3.588,6.075,3.196,6.248,3.869,5.961,3.588,3.196,3.196,6.248,3.588,3.196,3.869,5.643,3.196,5.723,3.588,6.653,6.177,5.832,3.869,3.196,3.196,3.588,3.196,6.59,3.196,6.201
ref_00868,3.25,2.595,2.595,2.595,6.13,3.642,3.25,3.25,2.595,5.698,6.325,2.595,5.816,3.25,6.016,3.642,5.295,3.25,2.595,3.25,6.645,2.595,3.25,3.25,5.816,3.642,6.016,3.642,6.325,5.466,6.016,3.25,3.25,3.25,3.642,2.595,6.507,3.25,6.325
ref_00869,3.075,3.464,3.744,3.075,6.05,3.464,3.075,3.744,3.464,5.67,6.57,3.464,5.803,3.075,6.666,3.464,6.306,3.075,3.464,3.464,6.343,3.464,3.464,3.075,6.287,3.075,5.771,3.075,6.165,6.413,5.633,3.464,3.075,3.744,3.464,3.464,5.771,3.464,6.494
ref_00870,3.38,2.72,3.38,3.38,6.151,3.774,3.38,2.72,3.38,5.651,6.088,3.38,6.566,3.774,6.318,2.72,6.022,2.72,3.38,3.774,6.21,3.38,3.38,3.38,5.874,3.38,5.546,2.72,6.585,5.913,5.951,3.38,3.38,3.38,3.38,3.38,6.056,2.72,6.056
ref_00871,3.831,3.55,3.159,3.55,6.114,3.831,3.831,3.159,2.507,6.008,6.209,3.159,6.356,3.159,6.551,3.159,5.722,3.159,3.831,3.55,6.413,3.55,3.55,3.831,5.859,3.159,6.316,3.159,6.275,6.162,5.891,3.55,3.831,3.159,3.55,3.159,5.891,3.159,6.449
ref_00872,3.146,2.495,3.146,3.537,6.149,3.146,3.146,3.146,3.146,5.846,6.63,3.146,6.362,3.146,5.938,3.537,5.187,3.146,3.537,3.146,6.149,3.537,3.146,3.146,6.24,3.146,6.075,3.537,6.471,6.049,5.548,3.146,3.537,3.146,2.495,3.537,5.908,3.537,6.454
ref_00873,3.164,3.164,2.513,2.513,6.191,3.556,3.556,3.556,3.164,5.763,6.362,3.556,5.61,3.164,6.362,3.556,5.832,3.556,3.164,3.164,6.54,3.164,3.164,3.164,6.168,3.164,6.014,3.164,6.706,6.144,5.763,3.164,3.164,3.164,3.164,3.556,6.144,3.164,6.094
ref_00874,3.198,3.198,3.589,3.198,5.931,3.198,3.198,3.589,3.198,5.685,6.376,3.589,6.623,3.589,6.741,3.198,5.962,3.87,3.589,3.589,6.754,3.589,3.589,3.198,6.178,3.198,5.602,3.198,6.021,6.178,5.685,3.589,3.198,3.198,3.589,3.589,6.336,3.198,6.154
ref_00875,3.085,3.755,3.755,3.085,5.75,3.476,3.755,3.085,3.476,6.176,6.566,3.755,6.037,3.085,6.506,3.085,6.012,3.476,3.476,3.755,6.552,3.085,3.755,3.085,5.607,3.085,6.408,3.476,6.109,6.299,5.845,3.085,3.755,3.755,3.476,3.476,6.259,3.476,6.037
ref_00876,3.369,3.369,3.369,3.369,6.169,3.369,3.369,2.71,3.369,5.902,5.863,3.369,6.198,3.369,6.534,2.71,6.044,3.369,3.369,3.369,6.306,3.763,3.369,3.763,5.64,2.71,5.822,3.369,5.822,5.354,6.14,3.369,3.369,3.369,3.369,2.71,6.14,3.369,6.226
ref_00877,3.692,3.299,3.692,3.299,5.938,3.299,3.299,3.299,3.299,5.749,6.181,3.299,6.154,3.299,7.0,3.299,5.516,3.299,3.299,3.299,6.283,3.299,3.299,3.692,6.004,3.692,6.376,3.299,6.817,5.567,6.154,3.692,3.299,3.299,3.692,3.299,6.125,3.692,6.207
ref_00878,3.534,3.534,2.492,3.534,5.874,3.814,3.814,3.534,3.534,6.214,6.378,3.814,5.874,3.534,5.843,3.534,5.964,3.534,3.143,3.143,6.55,3.534,3.534,3.814,6.581,3.534,6.32,3.534,6.169,6.214,6.433,3.814,3.534,3.143,3.534,3.143,5.992,3.534,6.502
ref_00879,3.474,3.474,2.811,3.474,6.083,2.811,2.811,3.474,3.474,6.217,6.083,2.811,5.697,2.811,6.439,2.811,6.185,2.811,2.811,3.474,5.97,3.474,2.811,3.474,6.185,3.474,6.118,2.811,6.512,5.748,6.362,3.869,3.474,3.474,2.811,3.474,6.083,3.474,5.887
ref_00880,3.416,3.416,3.416,3.913,6.198,3.695,3.416,3.695,3.416,5.721,6.762,3.027,6.157,3.027,6.49,3.416,5.688,3.416,3.027,3.695,6.115,3.027,3.695,3.416,5.842,3.027,6.396,3.027,6.444,6.346,5.62,3.416,3.695,3.416,3.027,3.695,5.924,3.027,6.218
ref_00881,3.403,3.014,3.403,3.682,6.164,3.014,3.682,3.014,3.403,6.164,5.936,3.014,6.315,3.014,6.69,3.403,5.166,3.014,3.014,3.014,6.399,3.014,3.682,3.682,6.034,3.403,5.532,3.403,6.935,5.857,6.315,3.403,3.9,3.014,3.403,3.014,6.184,3.682,6.223
ref_00882,3.327,3.72,3.327,3.72,5.932,3.327,2.669,2.669,3.72,5.435,6.741,3.327,6.383,3.327,6.065,2.669,5.858,3.327,3.72,3.72,6.183,3.327,3.72,3.72,5.778,3.327,6.288,3.327,5.967,6.405,6.033,3.327,3.327,2.669,3.72,2.669,6.51,3.72,6.288
ref_00883,3.3,3.3,3.3,3.693,5.617,3.693,3.3,2.643,3.3,5.708,6.098,2.643,6.127,3.693,6.745,3.3,6.155,3.3,3.3,2.643,6.463,2.643,3.693,2.643,5.939,3.3,6.483,3.693,6.378,6.155,5.518,3.693,3.693,3.693,3.3,3.693,5.973,3.3,5.75
ref_00884,3.459,3.459,3.459,3.958,6.069,3.07,3.07,3.739,3.459,5.798,6.115,3.07,6.52,3.07,6.425,3.07,5.424,3.459,3.459,3.459,6.634,3.459,3.459,3.739,6.181,3.459,6.138,3.739,5.995,5.828,6.489,3.459,3.459,3.459,3.07,3.07,6.115,3.739,6.338
ref_00885,2.734,3.394,2.734,3.394,6.103,3.394,3.394,3.394,2.734,5.504,6.357,2.734,6.07,3.394,6.382,2.734,5.443,3.394,3.788,2.734,6.518,2.734,3.394,2.734,6.134,2.734,5.714,3.394,6.6,6.224,5.761,2.734,2.734,3.394,3.394,2.734,6.224,3.394,6.638
ref_00886,3.46,3.071,3.959,3.959,5.97,3.071,3.071,3.46,3.46,6.093,6.339,3.071,5.97,3.74,6.475,3.74,6.116,3.071,3.74,3.071,6.321,3.74,3.74,3.74,5.47,3.74,6.046,3.959,6.688,5.512,6.635,3.46,3.959,3.46,3.74,3.071,6.182,3.071,6.224
ref_00887,3.474,3.474,3.474,3.474,5.697,3.474,2.811,2.811,3.474,5.697,6.488,3.474,5.586,3.869,6.306,3.474,6.118,3.474,2.811,3.474,6.621,2.811,3.869,2.811,6.009,3.474,6.334,3.474,5.887,5.461,6.185,2.811,3.474,3.474,3.474,2.811,6.009,3.474,6.306
ref_00888,2.675,3.333,3.333,3.333,6.072,3.333,3.333,3.727,3.333,5.742,6.319,3.333,5.552,2.675,6.455,3.727,6.102,2.675,2.675,3.333,6.343,3.333,3.727,3.333,6.217,3.333,6.161,3.333,6.161,6.319,5.698,3.333,2.675,3.333,3.333,3.333,5.742,3.727,6.412
ref_00889,3.71,3.43,3.71,3.43,6.151,3.928,3.71,3.041,3.041,5.857,6.289,3.43,6.039,3.041,6.271,3.71,5.828,3.43,3.71,3.928,6.459,3.71,3.71,3.041,5.857,3.71,6.129,3.43,6.039,6.232,6.459,3.041,3.43,3.041,3.43,3.43,6.361,3.041,6.49
ref_00890,3.505,3.785,3.505,3.505,6.472,3.505,3.785,3.505,3.505,5.712,6.403,3.785,6.695,3.505,6.163,3.785,6.042,3.115,3.785,3.115,6.472,3.505,3.785,3.505,6.505,3.785,5.712,3.115,6.228,5.934,5.747,3.115,3.505,3.115,3.115,3.505,6.367,3.505,6.228
ref_00891,3.014,3.403,3.682,3.682,5.8,3.403,3.9,3.682,3.682,6.057,6.415,3.682,6.332,3.403,6.315,3.014,6.297,3.403,3.9,3.682,6.446,3.403,3.682,3.9,6.122,3.682,6.399,3.403,6.079,5.828,6.279,3.682,3.682,3.403,3.682,3.403,5.91,3.014,6.164
ref_00892,3.156,2.504,2.504,2.504,6.353,3.547,2.504,3.547,3.156,5.514,6.669,3.547,6.391,3.156,6.11,3.547,5.754,3.156,3.547,3.156,6.446,3.547,3.156,3.156,6.313,3.547,6.292,3.547,6.498,6.205,5.789,3.156,3.547,3.547,2.504,3.156,5.888,3.156,6.228
ref_00893,3.508,2.845,3.23,3.508,6.342,3.508,3.508,3.508,3.508,5.944,6.298,3.508,6.327,3.23,5.901,3.725,6.006,3.508,2.845,3.508,6.737,3.508,2.845,3.23,6.298,3.23,6.101,3.508,6.384,5.706,6.204,3.23,3.508,2.845,3.508,2.845,6.237,3.508,6.327
ref_00894,3.366,3.366,2.978,3.645,5.972,2.978,3.366,3.645,2.978,5.762,6.328,3.366,6.328,3.366,6.408,2.978,5.67,3.645,3.366,2.978,6.259,2.978,3.366,3.366,6.294,3.366,6.438,3.863,6.106,5.846,6.377,2.978,2.978,2.978,3.645,2.978,5.972,3.366,6.496
ref_00895,3.447,3.447,2.785,3.447,6.157,2.785,2.785,3.841,3.447,5.434,6.278,3.447,6.019,3.447,6.594,3.447,5.72,3.841,2.785,3.447,5.982,3.841,3.447,3.841,5.982,3.447,6.551,2.785,6.278,5.815,5.769,3.447,3.447,3.841,3.447,3.447,5.669,2.785,6.157
ref_00896,3.455,3.455,3.734,3.065,5.761,3.065,3.455,3.455,3.065,6.133,6.258,3.455,6.403,3.065,6.296,3.734,5.937,3.455,3.455,3.455,6.42,3.455,3.455,3.065,6.218,3.065,6.5,3.455,6.386,5.793,5.66,3.734,3.455,3.734,3.455,3.734,6.484,3.455,5.882
ref_00897,3.225,3.225,2.571,3.225,6.104,3.225,3.225,3.617,3.225,5.386,6.482,3.617,5.826,3.225,6.207,3.225,5.329,3.225,3.617,3.225,6.5,3.225,2.571,3.617,6.104,3.225,5.586,2.571,6.682,6.131,5.79,3.225,3.225,2.571,2.571,3.617,6.254,2.571,6.727
ref_00898,2.554,2.554,3.6,3.6,6.346,3.208,3.208,3.208,3.208,5.735,5.942,3.208,6.426,3.881,6.5,3.208,5.772,3.208,3.6,3.6,6.237,3.208,3.208,3.6,6.002,3.208,5.91,3.208,6.679,5.844,6.164,3.6,3.208,3.208,3.208,3.208,6.189,3.208,6.482
ref_00899,3.497,3.107,3.497,3.107,5.59,3.107,3.497,3.107,3.107,5.55,6.282,3.107,6.008,3.777,6.646,3.497,5.897,3.107,3.777,3.107,6.301,3.107,3.497,3.497,6.301,3.107,6.395,3.497,6.589,5.368,5.867,3.107,3.497,3.497,3.497,3.107,5.954,3.497,6.48
ref_00900,3.705,2.654,3.311,3.311,5.985,3.311,3.705,3.311,3.311,6.017,6.272,3.311,5.916,3.705,6.741,3.311,6.32,3.311,3.311,3.705,6.272,3.311,3.311,3.311,5.675,3.705,5.916,3.311,6.246,5.629,5.72,3.705,3.311,3.705,3.705,3.311,6.017,3.311,5.803
ref_00901,3.313,2.655,2.655,3.313,6.168,3.313,3.313,3.313,2.655,5.477,5.952,2.655,5.843,2.655,6.298,3.313,6.195,3.313,2.655,3.313,6.298,3.313,2.655,3.313,6.273,2.655,5.917,3.313,6.644,6.222,6.14,3.706,2.655,3.706,3.313,3.313,5.721,3.706,6.476
ref_00902,2.769,3.431,3.431,2.769,6.039,3.825,3.431,3.431,3.431,5.926,6.108,2.769,6.29,3.825,6.141,2.769,5.599,2.769,3.431,3.431,6.444,2.769,2.769,3.431,6.039,3.431,6.395,3.431,6.074,6.003,5.799,3.431,2.769,3.431,2.769,2.769,5.843,2.769,6.203
ref_00903,2.586,3.24,3.633,3.633,5.877,3.24,2.586,3.633,3.24,5.285,6.223,2.586,6.12,2.586,6.569,3.633,5.285,3.24,3.633,3.24,6.46,3.633,3.24,3.24,6.006,3.24,6.338,2.586,6.38,5.646,6.093,2.586,2.586,3.24,3.24,3.24,5.602,3.24,6.498
ref_00904,3.128,3.128,3.128,3.799,5.572,3.519,3.519,3.519,3.519,5.53,6.566,3.799,6.343,3.128,6.735,3.128,5.795,3.128,3.128,3.128,6.469,3.519,3.519,2.478,6.199,3.128,5.89,3.128,6.417,5.69,6.417,3.519,3.128,3.799,3.128,3.128,6.399,3.519,5.89
ref_00905,3.392,3.787,3.392,2.732,6.069,2.732,3.392,3.392,3.392,5.846,6.727,2.732,6.164,2.732,6.428,3.392,6.069,3.787,3.787,2.732,6.404,3.392,3.392,3.392,6.278,2.732,5.759,3.392,6.692,6.428,5.664,2.732,3.392,3.392,3.392,3.392,6.193,2.732,5.713
ref_00906,3.282,3.282,2.626,3.282,6.05,3.282,3.675,2.626,2.626,5.196,6.424,2.626,6.523,3.282,6.504,2.626,6.08,3.282,3.282,2.626,6.578,3.282,3.282,2.626,5.886,3.282,5.389,3.282,6.191,5.85,5.85,2.626,3.282,3.282,3.282,3.675,6.137,3.675,6.314
ref_00907,2.989,3.657,2.989,3.875,6.053,3.657,2.989,3.378,2.989,5.803,5.774,3.657,5.985,3.657,6.688,2.989,5.544,2.989,3.378,3.378,6.48,2.989,3.378,2.989,6.138,3.657,6.254,3.378,6.217,6.031,6.178,2.989,2.989,3.378,3.657,3.657,6.389,2.989,6.734
ref_00908,3.504,3.504,3.504,2.841,5.828,2.841,3.504,3.504,3.504,5.828,6.079,3.504,6.184,3.504,6.589,2.841,5.779,3.504,3.504,2.841,6.184,3.504,2.841,3.504,6.002,2.841,6.15,3.504,6.279,5.617,6.002,3.504,2.841,3.504,3.504,3.504,6.543,2.841,5.728
ref_00909,3.6,3.321,3.321,2.934,5.686,3.6,2.934,3.817,3.321,5.902,6.407,3.6,6.213,3.817,6.436,3.321,6.265,3.321,2.934,3.817,6.331,3.6,3.6,3.6,5.409,3.321,6.421,2.934,6.73,6.08,6.248,3.817,3.321,3.321,3.6,2.934,5.995,2.934,6.73
ref_00910,3.13,2.48,3.13,3.13,5.797,3.13,3.521,3.13,3.13,6.006,6.472,3.13,5.922,3.13,6.032,3.13,5.861,3.13,3.13,2.48,6.521,3.521,3.801,3.13,6.346,3.13,6.245,3.13,6.201,6.108,5.829,3.521,3.13,3.13,3.521,3.521,6.628,3.13,6.346
ref_00911,3.812,3.532,3.141,3.141,5.808,3.141,3.141,3.141,3.141,5.626,5.961,3.532,6.466,3.141,6.19,3.812,5.499,3.812,3.532,3.812,6.483,3.812,3.532,3.532,6.043,3.532,6.069,3.532,6.667,6.119,6.337,3.532,3.532,2.49,3.141,3.812,6.394,3.532,6.483
ref_00912,3.574,3.574,3.574,3.854,5.745,3.574,3.854,3.182,3.574,5.586,6.696,3.182,6.112,3.574,6.255,3.574,5.915,3.574,3.182,3.182,6.186,3.574,3.574,3.854,5.883,3.574,6.186,3.182,6.542,5.447,6.399,3.574,3.182,3.574,3.182,3.182,5.708,2.53,6.696
ref_00913,4.001,3.502,3.782,3.502,6.013,3.502,3.502,3.112,3.502,5.986,5.959,3.502,6.159,3.502,6.928,3.502,6.345,3.502,3.502,3.782,6.136,3.782,3.112,3.782,5.872,3.112,6.013,3.112,6.651,5.672,5.672,3.112,3.112,3.782,3.112,3.112,6.113,3.782,6.623
ref_00914,3.357,2.698,3.357,3.357,6.241,3.357,3.357,3.751,3.357,5.723,6.673,2.698,5.927,3.751,5.809,3.357,5.405,3.357,3.751,3.357,6.48,3.357,2.698,3.357,5.628,2.698,5.809,3.357,6.319,5.809,5.927,3.357,3.357,3.751,2.698,3.751,6.065,3.357,6.368
ref_00915,3.416,3.695,3.416,3.416,6.136,3.695,3.416,3.416,3.416,6.293,6.275,3.027,5.655,3.416,6.603,3.027,6.07,3.416,3.416,3.027,6.444,3.027,3.416,3.695,5.507,3.695,6.115,3.027,6.762,6.198,6.444,3.416,3.027,3.695,3.695,3.027,5.897,3.416,6.642
ref_00916,3.183,3.183,3.575,3.183,6.321,3.183,3.183,3.183,3.183,5.226,6.381,3.183,6.211,3.183,6.361,2.531,6.087,3.575,3.575,3.183,6.3,3.575,3.575,3.575,6.163,3.183,5.747,2.531,6.321,6.361,6.278,3.575,2.531,3.575,3.183,2.531,6.42,3.183,6.51
ref_00917,3.01,3.399,3.399,3.896,5.853,3.678,3.678,3.678,3.678,5.853,6.379,3.678,6.662,3.399,6.472,3.01,5.362,3.399,3.399,3.678,6.8,3.399,3.399,3.399,5.958,3.01,6.238,3.399,6.572,5.528,5.766,3.399,3.01,3.678,3.678,3.01,6.053,3.01,6.311
ref_00918,3.143,3.534,3.143,3.814,5.81,3.143,3.143,3.534,3.534,5.667,6.415,3.534,6.433,3.143,6.534,3.534,5.776,3.534,3.534,3.534,6.339,3.143,3.143,3.143,6.146,3.143,6.169,3.534,6.627,5.964,6.146,3.534,3.534,3.534,3.534,3.143,6.072,3.534,6.597
ref_00919,3.508,3.508,3.789,3.118,5.75,3.118,3.789,3.118,3.118,5.428,5.909,3.118,6.442,3.118,6.6,3.118,5.561,3.508,2.468,3.508,6.643,3.118,3.508,3.789,6.166,3.508,6.071,3.789,6.253,6.253,5.937,3.508,3.118,3.508,3.118,3.508,6.75,3.118,6.685
ref_00920,3.402,2.742,3.402,3.402,5.936,3.796,3.402,3.402,3.402,6.01,6.527,3.402,5.936,3.402,6.665,3.402,5.569,3.402,2.742,2.742,6.737,3.402,3.402,3.402,5.674,3.796,6.143,3.402,5.973,6.232,6.079,2.742,3.796,3.402,3.402,3.402,6.548,2.742,5.856
ref_00921,3.346,3.346,3.74,3.346,5.987,3.346,3.346,3.74,2.688,6.116,6.333,2.688,5.617,3.74,6.333,2.688,5.756,3.74,2.688,2.688,5.987,3.346,2.688,3.346,5.566,2.688,5.952,3.346,6.283,6.308,6.116,2.688,3.346,3.346,3.346,3.346,6.333,3.346,6.283
ref_00922,2.985,3.652,2.985,3.373,5.611,3.652,3.373,3.373,3.373,5.709,6.231,3.373,6.446,3.373,6.352,2.985,5.956,3.652,3.373,2.985,6.623,3.652,2.985,3.373,6.249,2.985,6.302,3.373,6.518,6.431,5.769,2.985,3.373,2.985,2.985,2.985,6.113,3.652,6.635
ref_00923,3.333,3.333,3.333,3.333,5.698,3.333,3.333,3.333,3.333,5.865,5.865,2.675,5.742,3.333,6.612,3.333,5.652,3.333,2.675,3.333,6.269,3.727,3.333,3.727,6.007,2.675,5.865,3.333,6.594,6.132,5.826,2.675,3.727,2.675,3.333,3.333,5.826,3.333,6.189
ref_00924,3.033,3.033,3.033,3.033,5.957,3.422,3.422,3.033,3.422,5.849,6.403,3.702,5.849,3.422,6.734,3.702,6.143,3.422,3.033,3.422,6.583,3.422,3.422,3.422,6.143,3.033,6.205,3.033,6.185,5.982,6.435,3.422,3.422,3.702,3.422,3.422,6.318,3.033,6.451
ref_00925,3.053,3.053,3.053,3.722,6.226,3.941,3.722,3.443,3.443,6.164,5.898,3.443,6.205,3.443,6.644,3.053,5.716,3.053,3.053,3.941,6.265,3.053,3.722,3.053,6.164,3.722,5.78,3.053,6.302,5.682,6.098,3.443,3.443,3.443,3.722,3.053,6.576,3.722,6.644
ref_00926,3.784,3.504,3.504,3.504,5.989,3.114,3.784,4.003,3.114,5.674,6.596,3.504,6.366,3.504,6.328,3.784,6.139,3.504,3.114,3.504,6.091,3.504,3.114,3.114,6.471,3.504,5.933,3.114,6.289,5.961,6.309,3.784,3.504,3.114,3.784,3.504,6.384,3.784,6.115
ref_00927,2.694,3.353,2.694,2.694,6.34,3.747,2.694,3.353,3.747,5.923,6.06,3.353,6.364,3.747,6.237,2.694,5.624,3.353,3.353,2.694,5.805,3.353,3.353,3.353,6.432,3.747,6.432,3.747,6.557,6.387,6.06,3.747,3.747,3.353,3.353,3.353,5.719,3.353,6.41
ref_00928,3.733,3.454,3.454,3.064,5.963,3.454,3.454,3.454,3.064,5.585,6.154,3.733,6.039,3.454,6.217,3.064,5.546,3.733,3.733,3.064,6.385,3.064,3.733,3.454,6.175,3.733,6.132,3.454,6.402,6.514,6.467,3.733,3.064,3.064,3.454,3.454,6.368,3.733,6.332
ref_00929,3.116,3.116,3.506,3.116,5.517,3.787,3.506,3.116,3.787,5.378,6.141,3.787,6.538,3.506,6.271,3.506,5.814,3.506,3.506,3.506,6.186,3.506,3.506,3.506,6.093,3.506,5.814,3.116,6.748,6.093,5.935,3.506,3.506,3.787,3.506,3.787,6.093,3.506,6.456
ref_00930,3.267,3.267,3.267,3.267,5.87,3.267,3.267,2.611,3.267,5.796,6.468,3.659,6.487,3.267,6.506,3.659,5.583,3.659,3.267,3.267,6.321,3.267,3.267,3.659,6.148,3.659,5.757,2.611,6.428,6.092,6.174,3.659,3.659,3.267,3.267,3.267,5.87,3.267,6.321
ref_00931,3.084,3.475,3.084,3.754,5.715,2.436,3.754,3.084,3.475,5.874,6.457,3.084,6.238,3.084,5.985,3.084,5.844,3.475,3.084,3.754,6.608,3.084,3.475,3.084,6.335,3.084,5.813,3.475,6.258,5.931,6.258,3.084,3.084,3.084,3.084,3.084,6.084,3.475,6.298
ref_00932,3.043,3.043,3.043,3.432,6.363,3.432,3.043,3.043,3.432,5.738,6.507,3.043,6.477,3.432,6.087,3.712,5.25,3.043,3.432,3.432,6.671,3.432,3.432,3.712,5.8,3.432,6.087,3.043,6.802,6.254,6.215,3.432,3.043,3.432,3.043,3.043,5.859,3.043,6.215
ref_00933,3.787,3.116,3.116,3.506,5.935,3.506,3.116,3.116,3.116,6.311,6.186,3.506,6.422,3.116,6.655,3.116,5.935,3.116,3.116,3.116,6.164,3.506,3.506,3.506,6.117,3.116,6.186,3.787,5.963,6.043,6.186,3.116,3.506,3.506,3.787,3.116,6.522,3.506,6.538
ref_00934,3.189,3.189,3.189,3.58,5.953,3.189,3.189,3.58,3.189,5.789,6.462,3.58,6.217,3.189,6.515,3.189,6.039,3.189,3.189,3.189,6.498,3.58,3.189,2.536,6.284,3.58,6.169,3.58,6.566,5.635,5.548,3.58,3.58,3.189,3.189,3.189,6.144,3.189,6.689
ref_00935,3.699,3.42,3.42,3.03,5.787,3.03,3.03,3.42,3.699,5.624,6.658,3.03,6.448,3.03,6.222,3.03,5.874,3.699,3.42,3.42,6.494,3.03,3.42,3.03,6.222,3.42,6.26,3.699,6.646,6.297,6.182,3.42,3.03,3.42,3.699,3.42,6.074,3.42,5.757
ref_00936,3.702,3.702,3.033,3.422,6.077,3.033,3.422,3.033,3.422,5.849,6.583,3.702,6.387,3.702,6.596,3.422,5.849,3.422,3.422,3.422,6.555,3.422,3.92,3.92,5.661,3.422,6.143,3.033,6.583,6.121,5.661,3.702,3.422,3.92,3.702,3.422,5.877,3.422,6.526
ref_00937,3.714,3.714,3.32,3.32,5.539,3.32,3.714,2.663,2.663,6.058,6.399,2.663,6.399,3.32,6.119,3.32,6.176,3.32,3.714,3.32,6.33,3.714,3.32,3.32,5.729,3.32,6.256,3.32,5.925,6.256,6.176,2.663,3.32,3.32,2.663,3.714,6.256,3.32,6.119
ref_00938,3.244,3.244,3.636,3.917,6.176,3.636,3.244,3.636,3.244,5.846,6.746,3.636,6.124,3.244,6.501,3.636,5.288,3.244,3.244,3.244,6.01,3.244,3.244,3.244,6.424,3.244,5.915,3.244,6.124,5.772,6.424,3.244,3.244,3.636,3.244,3.636,6.04,3.636,5.692
ref_00939,3.229,3.229,3.229,3.229,6.108,3.229,3.621,2.574,3.229,5.717,6.557,3.621,5.994,3.229,6.701,3.229,5.59,3.621,3.229,3.229,6.504,3.229,3.621,3.229,6.258,3.229,5.865,3.229,6.108,6.485,6.235,2.574,3.621,3.229,3.621,3.621,6.211,3.229,6.211
ref_00940,3.097,3.097,3.488,3.097,5.887,3.768,3.488,3.488,3.097,5.827,6.098,3.097,6.403,3.488,6.311,3.097,6.049,3.097,3.488,3.097,6.167,3.097,3.488,3.488,5.916,3.097,6.144,3.488,6.403,5.916,5.887,3.097,3.097,3.488,3.097,3.488,6.311,3.488,6.454
ref_00941,3.152,3.543,3.543,3.823,5.819,3.152,2.5,3.543,3.543,6.201,6.51,3.543,6.223,3.823,6.772,3.543,5.819,3.543,3.152,3.543,5.914,3.543,3.543,3.543,6.13,3.543,6.13,3.152,6.245,6.328,6.387,3.543,3.543,3.152,3.152,3.543,6.368,3.543,5.637
ref_00942,3.588,3.805,3.588,3.309,6.423,3.309,2.922,3.805,3.309,6.004,6.544,2.922,6.652,3.588,6.201,2.922,5.865,2.922,3.309,3.588,6.409,3.588,3.588,3.588,5.703,3.588,6.334,3.588,6.365,5.51,5.865,3.588,3.588,3.588,2.922,3.309,6.38,3.309,6.026
ref_00943,3.528,3.528,3.808,3.528,6.251,3.528,3.528,3.528,3.528,5.77,6.635,3.137,6.39,3.528,6.677,3.137,5.622,2.486,3.808,3.528,5.898,3.528,3.528,3.808,6.23,3.137,5.898,3.528,6.478,6.293,5.735,3.528,3.528,3.808,3.808,3.808,6.065,3.808,6.333
ref_00944,3.627,3.234,3.627,3.627,6.217,2.58,3.234,3.234,3.234,5.64,6.241,3.234,6.692,3.234,5.905,3.234,5.938,3.234,3.234,3.234,6.613,3.627,3.627,3.234,5.8,3.627,5.683,3.234,6.473,6.287,6.58,3.234,3.234,3.234,3.234,3.627,6.415,3.234,5.836
ref_00945,3.341,3.735,3.735,3.341,6.08,3.341,3.341,3.341,3.341,5.91,6.197,3.341,6.015,3.735,6.707,3.341,6.015,3.735,3.341,2.683,6.505,3.341,3.735,3.735,6.048,3.735,5.66,3.341,6.602,5.834,6.375,3.341,3.735,3.341,3.735,3.341,6.225,3.341,6.602
ref_00946,3.459,3.459,3.459,3.07,5.915,3.459,3.07,3.459,3.07,5.33,6.535,3.07,6.52,3.459,6.505,3.739,5.7,3.07,3.07,3.459,6.441,3.07,3.739,3.739,6.301,3.07,5.887,3.459,6.045,5.733,5.552,3.459,3.07,3.07,3.07,3.07,6.408,2.422,6.607
ref_00947,3.12,3.511,3.12,3.511,6.315,3.12,3.511,3.511,3.12,5.995,6.022,3.12,6.022,3.12,6.478,3.511,5.643,3.12,3.791,3.12,6.752,3.511,3.12,3.12,6.097,3.511,6.022,2.47,6.097,5.94,6.426,3.12,3.791,3.12,3.12,3.511,6.354,3.791,6.255
ref_00948,3.401,3.68,3.401,3.012,6.295,3.68,3.401,3.012,3.401,6.077,5.882,3.401,6.381,3.012,6.489,3.401,6.099,3.401,3.68,3.012,6.24,3.012,3.012,3.401,5.568,3.012,6.277,3.401,6.413,6.221,6.121,3.68,3.68,3.012,3.401,3.401,5.604,3.012,6.381
ref_00949,3.234,2.58,3.627,3.234,5.549,3.234,3.627,3.234,3.908,6.287,5.762,3.627,6.492,3.234,6.395,3.234,5.596,3.627,3.627,3.234,6.192,3.234,3.627,3.234,6.287,3.234,6.264,3.908,5.969,6.059,6.434,3.234,3.234,3.234,3.627,2.58,6.167,3.234,6.0
ref_00950,2.754,3.415,3.809,3.415,6.124,2.754,3.415,3.415,3.415,5.687,6.767,3.415,6.092,3.415,6.156,3.809,5.949,3.415,2.754,3.415,6.187,3.809,2.754,2.754,6.403,3.809,6.217,3.809,6.403,6.246,5.736,3.415,3.415,3.415,3.809,3.415,6.379,3.415,5.827
ref_00951,3.601,3.209,3.601,3.209,6.166,3.209,3.601,3.209,3.209,6.166,6.348,3.209,6.501,3.209,6.283,3.601,5.845,3.882,3.601,3.601,5.974,3.209,3.209,3.601,5.697,3.209,5.974,3.601,6.724,5.845,6.283,3.882,3.209,3.882,3.601,3.209,6.032,3.882,6.665
ref_00952,3.064,3.454,3.064,3.064,5.963,3.064,3.064,3.733,3.454,5.505,6.467,3.454,6.706,3.064,6.132,3.454,6.039,3.454,3.733,3.064,6.693,3.454,3.064,3.064,6.295,3.454,5.963,3.064,6.435,6.086,6.086,3.454,3.064,3.064,3.064,3.454,6.175,3.733,6.237
ref_00953,3.618,3.226,3.226,3.226,5.674,3.226,3.618,3.618,3.226,6.208,6.232,3.618,6.386,3.618,6.365,3.226,5.961,3.226,3.226,3.618,6.464,3.899,3.618,3.226,5.896,3.618,6.571,3.226,6.078,5.961,6.232,3.618,3.899,3.226,3.618,3.618,5.992,3.618,6.406
ref_00954,3.615,3.337,3.337,3.615,5.639,3.337,2.949,3.337,3.337,6.193,6.521,2.949,6.229,3.337,6.48,3.337,5.788,2.949,2.949,3.615,6.315,3.833,3.615,3.615,6.281,3.615,5.893,3.337,6.692,6.054,6.229,3.337,2.949,3.337,2.949,3.615,5.842,3.833,6.193
ref_00955,2.637,3.687,3.294,3.294,5.701,3.294,3.294,3.687,3.687,5.511,6.061,3.294,6.435,3.294,6.278,3.687,5.657,3.294,2.637,3.687,6.589,3.294,3.294,3.294,6.393,3.294,5.999,3.294,6.414,5.785,5.457,3.294,2.637,3.687,3.294,3.294,6.456,3.294,6.202
ref_00956,3.108,3.498,3.498,3.108,6.283,3.498,3.498,3.498,3.498,5.927,6.085,3.108,6.302,3.498,6.302,3.108,5.668,3.498,3.498,3.108,6.513,3.778,3.498,3.778,5.898,3.108,6.221,3.108,6.59,5.898,6.396,3.108,3.108,3.108,3.498,3.778,5.868,3.108,5.982
ref_00957,2.97,3.638,3.638,3.359,5.839,3.638,3.638,3.638,3.638,5.811,6.489,3.359,6.159,2.97,6.077,3.359,5.839,3.359,3.638,3.856,6.726,3.359,3.359,3.359,6.475,3.638,5.839,3.359,6.557,5.891,6.446,3.638,2.97,3.856,3.359,2.97,6.234,3.359,6.851
ref_00958,3.227,3.62,3.62,2.573,5.589,3.227,3.227,3.227,3.227,5.589,6.387,3.62,6.387,3.62,6.606,3.227,6.107,3.227,3.62,3.62,6.346,3.62,3.227,3.227,6.484,3.62,6.257,3.227,6.367,6.08,6.107,3.227,3.227,2.573,3.227,3.227,5.993,2.573,6.159
ref_00959,3.173,3.565,3.845,3.565,6.268,3.565,3.565,3.173,3.565,6.153,6.331,3.173,5.773,3.565,6.55,3.173,5.66,3.565,3.173,3.173,5.841,3.845,3.565,3.565,5.841,2.521,5.906,3.173,6.673,5.966,6.331,2.521,3.173,3.173,3.565,3.173,6.371,3.565,6.351
ref_00960,3.54,3.54,3.149,3.149,6.439,3.149,3.54,3.54,3.54,5.748,6.152,3.54,6.439,3.149,6.744,3.821,5.97,3.54,3.54,2.498,5.849,3.54,3.149,3.54,5.97,3.149,6.078,3.149,6.704,6.243,5.783,3.149,3.149,3.54,3.54,3.149,6.346,2.498,5.748
ref_00961,2.749,3.409,3.804,2.749,5.943,3.409,3.409,3.409,3.804,5.395,6.373,2.749,6.181,3.409,6.181,3.409,5.821,3.409,2.749,2.749,6.119,2.749,3.409,3.804,5.981,2.749,5.682,3.409,6.017,6.24,6.295,3.409,2.749,3.409,2.749,2.749,6.119,2.749,6.635
ref_00962,3.216,3.608,3.608,3.608,5.95,3.608,3.608,3.216,3.608,6.245,6.221,3.216,6.068,3.216,6.095,3.216,6.245,3.608,3.608,3.608,6.626,3.608,3.608,3.216,6.245,3.216,5.53,3.216,6.773,6.147,5.431,3.216,3.216,3.216,3.216,3.608,6.068,3.889,5.781
ref_00963,3.731,3.062,3.062,3.731,6.235,3.452,3.062,3.452,3.452,6.012,6.293,3.452,6.061,3.062,6.833,3.452,6.215,3.731,3.731,3.062,6.293,3.731,3.062,3.062,6.012,3.452,6.293,3.452,6.194,6.312,5.656,3.452,3.062,3.062,3.452,3.062,5.82,3.452,6.465
ref_00964,3.341,3.735,2.683,2.683,5.982,3.341,3.735,3.341,3.341,5.793,5.793,3.341,6.14,3.341,6.169,2.683,5.91,3.341,3.341,3.341,6.351,3.341,3.341,3.341,6.015,3.735,6.584,3.735,6.303,5.506,6.327,3.341,3.341,3.735,3.341,3.341,6.111,3.341,5.873
ref_00965,3.541,3.541,3.541,3.541,5.792,3.263,3.263,3.541,3.541,6.079,6.404,2.876,5.978,3.758,6.711,3.541,5.935,3.541,3.263,3.263,6.286,2.876,3.263,3.263,6.059,3.263,6.238,3.541,6.888,6.332,5.388,2.876,3.263,3.263,3.541,3.541,6.059,3.541,5.842
ref_00966,3.752,2.699,3.752,2.699,6.158,3.358,3.358,3.752,2.699,5.274,6.393,2.699,5.851,3.752,6.345,3.752,5.678,3.752,3.358,3.752,6.066,2.699,3.358,3.358,6.098,3.358,6.215,3.358,6.481,5.407,5.724,2.699,3.358,3.358,3.358,2.699,6.393,3.358,6.32
ref_00967,3.304,2.647,3.304,3.304,6.072,3.697,3.304,3.304,3.304,5.468,6.403,3.304,6.545,3.304,5.754,3.304,5.621,3.304,3.304,3.304,5.977,3.304,3.697,3.304,6.213,3.697,6.041,2.647,6.545,5.754,5.977,3.304,2.647,3.304,3.304,3.304,6.072,2.647,6.403
ref_00968,3.636,3.244,3.636,3.244,6.124,3.244,3.636,3.244,2.589,5.692,6.464,3.244,6.297,3.244,6.52,3.244,6.04,3.636,3.244,3.244,6.424,3.244,3.244,2.589,6.01,3.244,6.01,3.244,6.404,5.156,6.069,3.244,3.244,3.636,2.589,3.636,5.692,3.244,6.341
ref_00969,3.567,3.567,3.175,3.175,6.353,3.175,3.175,3.567,3.175,5.278,6.079,3.175,6.313,3.175,6.353,3.175,5.908,3.175,3.567,3.567,6.155,2.523,3.175,3.567,6.053,3.175,5.81,3.175,6.895,5.908,6.203,3.175,3.567,3.567,3.175,3.175,5.701,3.175,6.053
ref_00970,3.328,3.328,3.328,3.328,6.457,3.824,3.607,2.94,3.328,6.306,6.525,3.328,6.22,2.94,6.576,2.94,5.598,3.328,3.328,3.607,6.306,3.607,3.824,3.328,6.107,3.607,6.202,3.328,6.002,6.066,6.202,3.607,3.328,3.607,3.607,3.824,5.779,3.607,6.184
ref_00971,3.404,2.743,3.404,2.743,5.389,3.798,2.743,3.404,2.743,5.937,5.898,2.743,6.439,2.743,6.416,3.404,5.937,2.743,3.404,2.743,6.175,3.404,3.404,3.404,6.113,3.404,6.175,3.404,6.462,6.316,5.771,3.404,2.743,2.743,3.404,3.798,5.625,2.743,5.857
ref_00972,3.257,2.602,3.649,2.602,6.023,3.257,3.649,2.602,3.257,6.023,6.333,3.257,5.86,2.602,6.653,3.257,5.928,3.257,3.649,3.257,6.138,3.257,3.649,3.257,5.895,3.257,5.473,3.649,6.62,5.961,6.19,3.257,3.257,3.257,3.257,3.257,6.24,3.649,6.215
ref_00973,3.427,3.427,3.427,3.038,6.34,3.038,3.707,3.427,3.427,5.666,6.036,3.707,5.962,3.707,6.587,3.707,5.795,3.038,3.038,3.038,6.375,3.427,3.038,3.427,6.502,3.038,6.286,3.427,6.641,6.286,6.036,3.038,3.427,3.707,3.038,3.427,6.126,3.707,6.012
ref_00974,3.595,3.595,3.203,3.595,6.232,3.876,3.203,3.203,3.595,5.839,6.299,3.595,6.208,3.203,5.997,3.595,5.364,2.55,3.876,3.595,6.108,3.595,3.203,3.203,5.768,3.595,6.402,3.203,6.864,6.055,6.362,3.203,3.203,3.203,3.203,3.595,5.968,3.203,6.733
ref_00975,3.459,3.07,3.459,3.07,5.733,3.07,3.459,3.459,3.459,6.02,5.766,3.07,6.425,3.07,6.301,3.459,5.995,3.07,3.07,3.07,5.942,3.07,3.07,3.459,6.045,3.459,6.181,3.739,6.761,6.181,6.02,3.459,3.07,2.422,3.07,2.422,6.115,3.07,6.425
ref_00976,3.526,3.526,3.136,3.136,6.161,3.526,3.136,3.136,3.807,5.733,6.574,3.526,6.064,3.526,6.064,2.485,5.697,3.136,3.807,3.136,5.984,3.136,3.136,3.136,6.25,3.526,6.407,3.526,6.038,6.389,6.138,3.136,3.136,2.485,3.136,3.526,6.648,3.526,6.648
ref_00977,2.658,3.315,2.658,2.658,5.92,3.708,3.315,3.315,2.658,6.142,6.021,2.658,6.021,3.708,6.142,3.708,5.724,2.658,2.658,3.708,6.538,3.315,2.658,3.315,6.021,3.708,6.3,3.708,6.594,5.884,6.415,3.315,3.315,3.315,3.708,3.315,6.021,3.315,6.498
ref_00978,3.716,3.716,3.046,3.046,6.045,3.436,3.716,2.4,3.436,5.4,6.314,3.046,6.314,3.046,6.367,3.436,6.135,3.436,3.436,3.436,6.332,3.716,3.436,3.436,6.135,3.436,6.314,3.436,6.526,5.945,6.258,3.046,3.436,3.436,3.436,3.716,6.198,3.436,5.834
ref_00979,3.46,3.46,3.071,3.071,6.203,3.071,3.46,2.423,3.46,6.283,6.339,3.46,6.283,3.46,6.662,3.071,5.97,3.46,3.46,3.46,6.182,3.46,3.071,3.46,5.916,3.071,6.021,3.46,6.264,6.283,5.734,3.071,3.071,3.46,3.46,3.071,6.506,3.46,6.738
ref_00980,3.04,3.429,3.429,3.429,6.251,3.429,3.709,3.429,3.709,6.171,5.766,3.04,5.856,3.429,6.741,3.429,5.856,3.429,3.04,3.429,6.15,3.04,3.429,3.429,6.061,3.04,6.106,3.04,6.799,5.597,5.964,3.04,3.429,3.429,3.709,3.04,6.212,3.429,6.342
ref_00981,3.884,3.603,3.211,3.211,6.006,3.603,3.603,3.211,3.211,5.776,5.976,3.211,5.572,3.884,6.449,3.211,5.847,3.211,3.211,3.884,6.117,3.603,3.211,3.603,6.09,3.211,6.168,3.211,6.43,6.329,6.467,3.211,3.603,3.603,3.603,3.211,6.063,3.211,6.668
ref_00982,3.315,3.708,3.315,3.315,5.724,3.315,3.315,3.708,2.658,5.633,5.884,3.708,5.633,3.315,6.25,3.315,6.25,3.315,3.315,2.658,5.807,2.658,3.315,3.315,6.348,3.708,5.884,3.708,6.324,5.633,6.276,3.315,3.315,3.315,3.315,2.658,6.393,3.315,6.498
ref_00983,3.416,3.695,3.027,3.027,6.363,3.695,3.695,3.695,3.416,5.87,6.0,3.695,6.616,3.913,6.256,3.416,5.813,3.416,3.027,3.416,5.975,3.913,3.913,3.695,6.363,3.695,6.413,3.416,6.218,5.62,6.198,3.416,3.913,3.416,3.416,3.416,6.534,3.416,6.704
ref_00984,3.63,3.351,3.63,2.963,6.466,3.351,2.963,3.847,3.351,5.399,6.672,3.351,6.423,3.351,6.75,3.63,6.17,3.351,3.63,2.963,5.98,3.63,3.63,2.963,6.09,3.63,6.329,3.351,6.466,6.11,6.131,2.963,3.351,2.963,3.351,3.63,5.552,3.63,6.345
ref_00985,3.035,3.424,3.704,3.035,6.079,3.035,3.424,3.424,3.704,5.879,6.469,3.424,6.528,3.424,6.771,3.035,5.628,3.035,3.035,3.035,6.283,3.704,3.035,3.704,5.628,3.424,5.73,3.035,6.611,6.405,6.543,3.704,3.035,3.424,3.424,3.424,6.421,3.424,6.102
ref_00986,3.649,3.649,3.369,3.369,5.765,2.981,3.649,2.981,3.866,6.17,6.067,3.369,6.486,3.369,6.457,3.369,5.332,2.981,3.369,3.649,6.348,3.369,2.981,3.369,5.927,3.649,6.281,3.369,6.396,6.568,6.045,3.369,3.649,3.369,3.369,2.981,6.619,3.649,6.68
ref_00987,3.557,3.557,3.166,3.166,6.12,2.514,3.166,2.514,3.166,5.611,6.679,3.557,6.215,3.557,6.707,3.557,6.043,3.837,3.557,2.514,6.145,3.166,3.837,3.557,6.145,3.166,5.569,3.166,6.558,5.429,5.728,3.166,3.166,3.166,3.166,3.557,6.363,3.166,5.866
ref_00988,2.608,2.608,3.657,3.264,6.248,3.264,3.264,3.657,2.608,5.867,6.446,3.264,5.754,3.264,6.34,3.264,5.793,3.264,3.264,3.264,6.628,3.264,3.264,3.264,5.754,3.264,5.969,3.264,6.644,6.145,5.58,3.657,3.264,3.264,3.657,2.608,6.172,3.264,6.425
ref_00989,3.657,3.875,3.657,2.989,5.713,3.875,3.875,3.657,3.378,5.774,6.494,3.657,6.357,3.657,6.522,3.657,5.506,3.875,3.657,2.989,6.389,3.378,3.378,3.875,5.774,3.657,6.289,2.989,6.42,5.615,6.536,3.657,3.378,3.378,3.378,3.378,5.96,3.378,6.589
ref_00990,3.498,3.778,3.108,3.778,5.668,3.498,3.498,3.498,3.498,6.155,5.898,3.498,6.575,3.498,6.789,3.108,5.773,3.498,3.778,3.498,6.009,3.778,3.498,3.498,5.868,3.108,6.155,3.108,7.024,5.868,6.221,3.498,3.778,3.498,3.498,3.498,5.955,3.108,6.378
ref_00991,3.311,3.705,3.311,2.654,5.985,3.311,3.311,3.705,3.705,6.246,6.221,3.311,5.762,3.705,6.939,3.311,5.916,2.654,3.311,3.311,5.88,3.311,3.311,3.705,5.916,3.311,6.221,3.311,6.194,6.344,5.951,3.705,3.705,3.311,3.311,3.311,6.11,3.705,6.049
ref_00992,3.296,3.296,3.296,3.296,5.343,3.689,3.296,3.296,3.296,6.064,5.66,3.296,5.864,3.296,6.537,3.296,5.787,3.296,3.689,2.639,6.374,2.639,3.296,3.296,6.094,3.296,5.704,3.296,6.829,5.704,5.66,3.689,3.689,3.689,3.296,3.296,6.417,3.296,5.66
ref_00993,3.109,3.499,3.109,3.109,6.036,3.499,3.109,3.499,3.109,5.419,5.838,3.109,6.222,3.109,6.925,3.109,6.323,3.109,3.109,3.499,6.53,3.499,3.499,3.499,6.179,3.109,6.414,3.109,6.133,5.705,6.361,3.779,3.109,3.109,3.779,3.109,5.928,3.109,6.482
ref_00994,3.762,3.368,3.762,3.368,5.534,3.368,3.762,3.368,3.368,5.687,6.533,3.762,6.491,3.368,6.648,3.368,6.252,2.708,3.368,3.368,6.425,2.708,3.368,3.368,5.938,3.368,5.82,3.368,6.305,5.588,5.974,2.708,3.368,3.368,3.368,3.368,6.379,3.368,5.82
ref_00995,3.413,3.692,3.692,3.024,6.377,3.692,3.413,3.024,3.692,6.215,6.154,3.024,6.021,3.024,6.846,3.413,5.921,3.692,3.692,3.413,6.377,3.024,3.413,3.413,6.154,3.413,5.894,3.024,6.736,6.253,5.81,3.413,3.024,3.692,3.413,3.024,6.516,3.692,6.487
ref_00996,3.345,3.623,3.345,3.623,5.797,3.345,3.345,3.623,3.623,6.041,6.581,3.345,6.542,3.623,6.306,3.345,5.679,3.345,3.623,3.841,6.529,3.345,3.345,3.623,6.474,2.957,5.679,3.623,6.272,6.237,6.272,3.345,3.841,3.623,3.623,2.957,6.431,3.345,5.74
ref_00997,3.103,3.103,3.103,3.493,5.863,3.493,3.103,3.103,3.103,6.216,6.055,3.493,6.003,3.103,6.257,3.103,6.172,3.493,3.103,3.103,6.257,3.493,3.493,3.103,5.95,3.773,6.237,3.493,6.83,6.127,6.103,3.103,3.493,3.493,3.773,2.453,6.354,3.773,6.372
ref_00998,3.554,3.162,3.162,3.162,5.894,2.511,3.554,3.162,3.554,6.012,6.731,3.554,6.256,3.162,6.34,3.162,5.475,3.162,3.554,3.554,6.47,2.511,3.162,3.162,5.725,3.162,5.955,3.162,6.554,6.34,6.32,3.554,3.554,3.554,3.162,3.554,6.278,3.162,5.863
ref_00999,3.561,3.17,3.17,2.518,5.902,3.842,3.17,3.17,3.17,5.804,6.348,3.561,6.307,3.17,6.264,3.561,6.074,3.17,3.561,3.17,6.1,3.561,3.561,3.561,6.174,3.561,6.174,3.561,6.367,6.367,6.1,3.17,3.17,3.561,3.561,3.561,6.424,3.17,5.963
ref_01000,2.984,2.984,2.984,3.651,6.173,3.651,3.651,2.984,3.869,5.979,5.905,3.651,6.489,2.984,6.23,3.372,5.738,3.651,3.651,3.651,6.835,3.372,3.372,3.372,6.248,3.651,5.979,3.372,6.571,5.979,6.335,3.651,3.869,3.372,2.984,3.651,5.955,3.372,6.266
ref_01001,3.284,3.284,3.284,3.284,5.956,3.284,3.284,3.284,3.284,5.691,6.486,3.284,6.11,3.284,6.681,3.677,5.774,3.677,3.958,3.284,6.614,3.677,2.627,3.284,5.956,3.284,5.691,3.284,6.446,5.851,5.734,3.677,3.284,3.284,3.677,3.677,6.192,3.677,5.922
ref_01002,2.643,3.3,2.643,3.3,6.309,3.693,3.693,3.3,3.3,5.708,6.26,3.693,6.483,3.3,6.209,3.693,6.127,3.3,2.643,3.3,6.006,3.3,3.693,3.693,6.037,3.3,5.791,3.3,6.127,5.791,5.75,3.3,3.693,3.3,3.3,2.643,5.904,3.3,5.973
ref_01003,3.49,3.49,3.886,3.49,5.41,2.827,3.49,3.49,3.49,6.027,6.136,3.49,6.457,3.49,6.202,2.827,5.904,2.827,2.827,3.49,5.765,3.49,2.827,3.49,5.603,3.49,6.17,3.49,6.431,6.265,5.814,3.49,3.49,3.49,3.49,3.49,6.379,3.49,5.86
ref_01004,3.761,3.09,3.481,3.09,6.304,3.481,3.09,3.09,3.481,5.4,6.572,3.09,6.244,2.442,6.527,3.09,5.721,3.09,3.481,3.09,6.615,2.442,3.481,3.481,6.137,3.761,6.413,2.442,6.395,5.351,5.909,3.09,3.09,3.481,3.09,3.761,6.304,3.481,5.721
ref_01005,3.381,3.66,3.381,3.66,5.862,3.381,3.381,3.381,3.381,5.685,6.54,2.993,6.377,3.381,6.182,3.381,5.717,3.381,2.993,3.381,6.361,3.381,3.878,3.66,6.327,3.878,6.079,3.381,6.439,6.393,6.162,2.993,3.381,3.381,3.381,2.993,6.361,3.381,6.182
ref_01006,3.705,3.705,3.311,2.654,6.049,3.705,3.311,3.705,3.311,5.419,6.454,3.311,5.916,3.705,6.772,3.311,6.017,3.311,3.311,3.311,6.59,3.311,3.705,3.311,5.88,3.311,5.762,3.311,6.344,5.675,6.049,3.705,3.705,3.705,3.705,3.311,6.32,3.705,6.389
ref_01007,2.669,3.327,3.327,3.327,6.096,3.327,3.327,3.327,2.669,6.001,6.001,3.327,5.858,3.327,6.36,3.327,6.154,3.327,2.669,3.72,6.693,2.669,3.327,3.327,5.691,3.72,6.36,3.327,5.932,5.819,5.932,3.72,3.327,3.72,3.327,3.327,6.449,3.327,6.36
ref_01008,2.712,3.372,3.766,2.712,5.421,3.372,3.372,3.372,3.372,6.013,6.67,3.372,6.013,3.372,6.047,3.372,6.112,3.766,3.372,3.372,6.615,3.372,3.372,2.712,6.283,3.766,5.825,2.712,6.334,5.592,5.782,2.712,3.372,3.766,3.372,3.372,5.825,3.372,6.334
ref_01009,3.34,3.34,2.681,3.34,6.079,3.34,2.681,2.681,3.34,5.909,6.326,3.34,5.61,3.34,5.871,3.34,5.658,3.34,3.34,2.681,6.168,2.681,3.34,2.681,5.945,3.34,5.323,3.34,6.601,6.139,6.047,3.34,3.34,3.34,2.681,2.681,5.705,3.34,6.301
ref_01010,3.334,3.334,3.334,3.334,6.32,3.728,2.676,3.334,3.334,5.604,6.009,3.334,6.577,3.334,6.191,2.676,5.827,3.334,3.334,2.676,6.435,3.334,3.334,2.676,6.134,3.334,5.382,3.334,6.435,6.368,6.162,3.334,3.728,3.334,2.676,2.676,5.94,3.334,6.041
ref_01011,2.935,2.935,3.601,3.601,6.082,3.601,3.323,2.935,3.323,6.267,6.25,3.323,6.438,3.323,6.907,3.601,5.997,3.323,3.323,3.323,6.583,3.323,2.935,3.601,5.487,3.601,6.121,3.601,6.438,5.904,6.019,2.935,3.601,3.323,3.323,3.323,6.267,3.323,6.596
ref_01012,3.198,3.198,3.198,3.198,6.049,3.198,3.198,3.589,3.198,5.558,6.336,3.198,6.376,3.198,6.741,3.589,5.602,3.589,3.198,2.545,6.542,3.198,3.198,3.198,5.931,2.545,6.315,3.589,6.356,6.249,5.931,2.545,3.198,3.198,3.198,3.589,5.992,3.589,6.128
ref_01013,2.68,3.338,3.338,3.732,6.045,3.338,3.338,3.338,3.338,6.045,6.275,3.338,6.324,3.732,6.439,3.338,5.322,3.338,3.338,3.338,5.944,3.338,2.68,3.338,6.045,3.338,5.322,3.338,6.542,5.79,5.908,2.68,3.338,3.338,3.338,3.338,6.461,3.338,6.372
ref_01014,3.223,3.223,3.223,3.223,5.926,3.223,3.223,3.615,3.223,5.438,6.442,3.223,6.275,2.569,6.617,3.223,5.824,3.615,3.896,3.223,6.551,3.615,3.223,3.223,5.788,2.569,6.075,3.223,6.403,5.628,6.047,3.223,3.615,3.223,3.223,3.223,6.275,3.615,5.859
ref_01015,3.95,3.062,3.452,3.731,6.061,3.95,3.062,3.452,3.452,5.79,6.366,3.95,6.481,3.731,6.571,3.062,6.107,3.731,3.452,3.452,5.961,3.731,3.731,3.731,6.235,3.062,6.274,3.452,6.274,6.13,6.4,3.731,3.731,3.731,3.452,3.731,6.366,3.452,6.061
ref_01016,3.401,3.795,2.74,2.74,5.972,3.795,3.401,3.401,2.74,5.622,6.077,3.795,6.313,3.401,6.413,3.401,5.451,3.401,3.401,2.74,6.413,3.795,3.401,3.401,5.812,2.74,5.768,3.401,6.607,5.855,5.855,3.401,3.401,3.401,3.401,3.401,5.895,3.401,6.286
ref_01017,3.766,3.984,2.447,3.766,6.096,3.095,3.095,3.486,3.766,6.27,6.096,3.095,6.072,3.095,6.9,3.766,5.942,3.766,3.095,3.486,5.996,3.766,3.095,3.486,5.692,3.486,6.309,3.095,6.634,6.347,6.047,3.486,3.766,3.486,3.486,3.486,6.047,3.095,6.022
ref_01018,3.063,3.453,3.732,3.732,6.216,3.732,3.063,3.732,3.732,5.584,6.367,3.732,6.331,3.732,6.667,3.453,5.371,3.063,3.063,3.732,6.401,3.453,3.063,3.063,6.418,3.453,5.791,3.063,6.557,6.572,5.988,3.063,3.453,3.063,3.732,3.453,5.759,3.063,5.988
ref_01019,3.418,2.757,2.757,3.418,6.026,3.418,3.418,2.757,3.418,5.913,6.095,3.418,6.277,3.418,6.382,2.757,6.19,2.757,2.757,3.418,6.331,2.757,3.418,2.757,6.095,2.757,6.43,3.418,6.026,5.639,6.026,3.418,2.757,2.757,3.812,2.757,5.952,3.418,6.304
ref_01020,3.4,3.011,3.4,3.4,5.933,3.011,3.011,3.679,3.4,6.12,6.396,3.679,5.983,3.4,6.161,3.679,5.567,3.4,3.4,3.4,6.517,3.4,3.679,3.679,6.201,3.679,5.603,3.679,6.22,6.258,6.586,3.4,3.011,3.4,3.4,3.011,6.12,3.679,6.531
ref_01021,3.373,3.652,2.985,3.373,6.384,2.985,3.373,3.652,2.985,5.769,6.302,3.373,6.572,3.373,6.431,3.652,5.769,3.373,2.985,3.652,6.174,3.373,3.652,2.985,6.352,3.652,6.154,3.652,6.875,5.98,6.049,3.373,3.87,2.985,3.652,2.985,6.319,3.652,6.049
ref_01022,3.336,3.336,3.336,3.336,6.297,3.729,3.336,3.729,3.336,6.219,5.941,3.336,6.135,3.336,6.415,4.011,5.905,3.336,3.729,3.729,5.867,3.729,3.336,4.011,6.219,3.336,6.479,3.729,6.559,5.976,5.701,3.336,3.729,3.336,3.336,4.011,5.976,3.729,6.01
ref_01023,3.501,3.111,3.781,2.461,5.634,3.111,3.111,3.111,3.781,5.554,6.563,3.111,6.593,3.111,6.286,3.111,5.958,3.501,3.501,3.111,6.484,3.111,3.111,3.501,5.742,3.111,6.224,3.111,6.65,5.467,6.451,3.111,3.111,3.501,3.111,3.501,6.325,3.501,5.776
ref_01024,3.84,3.168,3.559,3.559,6.325,3.168,3.559,3.168,3.559,6.018,6.737,3.168,6.44,3.168,6.305,3.559,5.836,3.168,3.168,3.168,5.868,3.559,3.559,3.168,6.195,3.559,5.654,3.559,6.171,5.96,5.931,3.559,3.84,3.168,3.168,3.84,6.384,3.168,6.097
ref_01025,3.692,3.692,3.299,3.692,5.516,3.692,3.299,3.299,3.299,6.067,6.595,3.299,6.728,3.299,6.004,3.692,6.036,3.299,3.299,3.973,6.461,3.299,3.299,3.973,5.972,3.692,5.829,3.973,6.68,6.004,5.867,3.299,3.692,3.299,3.692,3.692,6.283,3.299,6.376
ref_01026,3.347,3.626,3.626,3.347,6.185,3.626,3.626,2.959,3.347,6.022,6.448,3.844,5.853,3.626,6.877,2.959,5.549,3.347,3.347,3.626,6.373,3.626,3.347,3.626,6.463,2.959,6.532,3.347,6.24,6.309,6.044,3.626,2.959,3.347,3.626,3.347,5.827,3.347,6.127
ref_01027,3.657,3.657,2.989,3.657,6.465,3.657,2.989,3.378,3.378,5.936,6.272,2.989,6.756,3.875,6.42,2.989,5.936,3.657,3.875,3.378,6.734,3.378,3.657,3.378,5.744,2.989,6.254,2.989,6.64,6.138,6.008,2.989,3.875,3.657,2.989,3.378,6.075,3.378,6.008
ref_01028,2.61,3.265,3.658,3.265,6.062,3.265,3.658,3.265,3.265,5.482,6.486,3.265,6.406,3.265,6.486,2.61,5.715,3.265,2.61,3.265,6.273,3.265,2.61,3.265,6.119,3.265,6.001,2.61,6.342,6.062,6.273,3.265,2.61,3.658,3.265,3.265,6.342,3.658,6.032
ref_01029,3.35,3.35,3.35,3.35,5.399,3.35,3.35,3.35,3.744,5.459,5.92,3.35,5.802,2.692,6.515,2.692,6.058,3.35,2.692,2.692,6.058,3.744,3.35,3.35,5.92,3.744,5.669,2.692,6.207,5.843,6.312,3.744,3.35,3.35,3.35,2.692,6.15,2.692,6.666
ref_01030,3.047,3.717,3.047,3.047,5.605,3.437,3.047,3.717,3.437,5.805,6.434,3.047,6.022,3.437,6.45,3.437,5.972,3.717,3.047,3.437,6.385,3.437,3.437,3.047,6.35,3.437,6.046,3.047,6.434,5.892,5.71,3.047,3.717,3.437,3.047,3.717,5.774,3.717,6.482
ref_01031,3.54,3.54,3.149,3.149,5.97,3.149,2.498,3.821,3.149,5.413,6.026,3.54,6.152,3.54,6.82,3.54,6.104,3.54,3.54,3.149,6.508,3.54,3.821,3.54,5.712,3.149,5.912,3.54,6.648,6.221,6.306,3.821,3.149,3.54,3.821,3.54,6.052,3.821,6.285
ref_01032,2.5,3.152,3.543,3.543,6.106,3.152,3.543,3.152,3.152,5.637,6.459,3.152,6.559,3.823,6.055,3.543,5.883,3.543,3.543,3.152,6.606,3.152,3.152,3.152,6.387,3.152,6.245,3.152,6.08,6.08,5.852,3.543,3.152,3.152,3.152,3.543,5.785,3.543,6.288
ref_01033,3.083,3.474,3.474,3.474,6.196,3.083,3.474,3.474,3.083,5.525,5.93,3.083,6.352,3.083,6.763,3.083,5.957,3.083,3.753,2.435,5.679,3.083,3.083,3.083,6.217,3.083,6.334,3.083,6.822,5.901,6.035,3.083,3.753,3.753,3.753,3.083,5.873,3.083,6.593
ref_01034,3.458,3.737,3.458,3.458,6.2,3.458,3.068,3.068,3.458,5.993,6.632,3.458,6.09,3.068,6.043,3.737,6.158,3.458,3.458,3.068,6.261,3.737,3.068,3.068,6.336,3.458,6.2,3.458,6.2,6.043,5.589,3.068,3.737,3.068,3.458,3.458,6.533,3.068,6.698
ref_01035,3.925,3.251,2.596,3.643,5.922,3.251,3.251,3.643,3.643,5.567,6.739,3.643,6.158,3.251,6.823,3.643,5.922,3.251,3.251,3.251,6.432,3.251,3.643,3.251,6.304,3.251,5.74,3.643,6.131,5.613,6.104,3.925,3.251,3.643,3.925,3.251,6.184,3.251,5.955
ref_01036,3.382,3.382,3.661,3.382,5.779,3.382,2.994,2.994,3.382,5.686,6.345,3.661,6.294,2.994,6.62,3.382,5.779,3.382,2.994,3.382,6.122,2.994,2.994,2.994,5.749,3.661,5.62,2.994,6.47,6.425,6.163,3.661,3.879,2.994,2.994,3.382,6.183,3.382,6.581
ref_01037,3.853,3.572,3.181,3.572,5.849,3.572,3.572,3.181,3.853,6.339,5.849,3.181,6.297,3.181,6.359,3.572,5.849,3.181,3.572,3.572,6.524,3.181,3.181,3.853,5.744,3.572,5.914,3.181,6.709,6.209,6.231,3.853,3.572,3.181,3.572,3.853,6.454,3.572,6.49
ref_01038,3.469,3.469,3.469,3.469,5.882,3.469,3.469,2.807,3.469,5.966,6.301,3.469,6.574,3.469,5.792,2.807,6.079,3.469,3.469,3.469,5.882,2.807,3.469,2.807,6.435,3.469,5.925,2.807,6.637,5.882,6.114,2.807,2.807,2.807,3.469,3.469,6.148,3.864,6.716
ref_01039,3.667,3.388,3.388,3.885,6.613,3.388,2.999,3.667,2.999,6.107,6.505,3.388,5.995,3.667,6.282,2.999,6.367,2.999,3.388,3.388,6.317,3.388,3.885,3.388,5.895,3.667,5.868,2.999,6.56,6.149,5.754,3.667,3.388,3.388,3.667,3.388,6.128,3.388,6.367
ref_01040,3.667,3.667,3.274,3.667,5.637,3.667,3.274,3.667,3.274,5.32,6.792,3.667,5.946,3.274,6.514,3.667,5.764,3.667,3.274,3.274,6.394,3.274,3.667,3.667,6.155,3.948,6.071,3.667,6.456,6.456,6.514,3.667,3.274,3.274,3.667,3.274,6.01,3.274,5.979
ref_01041,3.837,3.166,3.166,3.166,6.508,3.837,3.557,3.557,3.557,6.015,5.866,3.557,6.508,3.557,6.558,3.166,5.728,3.557,3.837,3.557,6.193,3.166,3.166,3.166,6.043,3.166,5.833,3.557,6.542,5.691,5.833,3.166,3.166,3.166,3.166,3.166,6.438,3.557,6.281
ref_01042,2.536,3.189,3.189,3.189,5.922,2.536,3.58,2.536,3.189,5.824,6.169,2.536,6.549,3.58,6.119,3.58,5.953,2.536,3.189,3.189,6.532,3.189,3.189,3.189,5.676,2.536,6.011,2.536,6.462,6.193,6.067,3.189,3.189,3.189,3.189,3.189,5.824,3.58,6.284
ref_01043,3.334,3.334,3.334,2.676,5.443,3.334,3.334,3.334,2.676,5.443,5.94,3.334,5.94,2.676,6.701,2.676,5.604,2.676,2.676,3.334,6.218,2.676,3.334,3.334,6.073,2.676,5.786,2.676,6.498,5.904,5.443,3.334,3.334,3.334,3.334,2.676,6.296,3.334,6.134
ref_01044,3.38,3.38,3.38,2.72,6.367,3.38,3.38,3.38,3.38,5.951,6.367,2.72,6.12,3.774,6.642,3.38,6.088,2.72,3.38,3.38,6.265,3.38,2.72,3.38,6.318,3.38,5.651,3.38,6.12,5.987,6.181,3.38,3.38,3.38,3.774,3.38,6.238,3.38,5.987
ref_01045,3.28,3.28,3.28,3.28,6.312,3.28,3.673,3.28,2.624,6.047,6.379,3.28,5.918,3.28,6.334,3.673,6.077,3.673,2.624,3.673,6.627,2.624,2.624,3.28,5.918,3.673,5.883,2.624,6.357,6.047,5.73,3.673,3.28,2.624,3.673,3.28,6.188,3.28,5.918
ref_01046,3.173,3.565,3.565,3.173,5.966,3.173,3.173,3.565,3.173,5.736,6.128,3.173,6.077,3.173,6.687,3.565,5.808,3.173,3.173,3.173,6.177,3.565,3.173,3.173,6.428,3.173,6.153,3.173,6.051,6.331,5.874,3.173,3.845,3.565,3.173,3.565,6.743,3.845,5.966
ref_01047,2.939,3.326,2.939,3.326,6.144,3.326,3.326,3.326,3.605,6.367,6.27,3.605,6.397,2.939,6.336,3.326,5.374,3.605,3.326,3.326,6.253,3.605,3.326,3.326,6.367,3.326,6.497,3.326,6.427,6.253,6.27,2.939,3.326,3.605,3.823,3.326,5.832,2.939,6.236
ref_01048,3.128,3.128,2.478,3.519,5.613,3.128,3.128,3.128,3.519,5.286,6.626,3.128,5.89,3.128,6.177,3.519,5.859,3.128,3.128,3.128,6.748,3.519,2.478,3.128,6.081,3.128,5.795,3.519,6.722,5.919,6.106,3.519,3.128,3.128,3.128,3.128,6.242,3.128,6.381
ref_01049,3.043,3.432,3.432,3.712,5.83,3.712,3.432,3.043,3.432,5.738,6.696,3.432,6.254,3.712,5.992,3.432,6.087,3.432,3.043,3.712,6.087,3.432,3.93,3.432,5.671,3.432,5.705,3.043,6.194,6.461,6.345,3.432,3.432,3.432,3.043,3.432,6.234,3.043,6.477
ref_01050,3.39,2.73,3.39,3.39,5.756,3.39,3.39,2.73,2.73,5.801,6.448,3.39,5.997,3.39,6.219,3.39,5.71,3.784,3.784,3.39,6.425,3.39,2.73,3.39,6.248,2.73,5.997,3.39,6.066,5.961,6.161,3.39,2.73,3.39,3.39,3.39,5.961,3.39,6.401
ref_01051,3.625,2.579,3.233,3.233,5.5,3.233,3.233,3.625,3.233,5.449,6.086,3.233,6.628,3.233,6.764,3.233,5.799,3.625,3.625,3.625,6.393,3.233,3.233,3.233,5.835,3.625,6.165,3.233,6.883,6.393,5.936,3.233,3.906,3.625,3.625,3.233,5.936,3.233,5.999
ref_01052,3.307,3.585,2.919,2.919,6.316,2.919,3.585,3.307,3.307,6.023,6.044,3.307,6.3,3.307,6.747,2.919,5.935,3.307,3.585,2.919,6.316,3.307,3.307,3.585,6.143,2.919,6.347,3.585,6.777,6.3,5.785,2.919,3.307,3.803,3.307,3.307,6.316,3.803,6.216
ref_01053,3.366,3.366,3.366,3.366,6.167,3.76,2.707,2.707,3.366,5.86,5.819,2.707,5.86,2.707,6.224,3.366,5.586,3.366,3.76,2.707,6.734,2.707,2.707,3.76,6.224,3.76,6.224,3.366,6.49,5.819,6.353,3.366,3.366,3.76,3.366,3.76,5.899,2.707,6.224
ref_01054,3.412,3.412,2.751,3.412,5.824,3.412,2.751,3.412,3.412,5.684,6.298,3.412,5.733,2.751,6.448,3.412,5.946,3.806,3.412,3.806,6.121,2.751,3.412,3.412,5.946,2.751,6.325,3.412,6.376,6.02,5.523,2.751,2.751,3.412,2.751,3.412,6.121,2.751,6.401
ref_01055,3.909,3.514,2.85,3.514,5.738,2.85,3.514,3.514,3.514,5.738,6.226,3.514,5.884,3.514,6.481,2.85,5.567,3.514,3.514,2.85,6.051,3.514,3.514,2.85,5.627,2.85,5.502,3.514,6.319,5.789,6.012,2.85,2.85,2.85,2.85,3.514,6.088,2.85,5.971
ref_01056,3.543,3.152,3.543,3.543,6.405,3.152,3.152,3.152,3.543,5.415,6.442,3.543,6.559,3.543,6.387,3.543,5.75,3.543,3.152,3.543,6.028,3.543,3.543,3.543,5.51,3.152,6.442,3.543,6.328,5.883,6.178,3.823,3.543,3.543,3.152,3.152,5.883,3.152,6.308
ref_01057,3.455,3.065,3.455,3.455,5.728,3.455,3.455,3.455,3.455,6.277,6.197,3.455,5.728,3.065,6.629,3.065,5.586,3.455,3.455,3.455,6.559,3.734,3.065,3.455,6.133,3.455,6.155,3.065,6.694,5.547,6.333,3.065,3.065,3.455,3.455,3.953,6.133,3.734,6.588
ref_01058,3.001,3.39,3.669,3.001,6.369,3.39,3.39,3.39,3.001,6.21,6.369,3.669,6.066,3.39,6.13,3.39,5.661,3.39,3.669,3.669,6.151,3.39,3.39,3.887,5.973,3.001,5.948,3.669,6.677,5.756,5.997,3.001,3.887,3.39,3.001,3.39,6.589,3.669,6.589
ref_01059,3.313,3.313,3.313,3.313,6.222,2.655,2.655,3.706,3.706,6.322,6.273,3.313,6.05,2.655,6.273,3.313,5.952,3.313,3.313,3.706,6.298,3.706,3.313,3.706,6.345,3.313,6.168,3.313,6.111,6.019,6.222,3.313,3.313,2.655,2.655,3.706,6.368,3.706,6.322
ref_01060,2.738,3.398,3.398,3.398,6.005,3.398,3.398,3.398,3.398,5.383,6.005,3.398,6.228,3.398,6.284,3.792,6.04,3.792,2.738,3.398,6.361,2.738,3.398,2.738,6.31,3.398,5.719,3.398,5.932,6.256,5.719,3.398,3.398,3.398,3.398,2.738,6.336,3.398,6.228
ref_01061,3.466,3.466,2.804,2.804,5.689,3.466,3.466,2.804,3.466,5.963,6.432,2.804,5.789,3.861,6.504,3.466,5.518,2.804,3.466,3.466,6.24,3.466,3.861,3.861,5.922,3.466,5.518,3.466,6.593,6.209,5.74,3.466,3.466,3.466,3.466,2.804,5.578,3.466,6.177
ref_01062,3.426,3.426,3.037,3.426,5.986,3.706,3.706,3.037,3.426,5.344,6.188,3.924,6.407,3.426,6.209,3.924,6.407,3.426,3.706,3.037,6.374,3.706,3.037,3.924,6.104,3.037,6.125,3.426,6.322,6.248,6.168,3.706,3.706,3.924,3.426,3.426,6.407,3.426,5.908
ref_01063,2.957,3.623,3.623,3.623,6.237,3.623,3.345,3.841,2.957,6.323,6.529,3.623,5.876,3.623,6.446,3.841,5.71,2.957,3.623,3.623,6.104,3.345,3.623,2.957,6.386,3.345,5.472,3.623,6.654,6.401,5.472,3.623,3.623,3.345,3.345,3.345,6.083,3.345,6.542
ref_01064,3.714,3.32,3.32,3.32,5.812,3.32,3.714,3.714,3.714,6.027,6.148,3.714,6.599,3.32,6.562,2.663,5.539,3.32,3.714,3.32,6.421,3.714,3.32,3.714,5.539,3.714,5.685,3.714,6.781,6.148,6.23,3.714,3.32,3.32,3.32,3.32,5.851,3.32,5.96
ref_01065,3.749,3.749,3.469,3.469,6.005,3.079,3.079,3.749,3.749,5.953,6.212,3.749,6.031,3.469,6.233,3.749,6.17,3.469,3.469,3.749,6.253,3.079,3.469,3.079,6.103,3.079,6.515,3.749,6.103,6.148,5.521,3.469,3.749,3.749,3.749,3.469,5.979,3.469,6.401
ref_01066,2.629,3.285,3.285,3.285,6.052,2.629,3.678,3.285,2.629,6.022,6.525,3.678,5.852,3.285,6.598,3.285,5.391,3.285,3.285,2.629,6.525,3.285,3.678,3.678,6.362,3.285,6.269,2.629,6.58,5.735,5.957,3.285,3.285,3.285,3.285,3.285,5.889,3.285,5.776
ref_01067,3.795,3.401,3.401,3.401,6.077,3.401,3.401,3.401,3.401,5.895,6.607,3.401,5.855,3.795,6.286,3.401,5.318,3.401,3.401,3.401,6.645,3.401,3.795,3.795,5.721,3.401,6.008,2.74,6.567,5.622,5.768,3.401,2.74,3.795,3.401,3.401,6.202,2.74,6.043
ref_01068,3.278,2.621,3.278,3.67,5.807,3.278,3.278,3.278,3.67,5.441,6.479,3.67,5.916,3.67,6.237,3.278,5.95,3.278,3.278,3.67,5.982,3.278,3.278,3.278,6.309,3.67,5.881,3.278,6.674,5.546,5.845,3.278,3.278,3.67,2.621,3.67,6.332,3.67,5.641
ref_01069,2.596,3.251,3.251,3.643,6.234,3.251,3.643,3.643,3.251,5.987,6.432,3.251,6.104,2.596,6.432,3.643,6.047,3.251,3.643,3.643,6.509,3.643,3.251,3.643,6.327,3.251,6.076,3.251,6.131,6.37,5.817,2.596,3.251,3.643,3.643,3.251,6.234,3.251,5.7
ref_01070,3.23,3.23,3.622,3.622,5.964,3.23,3.622,3.622,3.622,5.445,6.282,3.622,5.545,3.23,6.187,2.575,6.109,3.23,3.23,3.622,6.136,3.23,3.23,3.23,6.41,3.622,6.468,2.575,5.9,5.757,6.082,3.23,2.575,3.622,3.622,3.622,5.678,3.622,6.282
ref_01071,2.711,3.764,3.37,3.37,6.046,3.37,3.37,3.764,3.37,5.419,5.977,3.37,6.472,3.764,6.308,3.37,5.737,3.764,3.37,3.37,6.515,3.37,3.37,2.711,6.2,3.764,5.781,3.764,6.536,5.537,5.642,3.37,3.764,3.764,3.764,3.37,6.046,3.37,6.595
ref_01072,3.269,3.269,3.269,3.269,5.836,3.269,3.662,3.662,3.269,6.005,5.836,3.662,6.527,3.269,6.066,2.613,6.095,3.269,3.662,3.269,6.036,3.269,3.662,3.269,6.3,3.269,6.15,3.662,6.277,6.49,6.277,2.613,3.269,3.269,2.613,3.662,6.616,3.269,5.907
ref_01073,3.411,3.805,2.75,3.411,5.683,2.75,3.805,3.411,3.411,5.822,6.269,3.411,6.152,3.411,6.423,2.75,5.865,3.411,3.411,2.75,6.323,3.411,2.75,3.805,6.212,3.411,6.053,3.411,6.399,6.212,5.865,3.411,2.75,3.411,3.411,3.411,6.12,3.411,6.152
ref_01074,3.678,3.678,2.629,3.285,5.957,3.678,3.285,3.285,3.285,5.692,5.957,3.285,6.447,3.285,6.447,3.678,6.082,3.678,3.678,3.285,6.525,3.678,3.678,3.285,5.815,3.959,6.426,3.285,6.082,5.99,5.889,3.678,3.678,3.285,3.959,3.678,5.776,3.678,6.562
ref_01075,3.705,3.425,3.425,3.425,6.5,3.923,3.425,3.705,3.425,5.96,6.103,3.425,6.5,3.705,6.208,3.923,5.793,3.036,3.425,3.425,5.793,3.425,3.425,3.705,6.406,3.425,5.698,3.705,6.266,6.338,6.284,3.425,3.425,3.425,3.705,3.036,6.227,3.425,6.572
ref_01076,3.338,3.338,3.732,3.338,6.138,3.338,3.338,3.338,3.732,6.439,6.395,3.732,6.167,3.338,6.3,3.732,6.077,3.338,2.68,3.338,6.324,3.732,3.732,3.338,6.195,2.68,6.108,3.338,6.542,5.557,5.87,3.338,3.338,3.732,3.338,3.338,6.439,3.338,5.908
ref_01077,3.284,3.284,3.284,3.677,6.315,3.677,3.284,3.284,3.284,6.02,6.081,2.627,6.664,3.284,6.192,3.677,5.601,3.677,3.284,3.284,6.11,3.284,3.284,3.284,5.774,3.677,5.734,3.284,6.446,5.552,5.956,3.677,3.284,3.284,3.284,2.627,5.989,3.284,6.712
ref_01078,3.313,3.313,3.313,3.313,6.345,3.313,3.313,3.313,2.655,5.843,5.986,2.655,6.222,3.313,6.413,3.706,6.168,2.655,3.313,2.655,5.952,3.313,3.313,3.313,5.843,2.655,5.986,2.655,6.111,6.14,6.273,3.706,2.655,3.706,3.706,3.313,5.917,3.706,6.661
ref_01079,3.724,3.724,3.724,3.445,5.751,3.055,3.445,3.445,3.445,5.9,6.077,3.724,6.267,3.055,6.803,3.724,5.954,3.055,3.724,3.724,5.954,3.445,3.724,3.724,5.954,3.445,6.578,3.055,6.207,6.144,6.054,3.055,3.724,3.055,3.445,3.724,6.474,3.445,6.684
ref_01080,3.588,3.196,3.196,3.196,5.723,3.588,3.588,3.196,3.196,5.601,6.153,3.588,6.047,3.196,6.433,3.588,5.51,3.196,3.588,3.588,6.153,3.588,3.196,3.869,6.414,3.588,6.019,3.196,6.27,5.761,6.452,3.588,3.196,3.588,3.588,3.196,6.488,3.588,6.225
ref_01081,3.601,3.323,3.601,3.601,6.316,3.323,3.323,2.935,2.935,5.828,6.583,3.323,6.348,3.323,6.04,3.323,5.951,3.601,3.601,3.323,6.479,2.935,3.323,3.819,5.687,3.601,5.801,3.323,6.479,6.423,6.121,3.601,3.601,2.935,3.601,3.601,6.121,3.601,6.571
ref_01082,3.191,3.863,3.583,3.191,5.826,3.583,3.191,3.191,3.191,5.892,6.349,3.191,6.171,3.583,6.308,3.583,5.86,3.191,3.191,2.538,6.677,2.538,3.191,3.191,5.892,3.583,6.389,3.583,6.631,6.195,5.86,3.191,3.191,3.191,3.191,3.583,6.483,2.538,6.409
ref_01083,3.714,3.434,3.434,3.434,6.089,3.045,3.714,3.045,2.398,5.602,6.293,3.434,6.399,3.434,6.553,3.434,5.565,3.045,3.045,3.434,6.581,3.434,3.045,3.434,5.525,3.045,6.236,3.045,6.447,6.312,6.399,3.045,3.045,3.434,3.045,3.714,5.889,3.434,6.217
ref_01084,3.502,3.502,3.502,3.112,5.777,2.462,3.112,3.502,3.112,5.81,6.326,3.112,6.225,3.112,6.246,3.502,5.422,3.502,3.112,3.502,6.452,3.112,3.112,3.502,6.382,3.112,6.113,3.502,6.364,6.469,5.81,3.112,3.112,3.502,3.502,3.112,6.246,3.112,5.842
ref_01085,3.73,3.451,3.73,3.451,6.464,3.451,3.061,3.949,3.73,5.789,6.382,3.451,6.273,3.451,5.986,3.73,6.06,3.73,3.73,3.451,6.129,3.949,3.73,3.451,6.48,3.451,5.878,3.061,6.129,6.311,6.511,3.451,3.73,3.061,3.061,3.73,6.347,3.061,6.106
ref_01086,3.497,3.497,3.497,3.497,6.084,3.777,3.497,3.777,3.777,6.261,6.321,3.497,6.261,3.107,6.412,3.107,5.738,3.497,3.497,3.497,6.059,3.107,3.777,3.107,6.108,3.497,6.008,3.777,6.559,6.241,6.34,3.107,3.777,3.107,3.777,3.777,6.034,3.107,6.131
ref_01087,3.45,3.45,2.788,3.45,5.946,3.45,3.45,2.788,3.844,5.437,6.059,3.844,6.337,3.45,6.094,2.788,6.128,2.788,3.45,3.45,6.337,3.45,3.844,2.788,6.31,3.45,6.094,2.788,6.657,5.772,5.905,3.45,2.788,3.45,3.45,3.45,6.16,3.45,5.946
ref_01088,3.133,3.524,3.524,3.133,5.864,3.133,3.133,3.133,3.133,5.445,6.062,3.133,6.31,3.805,6.674,3.524,5.731,3.524,3.524,3.524,6.423,3.524,3.524,3.524,5.895,3.524,6.269,3.524,6.587,6.036,6.036,3.524,3.524,3.133,3.805,3.133,5.695,3.133,6.136
ref_01089,3.176,3.176,3.568,3.568,5.776,3.568,3.568,3.849,3.176,5.97,6.156,3.568,6.249,3.568,6.431,3.568,5.702,3.176,3.176,3.849,6.647,3.176,3.176,3.568,6.503,3.176,5.811,3.568,6.836,6.468,5.811,3.176,3.176,3.568,3.176,3.176,5.845,3.849,6.585
ref_01090,3.932,2.872,6.665,3.932,3.536,5.861,3.932,3.536,3.932,3.536,3.932,3.536,6.183,3.536,3.932,3.536,3.536,4.215,3.536,2.872,6.249,3.932,6.479,3.536,3.932,3.932,3.536,6.599,6.074,3.932,3.536,2.872,3.932,6.281,3.932,3.932,3.932,6.37,6.479
ref_01091,3.252,3.645,6.259,3.645,3.252,6.048,3.252,4.145,3.645,3.926,3.645,3.926,6.433,3.252,3.252,3.926,3.252,3.252,3.645,3.645,5.923,2.597,6.328,3.645,3.252,3.926,4.145,6.491,6.018,3.645,3.645,3.926,3.645,6.546,3.645,3.252,3.645,6.755,6.472
ref_01092,3.426,3.426,6.07,4.103,3.426,6.104,3.426,3.821,3.821,3.821,3.426,3.426,6.104,3.426,3.426,3.426,3.821,4.103,3.821,3.821,6.104,3.821,6.727,3.426,3.821,3.426,3.426,6.07,6.339,4.103,4.103,3.821,4.103,6.391,4.103,3.821,3.426,6.69,6.313
ref_01093,3.385,3.78,6.397,3.385,3.385,5.88,4.062,3.78,3.78,2.726,3.385,3.385,5.839,3.78,3.78,3.385,3.78,3.78,3.385,3.78,6.323,3.385,6.802,3.385,3.78,3.385,3.385,6.028,6.094,3.385,4.062,3.78,3.385,6.271,3.78,3.385,3.385,6.348,6.397
ref_01094,3.258,3.932,5.93,3.932,3.258,5.787,3.932,3.258,3.651,3.932,3.932,3.651,6.638,3.932,3.651,3.651,3.258,3.258,3.651,3.258,6.265,4.151,6.535,3.932,3.258,3.258,3.932,6.083,6.191,3.258,3.651,3.651,3.651,6.025,3.651,4.151,3.932,7.101,6.871
ref_01095,3.238,3.63,6.711,3.238,3.63,6.268,3.911,3.911,3.63,3.63,3.63,4.13,6.004,3.911,3.238,3.238,3.63,3.63,3.238,3.911,6.398,3.911,6.633,3.911,3.911,3.63,3.63,6.17,6.649,3.63,3.238,3.238,3.911,6.514,3.911,3.911,4.13,6.532,6.291
ref_01096,2.88,3.544,5.869,3.94,3.544,6.082,3.544,3.94,3.544,3.94,3.94,3.94,5.598,3.544,2.88,3.94,4.223,3.544,3.544,3.544,5.82,3.544,6.487,3.544,3.94,3.544,3.94,6.434,6.043,3.94,3.94,3.94,3.544,5.96,3.544,3.94,3.544,6.755,6.258
ref_01097,2.855,2.855,6.198,3.518,3.518,5.743,3.914,3.518,3.914,3.518,3.518,3.518,5.439,3.518,3.914,2.855,3.518,2.855,2.855,3.914,6.165,3.914,6.822,3.518,2.855,2.855,3.518,6.352,6.688,3.518,3.518,3.518,3.518,5.843,3.518,3.518,3.914,6.38,6.558
ref_01098,2.792,3.454,6.622,3.454,3.454,6.58,3.849,3.454,3.849,3.454,3.454,3.849,5.91,3.454,3.849,3.849,3.454,3.454,3.454,3.454,6.468,3.454,6.58,3.849,2.792,3.454,3.454,5.823,6.257,3.849,2.792,3.454,3.454,6.027,2.792,3.454,3.454,6.314,6.368
ref_01099,3.341,3.735,5.706,3.341,3.341,6.464,3.341,3.341,3.735,4.016,3.735,2.683,6.327,3.341,3.735,4.016,4.016,3.341,4.016,3.341,6.111,3.735,7.101,3.341,3.735,3.735,4.016,6.08,5.982,3.735,3.735,3.341,3.341,6.225,3.735,3.341,3.341,6.485,6.327
ref_01100,3.863,3.863,6.647,3.191,3.583,6.096,3.863,3.863,3.583,3.863,3.583,3.191,6.195,3.583,3.863,3.583,3.863,3.583,3.583,4.082,5.86,3.863,6.774,3.191,3.583,3.583,3.863,6.552,6.219,3.583,3.863,4.082,3.583,6.677,4.082,3.863,3.583,6.369,6.761
ref_01101,3.369,4.045,6.404,3.369,3.369,6.198,3.763,3.763,3.369,4.045,3.369,3.763,5.822,3.763,3.369,3.369,2.71,3.763,3.763,3.369,6.254,3.369,6.736,3.369,3.763,3.763,3.763,6.28,6.28,3.763,4.045,3.369,3.369,6.593,3.369,3.763,3.763,6.306,6.109
ref_01102,3.651,3.651,6.459,3.651,3.932,6.334,3.932,3.932,3.651,3.651,3.651,3.258,6.312,4.151,4.151,3.258,3.651,4.151,3.651,4.151,6.516,3.258,6.909,3.258,3.258,3.258,3.932,6.312,6.459,3.932,3.932,3.932,3.932,6.498,3.258,3.651,3.932,6.025,6.165
ref_01103,3.621,3.621,6.121,2.954,3.621,6.198,3.621,2.954,3.621,3.621,3.621,2.954,5.848,2.954,3.621,2.954,3.621,4.017,2.954,3.621,5.848,3.621,6.539,2.954,3.621,3.621,3.621,6.081,6.161,3.621,3.621,2.954,2.954,6.038,3.621,3.621,2.954,6.428,6.368
ref_01104,3.511,3.511,5.925,2.847,2.847,6.285,3.511,3.511,3.906,3.906,3.511,3.511,6.121,3.511,3.511,3.906,3.511,3.511,3.511,3.906,6.157,3.511,6.882,3.511,2.847,3.906,2.847,6.478,5.925,3.906,3.511,3.906,3.511,5.925,3.511,3.511,3.511,6.617,6.573
ref_01105,3.404,3.404,6.61,3.798,3.404,6.262,3.404,3.798,3.404,3.404,3.798,3.404,6.59,3.404,3.404,3.798,3.404,3.404,3.404,3.798,6.316,4.08,6.342,3.798,3.798,3.798,3.404,6.205,6.507,3.798,3.404,3.404,4.08,6.61,3.798,3.798,3.404,6.439,5.937
ref_01106,2.994,3.662,6.346,3.662,3.662,6.164,3.662,3.662,2.994,3.662,3.662,3.662,6.346,4.059,3.662,3.662,3.662,4.059,3.662,3.662,5.655,4.059,6.379,3.662,4.059,4.059,2.994,6.794,6.037,3.662,3.662,3.662,2.994,6.658,3.662,3.662,3.662,6.969,6.037
ref_01107,3.201,3.201,6.275,3.593,3.201,6.36,3.201,3.593,3.201,3.874,3.201,3.593,6.132,3.874,3.874,3.593,3.874,3.593,3.201,3.593,6.132,4.093,6.475,3.201,3.201,3.874,3.201,6.874,6.157,3.593,3.201,3.593,3.201,6.318,3.201,3.874,3.874,6.275,6.579
ref_01108,3.84,3.559,6.737,3.168,4.058,6.667,3.84,3.559,3.168,3.84,3.84,4.058,5.96,3.559,3.168,3.168,3.84,3.84,3.559,3.168,6.071,3.84,7.017,3.84,3.168,3.168,3.84,6.018,6.123,3.559,3.168,3.84,3.559,6.56,3.559,3.84,3.168,6.954,6.045
ref_01109,3.354,3.748,6.411,3.354,4.03,6.652,3.748,3.354,3.748,4.03,3.748,3.748,6.211,3.354,3.748,3.748,3.748,3.748,4.03,3.748,6.456,3.748,6.291,3.354,4.03,3.354,3.748,6.062,6.029,3.748,3.748,3.748,3.748,6.154,3.354,3.354,3.354,6.388,6.265
ref_01110,3.522,3.917,6.628,3.522,3.522,6.266,3.522,3.522,3.522,3.522,3.522,3.522,6.168,3.522,3.522,3.522,3.522,2.858,3.917,3.522,6.059,3.522,6.02,3.522,3.522,2.858,3.522,6.133,6.464,3.522,2.858,3.522,3.522,6.234,3.522,3.522,3.917,6.133,5.692
ref_01111,3.794,3.794,6.312,3.399,3.794,6.007,3.794,3.399,3.399,3.794,3.399,3.399,6.171,3.794,3.794,3.794,3.399,3.399,3.399,3.399,6.042,4.076,7.03,3.794,3.794,3.794,4.076,6.681,6.312,2.739,3.794,3.794,3.399,6.171,3.794,3.399,3.794,6.893,6.201
ref_01112,3.653,3.653,6.5,3.653,3.261,5.789,3.653,3.653,3.934,3.261,3.261,3.653,6.268,3.261,3.261,3.934,3.261,3.653,3.261,3.261,6.141,3.653,6.688,3.653,3.653,3.261,3.653,6.401,6.719,3.653,3.653,3.261,3.653,6.462,3.261,3.934,3.261,6.704,6.38
ref_01113,2.909,3.574,6.409,3.574,3.574,5.99,3.574,3.574,3.574,3.97,3.574,3.574,5.564,3.574,3.574,3.574,2.909,2.909,3.574,3.574,6.15,3.574,6.351,3.97,3.574,3.574,3.574,6.409,6.543,3.574,3.574,3.97,3.574,6.438,3.574,2.909,3.574,6.592,5.99
ref_01114,3.766,4.048,6.334,3.372,3.372,6.229,3.766,3.766,3.372,3.372,3.766,3.766,6.557,4.048,3.372,3.766,3.766,3.766,3.766,3.766,5.978,3.766,6.921,3.766,4.048,3.766,4.048,6.429,6.08,3.766,3.766,3.372,3.766,6.516,3.372,4.048,3.372,6.359,6.257
ref_01115,3.815,3.535,6.642,3.535,3.144,6.416,3.535,3.535,3.815,3.535,3.815,3.144,5.456,3.815,3.535,3.144,3.815,3.535,3.535,3.815,6.379,3.144,7.023,3.535,3.144,3.535,3.535,6.397,6.598,3.144,3.815,3.815,3.535,6.34,3.815,3.535,3.815,6.657,5.777
ref_01116,3.236,3.236,6.242,3.628,3.628,6.311,4.128,3.628,3.236,3.628,3.909,3.628,6.142,4.128,3.628,3.628,3.628,4.128,3.628,4.128,6.455,3.628,6.581,3.909,3.628,3.909,4.128,6.288,6.242,3.628,3.909,3.628,3.628,6.678,4.128,3.628,3.236,6.564,6.436
ref_01117,3.763,3.369,5.902,3.763,4.045,6.404,2.71,3.763,2.71,3.369,3.763,2.71,5.939,3.763,3.369,3.763,3.369,3.369,3.369,3.369,5.863,3.369,6.736,3.369,3.763,3.369,3.763,6.703,6.28,2.71,3.369,3.763,3.369,6.493,3.369,3.369,3.369,6.685,5.689
ref_01118,3.639,3.639,6.099,3.639,4.035,5.866,4.035,3.639,4.035,2.971,3.639,4.035,6.288,4.035,3.639,3.639,3.639,4.035,3.639,3.639,6.012,4.035,6.681,3.639,3.639,3.639,3.639,6.77,6.386,4.035,3.639,2.971,2.971,5.917,3.639,2.971,3.639,6.057,6.217
ref_01119,3.431,3.825,6.42,3.431,3.431,6.444,3.825,3.825,3.431,3.825,3.825,3.825,5.799,3.825,3.825,3.431,3.825,2.769,3.431,2.769,5.843,3.825,6.657,3.431,2.769,4.107,3.431,6.535,6.731,3.825,3.431,3.825,3.825,6.467,3.431,3.431,3.431,6.91,6.039
ref_01120,3.559,2.894,5.975,3.559,3.559,6.305,3.955,3.559,3.559,3.559,3.559,3.955,6.394,3.559,3.955,3.559,2.894,2.894,3.955,3.955,6.097,2.894,6.135,2.894,3.559,3.559,3.559,6.365,5.836,3.559,3.559,3.559,3.955,6.335,3.559,3.955,2.894,6.808,6.365
ref_01121,3.825,3.431,6.108,3.431,3.825,6.317,3.431,3.431,3.431,3.431,3.431,2.769,5.704,3.431,3.825,2.769,2.769,3.431,3.431,3.431,5.599,2.769,6.49,2.769,3.431,3.825,3.825,6.344,6.344,3.431,3.431,3.431,3.431,5.926,2.769,3.825,3.825,6.8,6.317
ref_01122,4.056,4.056,6.318,3.38,3.774,6.624,3.38,4.056,4.056,3.774,3.38,3.38,6.151,3.774,3.38,3.774,3.774,3.38,3.38,3.774,6.318,3.38,6.343,4.056,4.056,3.774,3.774,6.415,6.022,3.38,3.774,3.774,3.774,6.367,3.774,3.774,3.38,6.796,6.238
ref_01123,3.598,3.598,6.405,3.598,3.598,5.771,3.994,3.598,3.994,2.932,3.598,3.994,6.137,3.598,3.598,3.598,3.598,2.932,3.598,2.932,6.057,3.994,6.749,3.598,3.598,2.932,3.598,6.345,6.64,3.598,3.994,3.994,3.598,6.211,3.598,3.598,3.598,6.015,6.246
ref_01124,3.965,3.569,6.562,3.569,3.569,5.795,3.569,3.569,2.904,3.569,3.569,3.569,5.684,3.965,3.569,3.569,3.965,3.569,3.569,3.569,6.346,3.965,6.182,3.965,3.569,2.904,3.569,6.655,6.145,3.569,3.569,3.965,3.569,5.624,3.569,3.569,3.569,6.217,6.25
ref_01125,3.434,3.434,6.398,3.434,3.434,6.042,3.434,2.772,3.828,3.828,3.828,3.434,6.423,4.11,3.434,3.434,3.434,3.434,2.772,3.434,5.888,3.828,6.293,3.828,3.434,3.434,3.828,6.447,6.265,3.434,3.434,3.828,3.434,5.968,3.828,3.828,3.434,6.641,6.538
ref_01126,3.233,3.906,6.239,3.233,4.126,6.215,3.906,3.625,3.906,4.126,3.906,3.625,6.113,3.625,3.625,3.625,3.906,3.906,3.625,3.625,6.113,3.625,6.805,3.233,3.625,3.906,3.625,6.544,6.393,3.233,3.233,3.906,3.906,6.352,3.625,3.906,3.906,6.791,6.286
ref_01127,3.279,3.279,6.238,3.279,3.279,6.378,3.672,3.672,3.953,3.672,3.672,3.672,6.133,3.279,3.953,3.672,3.279,3.672,3.672,3.279,6.626,3.953,6.133,3.672,3.953,3.672,3.279,6.738,6.723,3.279,3.279,3.279,3.279,6.31,3.953,3.279,2.623,6.187,5.686
ref_01128,3.264,3.657,6.248,3.938,3.264,6.384,3.938,3.657,3.938,3.657,3.938,3.264,6.34,3.938,3.657,3.264,3.264,3.657,3.657,3.657,5.671,3.657,6.723,3.264,3.938,3.657,3.657,6.676,6.504,3.264,3.938,3.657,3.938,6.559,3.657,3.938,3.264,6.172,6.34
ref_01129,4.219,3.717,6.152,3.999,4.219,5.855,3.999,3.999,3.999,3.999,3.717,3.717,6.656,4.219,3.999,3.717,3.324,3.324,3.999,3.999,5.893,3.324,6.656,3.999,3.324,3.324,3.324,6.754,6.031,3.717,3.324,3.999,3.324,6.639,3.717,3.324,3.717,6.585,5.855
ref_01130,3.985,3.703,6.388,3.31,3.985,6.551,3.703,3.703,3.703,3.985,3.703,3.31,5.802,3.31,3.31,3.703,3.31,3.31,3.31,3.31,5.983,3.31,6.624,3.703,3.31,3.31,3.31,6.551,6.27,3.985,3.31,3.703,3.703,6.245,3.703,3.703,2.653,6.513,6.532
ref_01131,3.482,3.762,6.115,3.482,3.482,6.225,3.091,3.98,3.091,3.762,3.98,3.482,6.431,3.482,3.762,3.762,3.482,3.091,4.159,3.482,5.82,3.482,7.044,3.482,3.091,3.091,3.482,6.246,6.161,3.091,3.482,3.762,3.091,6.512,3.482,3.762,3.762,6.917,5.938
ref_01132,2.942,3.608,6.355,3.608,3.608,5.981,4.005,2.942,3.608,2.942,3.608,3.608,5.664,3.608,3.608,3.608,4.005,3.608,2.942,4.005,5.835,3.608,6.696,3.608,4.005,2.942,3.608,6.445,6.386,4.005,3.608,2.942,2.942,6.257,3.608,3.608,3.608,6.222,6.068
ref_01133,3.428,3.822,6.71,3.822,2.767,5.749,3.822,3.822,3.428,4.105,2.767,3.428,6.0,3.822,3.822,3.822,3.428,3.428,3.428,3.822,6.105,4.105,7.046,3.428,3.428,4.105,3.822,6.23,6.341,3.822,4.105,3.428,3.428,6.441,3.428,3.822,3.822,6.763,6.392
ref_01134,3.764,3.764,6.451,3.37,3.764,6.228,2.711,3.764,4.046,3.764,3.764,3.764,6.2,3.37,3.764,3.37,3.37,3.764,3.37,3.37,5.864,3.37,6.987,3.37,4.046,3.764,3.37,6.595,6.141,3.764,3.764,3.764,3.37,5.737,3.37,3.37,3.764,6.818,6.556
ref_01135,3.557,3.557,6.205,3.557,2.892,6.363,3.557,2.892,3.953,3.557,3.557,3.953,6.17,3.953,3.557,2.892,3.557,3.557,3.557,3.557,5.834,2.892,6.392,3.557,3.557,3.557,3.557,6.621,6.363,3.557,3.953,3.557,3.557,5.929,3.557,3.557,3.557,6.728,6.205
ref_01136,3.385,4.062,5.956,3.385,3.78,6.156,2.726,4.062,3.385,3.78,3.385,3.78,6.215,3.78,3.385,3.78,4.062,3.78,3.78,3.78,6.243,3.385,7.003,3.385,3.78,3.385,3.78,6.271,6.243,3.385,3.78,3.78,3.78,6.243,3.78,4.062,3.385,6.373,6.156
ref_01137,3.608,3.216,6.268,3.216,3.608,6.746,3.608,3.608,3.889,3.216,3.216,3.889,6.29,3.608,3.889,3.608,3.216,3.889,3.216,3.608,6.068,3.608,6.702,3.608,3.889,3.889,3.889,6.731,6.544,3.216,3.608,3.216,3.889,5.918,3.608,3.889,4.108,6.561,6.395
ref_01138,3.92,3.92,6.238,4.203,3.92,6.238,3.92,3.525,2.861,3.92,3.92,3.525,6.33,3.525,3.92,3.92,3.92,3.525,3.525,3.92,5.578,3.525,6.897,3.525,3.92,3.525,3.525,6.517,5.94,3.525,3.525,3.525,3.92,6.653,3.92,3.525,2.861,6.359,6.1
ref_01139,3.963,3.682,6.718,3.289,3.289,6.366,3.963,3.963,4.182,3.682,3.289,3.963,5.779,3.289,3.682,3.682,3.963,3.682,3.682,3.963,6.451,3.963,6.43,3.963,3.682,3.682,3.289,6.636,5.927,3.963,3.682,3.289,3.289,6.548,3.682,3.682,3.963,6.115,6.807
ref_01140,3.28,3.673,6.462,3.28,3.28,6.482,3.954,3.28,3.28,3.28,3.28,3.954,5.77,3.673,3.673,3.28,3.673,3.954,3.954,3.673,6.077,3.673,6.106,3.954,3.954,3.673,3.28,6.61,6.162,3.954,3.28,3.28,3.28,6.661,3.28,3.673,3.28,6.4,6.501
ref_01141,3.945,3.549,6.612,3.549,3.549,6.087,3.549,3.549,3.549,3.549,3.549,3.549,6.125,3.549,3.945,2.884,2.884,3.549,3.549,3.549,6.087,3.549,6.779,3.549,3.549,2.884,3.549,5.874,6.087,3.549,2.884,3.945,3.945,6.439,3.549,3.549,3.945,6.466,6.161
ref_01142,3.782,3.782,6.376,3.388,3.388,6.376,3.782,3.782,3.782,3.782,3.782,3.782,6.03,3.782,3.388,3.782,3.388,3.388,3.782,3.388,5.709,3.782,6.469,3.782,3.388,3.388,3.782,6.246,6.512,3.782,3.388,3.388,3.782,6.491,2.728,3.388,3.782,6.273,6.424
ref_01143,3.872,3.477,6.467,3.477,3.477,6.515,3.477,2.814,3.477,3.477,3.477,3.872,6.188,3.477,3.477,3.477,3.872,3.477,3.477,3.477,5.7,3.477,6.831,3.477,3.477,3.872,3.477,6.391,5.973,3.477,3.872,2.814,3.477,6.22,2.814,3.477,3.477,6.515,6.515
ref_01144,3.188,4.079,6.702,3.188,3.86,6.673,3.579,3.86,4.079,3.86,4.079,3.188,5.951,3.86,3.579,3.86,3.579,3.188,3.579,3.579,6.168,3.86,6.192,3.579,3.579,3.579,3.188,5.951,6.702,3.579,3.86,4.079,3.188,6.73,4.079,3.86,3.86,6.531,5.823
ref_01145,3.662,3.269,6.367,3.269,3.943,6.345,3.943,3.662,3.943,3.662,3.662,3.269,6.203,3.662,3.662,3.662,3.662,3.943,3.943,3.269,6.036,3.269,6.599,4.162,3.269,3.943,3.662,6.509,6.43,3.662,3.943,3.662,3.662,6.564,3.662,3.269,3.662,6.277,6.599
ref_01146,3.203,3.595,5.968,3.203,3.203,6.382,3.595,3.595,4.095,3.203,3.595,3.876,5.905,3.595,3.595,3.595,3.203,3.203,3.876,3.595,6.496,3.203,6.9,3.203,3.876,3.595,3.203,6.441,6.362,3.203,3.203,3.595,3.595,6.718,3.876,3.876,3.203,6.76,6.026
ref_01147,3.429,3.824,6.171,3.824,3.429,6.533,4.106,3.429,3.429,3.824,4.106,4.106,6.073,3.824,4.106,3.824,4.106,4.106,3.824,4.106,5.797,3.824,6.442,3.824,3.429,3.429,3.429,6.106,6.533,3.824,4.106,3.824,4.106,6.636,3.429,4.106,3.824,6.693,6.231
ref_01148,3.579,2.914,5.905,3.579,3.579,6.156,3.579,3.579,3.579,3.579,3.975,3.975,5.805,2.914,2.914,2.914,2.914,3.579,3.579,2.914,6.192,2.914,6.597,3.579,3.975,3.579,2.914,6.709,5.996,3.579,3.975,2.914,2.914,5.751,3.975,2.914,2.914,6.573,5.501
ref_01149,3.717,3.324,6.621,3.324,3.324,6.38,3.717,3.717,3.717,3.717,3.717,3.324,6.488,3.717,3.717,3.999,3.717,3.717,4.219,3.717,5.594,3.999,6.357,3.999,3.324,3.999,3.999,6.207,6.785,3.717,3.717,3.717,3.717,6.585,3.717,3.717,3.999,7.002,6.334
ref_01150,3.478,3.873,6.123,3.478,3.478,6.706,3.478,3.478,3.478,3.478,3.478,3.873,6.252,3.478,3.873,3.873,3.478,3.478,3.478,2.815,5.892,3.873,6.706,2.815,3.478,3.873,2.815,6.19,6.444,2.815,3.478,3.478,2.815,6.157,2.815,3.478,3.478,6.19,6.252
ref_01151,3.244,3.636,6.319,3.636,3.636,6.671,3.244,3.636,2.589,3.636,3.917,3.244,6.202,3.636,3.636,3.636,3.636,3.636,3.636,3.636,6.464,3.636,6.319,3.636,3.244,3.244,3.917,6.404,6.607,3.917,3.244,3.636,3.636,6.538,3.636,3.917,3.244,6.856,5.81
ref_01152,3.285,2.629,6.598,3.285,3.285,6.111,3.285,3.678,3.678,3.959,3.678,3.678,6.293,3.285,3.285,3.678,3.678,3.959,3.678,3.285,6.219,3.285,6.682,3.285,3.678,3.678,3.285,6.467,6.562,3.285,3.285,3.678,3.285,6.682,3.959,3.678,3.678,6.774,5.924
ref_01153,3.445,3.84,6.592,3.84,3.84,5.941,3.84,3.445,3.84,3.445,3.445,3.445,6.018,3.84,3.445,3.445,2.783,3.445,3.445,3.445,6.218,3.445,6.864,3.445,3.445,3.84,3.84,6.528,6.089,3.84,3.445,3.445,3.84,6.505,3.445,3.84,3.445,6.505,6.248
ref_01154,3.985,3.31,6.692,3.703,3.703,5.915,3.703,3.703,3.703,3.703,3.703,3.31,5.802,3.31,3.703,3.703,3.703,3.703,3.703,3.703,5.878,3.985,7.091,3.703,3.703,3.985,3.31,6.245,6.193,3.703,3.703,3.31,3.31,6.016,3.985,3.31,3.31,6.295,6.366
ref_01155,3.724,3.331,6.534,3.331,4.006,6.1,3.724,3.331,4.006,3.331,4.225,4.006,6.266,3.724,4.006,3.724,3.724,3.724,3.724,3.331,6.1,3.331,6.431,3.724,4.006,3.724,3.724,6.554,6.453,4.006,3.331,3.724,3.724,6.34,3.724,3.331,4.006,7.079,6.591
ref_01156,2.952,3.619,5.897,3.619,3.619,6.334,3.619,3.619,2.952,3.619,3.619,2.952,5.675,3.619,3.619,2.952,3.619,2.952,3.619,3.619,6.036,2.952,6.87,3.619,3.619,2.952,3.619,6.661,5.946,2.952,3.619,4.015,4.015,5.735,3.619,2.952,3.619,6.302,6.366
ref_01157,3.247,3.247,6.576,3.64,3.247,6.467,3.247,3.247,4.14,3.921,3.921,3.921,5.696,3.64,3.64,3.247,3.921,3.921,3.921,3.921,5.983,3.921,6.448,3.64,3.247,3.247,3.247,6.541,6.301,3.247,3.64,3.64,3.247,6.408,3.247,3.64,3.247,6.61,6.69
ref_01158,3.549,3.549,6.439,3.549,3.549,6.263,3.945,3.549,3.945,3.549,3.549,3.549,6.007,2.884,2.884,3.549,3.549,3.549,3.945,3.549,6.196,3.945,6.125,3.945,2.884,3.945,3.549,6.657,6.125,2.884,3.549,3.549,3.549,6.466,3.945,3.945,3.549,6.384,6.007
ref_01159,3.703,3.31,6.193,3.703,3.31,5.841,3.31,3.31,3.703,3.31,3.703,2.653,5.802,3.31,3.31,3.31,3.703,3.985,3.31,3.31,6.078,3.31,6.963,3.703,3.31,3.985,3.985,6.513,6.588,3.31,3.31,3.31,3.703,6.452,3.703,3.31,3.703,6.624,5.802
ref_01160,3.719,3.325,6.447,3.719,3.325,6.209,3.325,3.719,3.325,3.719,3.325,3.325,6.404,4.0,3.325,3.325,3.719,3.719,3.325,3.325,6.286,3.719,6.979,3.719,4.0,4.22,3.719,6.381,6.468,3.325,3.719,3.325,3.325,5.817,3.719,3.719,3.719,6.831,6.426
ref_01161,3.36,3.753,6.483,3.36,3.753,6.439,4.035,3.753,4.035,3.36,4.035,3.36,6.271,3.753,4.035,3.753,2.701,3.36,3.36,3.36,5.725,3.36,6.439,3.753,3.753,3.753,3.36,6.693,6.658,3.753,3.36,3.36,3.36,5.853,3.753,3.753,3.753,6.791,5.725
ref_01162,3.611,3.611,5.922,3.892,3.892,6.564,3.892,3.611,3.611,3.892,3.892,3.219,6.151,3.611,3.219,3.892,3.611,3.219,3.219,3.219,5.954,3.892,6.843,3.892,3.611,3.611,3.219,6.438,6.071,3.892,3.219,3.892,3.219,6.316,3.611,3.611,3.219,6.438,6.721
ref_01163,3.514,3.514,6.012,2.85,2.85,6.226,3.514,3.514,3.909,3.909,3.514,3.909,5.838,2.85,3.514,3.514,3.514,3.514,2.85,3.514,5.929,3.909,6.663,2.85,3.514,3.909,3.514,6.319,6.505,3.909,3.514,3.514,2.85,6.403,3.514,2.85,3.514,6.683,5.929
ref_01164,4.083,3.406,6.824,3.406,3.406,6.419,3.801,4.083,3.406,4.083,3.406,3.406,6.208,3.801,3.406,3.801,3.406,3.801,3.801,3.801,5.774,4.083,6.265,4.083,4.083,4.083,3.801,6.049,5.86,3.801,3.406,3.801,3.406,6.724,4.083,3.406,3.801,6.984,6.237
ref_01165,4.03,2.966,5.861,2.966,3.633,6.552,4.03,2.966,2.966,3.633,2.966,3.633,6.211,2.966,3.633,2.966,3.633,3.633,3.633,3.633,5.689,2.966,6.628,3.633,2.966,3.633,3.633,6.173,6.051,3.633,3.633,3.633,2.966,6.47,3.633,3.633,2.966,6.173,5.807
ref_01166,3.438,3.833,6.24,3.438,3.438,6.605,3.438,2.776,3.438,3.833,3.438,3.438,6.377,3.438,2.776,3.833,3.438,3.438,3.833,3.438,6.01,3.833,6.756,3.438,3.438,3.438,3.833,6.427,6.047,3.438,3.438,3.438,3.438,6.01,3.438,3.438,3.438,6.52,6.475
ref_01167,2.891,3.556,6.269,3.556,3.556,6.706,3.556,2.891,3.556,3.556,3.556,3.952,6.168,3.556,3.952,3.556,3.556,3.556,3.556,3.952,5.972,2.891,6.824,3.556,3.556,3.556,3.952,6.132,5.781,3.952,3.952,3.952,3.556,6.301,3.952,3.556,3.952,6.878,6.767
ref_01168,3.987,3.591,5.763,2.925,3.591,6.535,3.591,3.591,3.591,3.591,2.925,2.925,6.204,3.591,3.591,3.591,2.925,2.925,3.591,2.925,5.869,3.591,6.655,3.987,3.591,3.987,3.591,6.455,6.273,2.925,3.591,3.591,2.925,6.609,3.591,3.591,3.591,6.56,5.917
ref_01169,2.723,3.383,5.836,3.777,3.383,6.24,2.723,3.777,3.383,2.723,3.777,3.383,6.463,3.777,3.777,3.777,3.383,3.383,3.777,3.383,5.916,3.777,6.933,3.383,3.777,3.777,3.383,6.294,6.268,3.383,3.383,3.383,3.777,6.441,2.723,3.777,2.723,6.32,6.645
ref_01170,3.416,3.416,6.024,3.811,3.811,6.355,3.811,3.416,4.093,3.416,3.416,3.811,5.871,3.811,3.416,3.811,3.416,3.416,3.416,3.811,5.638,3.811,6.865,3.416,3.811,3.811,2.755,6.158,6.302,3.416,3.811,3.416,3.811,6.541,3.416,3.416,3.811,6.751,6.583
ref_01171,3.588,3.588,6.423,3.588,3.588,6.047,3.588,3.588,3.588,3.588,3.588,2.922,5.914,3.984,2.922,2.922,3.588,3.984,3.588,3.588,6.127,3.588,6.236,3.588,3.588,3.588,3.588,6.164,5.865,3.984,2.922,2.922,3.588,6.047,3.984,3.588,3.588,6.605,6.696
ref_01172,3.795,4.077,6.682,3.795,3.795,6.546,3.795,3.795,3.401,2.74,3.401,3.795,5.812,3.795,3.795,3.401,3.795,3.795,3.795,3.401,6.259,3.401,6.923,3.401,3.795,3.795,3.401,6.389,6.364,3.795,3.795,3.795,3.401,6.008,3.795,3.401,3.795,6.339,5.895
ref_01173,3.596,2.93,6.514,2.93,3.596,5.823,3.596,3.596,3.596,2.93,3.596,2.93,5.874,3.596,3.596,3.596,3.596,3.596,2.93,2.93,6.21,2.93,6.661,3.596,3.596,3.596,3.596,6.788,6.343,2.93,3.596,3.596,3.596,5.712,2.93,2.93,3.596,6.727,6.343
ref_01174,3.495,3.495,5.77,3.495,3.89,6.579,3.495,2.832,3.89,3.495,3.89,3.89,6.031,3.89,3.495,3.89,3.89,3.495,2.832,3.495,6.534,3.495,6.742,3.495,3.89,3.495,3.495,5.952,6.384,3.495,3.495,3.89,2.832,6.269,3.89,2.832,3.495,6.664,6.105
ref_01175,3.94,3.544,6.715,3.544,3.544,5.96,2.88,3.544,3.544,3.94,3.544,3.544,6.225,3.94,3.94,3.544,2.88,3.544,3.94,3.544,5.715,2.88,6.95,2.88,3.94,3.544,3.544,6.561,6.225,3.544,2.88,3.544,2.88,6.379,3.544,2.88,3.94,6.12,6.082
ref_01176,2.795,3.457,6.645,3.457,3.457,6.397,3.852,3.457,3.457,3.457,3.457,3.457,6.066,3.852,3.852,3.457,3.852,3.457,3.852,3.457,5.569,3.457,6.2,3.852,3.457,3.457,3.852,6.23,6.26,3.457,3.852,3.457,3.852,6.447,3.457,3.457,3.457,6.2,6.371
ref_01177,3.682,3.963,6.778,3.682,3.963,6.51,3.289,3.289,3.963,3.682,2.632,3.682,6.451,3.682,3.682,3.682,3.289,3.289,3.963,3.682,6.566,3.682,6.056,3.289,3.682,3.682,3.289,6.686,5.819,3.682,3.682,3.289,3.682,6.343,3.963,3.682,3.682,6.491,5.779
ref_01178,3.749,3.749,6.468,3.079,3.079,6.031,3.079,3.079,3.749,3.749,3.749,3.079,6.212,3.749,3.749,3.079,3.749,3.079,3.079,3.749,5.744,3.079,6.435,3.749,3.079,4.147,3.079,6.435,6.366,3.749,3.749,3.079,3.749,6.031,3.749,3.079,3.749,6.697,6.126
ref_01179,3.301,3.694,6.261,3.976,3.301,6.099,4.195,3.976,3.976,3.694,4.195,3.301,6.31,3.694,3.694,3.694,3.976,3.301,3.976,3.694,5.905,3.976,6.666,3.301,4.195,3.976,3.694,6.579,6.876,3.694,4.195,3.301,3.301,5.792,3.694,3.976,3.301,6.504,6.699
ref_01180,3.6,3.881,6.282,3.6,3.6,5.91,3.881,3.208,3.208,3.6,3.6,4.1,6.634,3.881,3.208,3.6,3.6,3.881,4.1,3.881,6.164,3.208,6.881,3.881,3.6,3.881,3.6,6.031,5.844,3.6,3.881,3.881,3.6,6.552,3.208,3.881,3.208,6.831,6.464
ref_01181,4.035,3.753,6.394,3.36,3.753,6.504,3.753,3.36,3.753,3.36,3.753,2.701,6.099,3.753,3.36,3.36,3.753,3.36,3.36,3.36,6.322,3.36,6.394,2.701,3.36,3.753,3.753,6.727,6.322,3.753,3.753,3.36,3.36,6.16,3.36,3.36,3.753,6.271,5.892
ref_01182,3.959,3.678,6.487,3.285,3.678,6.052,3.678,3.285,3.678,3.959,3.678,3.285,6.139,3.285,4.178,3.678,3.678,3.285,3.678,3.678,5.852,3.285,6.598,3.959,4.178,3.678,3.678,6.219,6.467,3.678,3.959,3.285,3.285,6.744,4.178,3.959,3.959,6.845,6.293
ref_01183,3.444,3.838,6.383,3.838,3.444,5.856,3.444,3.444,3.838,3.838,3.444,3.444,6.121,3.838,3.444,3.444,3.444,3.838,3.444,3.444,6.409,3.838,6.433,3.838,3.838,3.444,3.838,6.651,6.481,3.838,3.444,4.121,2.782,6.383,3.444,3.444,3.444,6.727,6.357
ref_01184,3.875,4.157,6.09,3.875,4.377,6.283,3.48,4.157,3.48,3.875,3.875,4.157,6.053,3.48,3.48,3.875,3.48,3.48,3.875,4.157,6.394,3.875,6.283,3.875,3.48,4.157,3.48,6.799,6.34,4.157,3.875,3.875,4.157,6.158,3.875,3.48,3.875,6.518,6.563
ref_01185,3.273,3.273,6.304,3.665,3.665,6.18,3.273,3.665,3.665,3.273,3.947,3.665,6.127,3.665,3.665,4.166,3.665,3.273,3.665,3.947,5.84,3.947,6.701,3.273,3.947,3.947,3.273,6.669,5.977,3.665,3.273,3.273,3.947,6.685,3.273,3.947,3.665,6.805,6.434
ref_01186,3.341,3.341,6.485,3.735,3.341,6.015,3.341,3.341,3.735,3.735,3.341,3.735,5.611,3.735,3.341,3.735,3.341,4.016,3.341,3.341,6.464,3.735,6.42,3.341,3.341,3.341,3.735,6.564,6.277,3.735,3.735,3.735,3.341,5.982,3.735,3.341,3.735,6.832,6.545
ref_01187,3.732,3.338,6.349,3.732,3.338,6.581,3.732,3.732,4.014,3.338,3.338,3.338,6.395,2.68,3.338,3.338,3.338,3.338,3.732,3.338,6.013,3.732,6.887,3.338,3.338,4.014,3.338,6.077,6.324,3.732,3.732,3.732,3.732,5.908,3.338,3.732,3.732,6.873,5.557
ref_01188,3.57,3.57,6.316,3.57,3.57,6.522,3.57,3.57,3.57,4.07,3.57,3.179,5.972,3.851,4.07,3.851,3.57,3.851,3.851,3.57,5.813,3.179,6.619,3.57,3.179,3.57,3.851,6.619,5.972,3.179,4.07,3.851,3.57,6.775,3.179,3.851,3.179,6.649,6.488
ref_01189,3.589,2.923,6.366,3.589,3.589,5.705,3.589,2.923,3.589,3.589,3.589,2.923,5.962,3.589,3.589,3.589,3.589,3.589,2.923,3.589,5.816,3.589,6.583,2.923,3.589,3.589,2.923,6.698,6.237,3.589,3.589,3.589,3.589,6.166,3.589,3.986,3.589,6.128,6.533
ref_01190,3.445,3.445,6.435,3.445,3.84,6.864,3.84,3.445,3.84,3.445,3.445,3.84,5.941,3.84,3.445,3.445,3.445,4.122,4.122,3.445,6.571,3.445,6.592,3.445,3.445,4.122,4.122,6.248,5.858,3.84,3.84,3.84,3.84,5.98,3.84,3.445,2.783,6.653,6.691
ref_01191,2.833,3.497,5.72,3.497,3.892,6.412,3.497,2.833,3.497,3.497,3.497,3.892,6.301,3.497,3.497,3.497,3.497,3.497,3.497,2.833,5.953,2.833,6.851,2.833,3.892,3.497,3.497,6.463,6.512,2.833,2.833,3.497,3.497,6.107,3.892,2.833,3.497,6.666,5.82
ref_01192,3.71,3.71,5.767,3.041,3.71,6.129,3.71,3.71,3.041,3.041,3.041,3.71,6.039,3.71,3.041,3.71,3.71,3.041,3.71,3.041,5.99,3.71,6.777,3.71,3.041,3.71,3.71,6.427,5.939,3.71,3.71,3.71,3.71,6.52,3.041,3.041,3.041,6.49,6.459
ref_01193,3.358,3.358,6.066,3.358,3.752,5.891,3.358,3.358,3.752,3.358,3.358,4.034,5.999,3.358,3.752,3.358,3.752,3.752,3.358,3.358,5.467,3.358,6.725,3.752,3.358,3.752,3.358,6.345,6.295,3.358,3.752,3.358,3.358,6.656,3.752,3.358,2.699,6.987,6.502
ref_01194,3.574,3.574,5.851,3.574,3.574,5.851,3.574,3.97,2.909,3.574,3.574,2.909,5.946,3.97,2.909,2.909,3.574,3.574,3.574,3.574,6.033,2.909,6.381,3.97,3.574,3.574,3.574,6.592,6.351,2.909,3.574,3.574,3.574,6.15,3.97,3.574,3.97,6.033,6.438
ref_01195,2.978,3.646,5.925,2.978,3.646,6.424,2.978,2.978,3.646,3.646,2.978,3.646,6.106,2.978,3.646,2.978,3.646,3.646,3.646,3.646,5.638,2.978,6.539,3.646,3.646,2.978,3.646,6.424,5.638,3.646,3.646,3.646,2.978,6.539,3.646,2.978,2.978,6.839,6.26
ref_01196,3.598,3.598,6.345,2.932,2.932,5.824,3.598,3.598,3.598,3.598,3.994,3.598,5.876,3.598,3.598,3.598,3.598,3.598,3.598,2.932,6.015,3.598,6.728,3.598,2.932,3.994,3.994,6.211,6.434,3.598,2.932,3.994,3.994,6.015,3.598,2.932,2.932,6.462,6.015
ref_01197,2.963,3.63,6.377,4.026,4.026,6.624,4.026,3.63,3.63,2.963,3.63,2.963,6.047,2.963,3.63,3.63,3.63,3.63,2.963,2.963,6.047,3.63,6.672,3.63,3.63,3.63,2.963,6.377,5.857,3.63,3.63,2.963,3.63,6.438,3.63,3.63,2.963,6.131,6.522
ref_01198,3.736,3.342,5.983,3.342,3.342,6.112,4.018,3.342,3.736,4.018,3.736,3.736,5.874,3.736,3.736,3.342,3.342,3.736,3.342,4.018,6.376,3.342,6.834,3.736,3.736,3.736,4.018,6.604,6.142,3.342,3.342,3.736,3.736,6.566,3.736,4.018,4.237,6.918,5.835
ref_01199,3.478,2.815,6.687,3.478,3.478,5.975,2.815,3.478,3.873,3.478,3.478,3.478,6.252,2.815,3.478,3.478,3.478,3.478,3.873,3.873,6.157,3.478,6.282,3.873,3.873,2.815,3.478,6.19,6.282,3.873,3.478,3.873,3.478,6.539,3.873,3.478,3.478,6.493,6.539
